relative_path,source_seconds,separator_start,separator_end,output_seconds_target,source_bytes,output_bytes,status
a/abandon.mp3,2.820000,0.804853,1.921723,0.904853,11511,3988,silence_separator
a/ability.mp3,2.820000,0.783764,1.935828,0.883764,11511,3883,silence_separator
a/able.mp3,2.300000,0.528027,1.679909,0.628027,9421,2838,silence_separator
a/abnormal.mp3,2.770000,0.763810,1.916508,0.863810,11302,3779,silence_separator
a/aboard.mp3,2.510000,0.647166,1.756372,0.747166,10257,3361,silence_separator
a/abolish.mp3,2.870000,0.816100,1.928662,0.916100,11720,3988,silence_separator
a/about.mp3,2.510000,0.643673,1.748889,0.743673,10257,3361,silence_separator
a/above.mp3,2.480000,0.635737,1.737732,0.735737,10152,3361,silence_separator
a/abroad.mp3,2.610000,0.699456,1.829841,0.799456,10675,3570,silence_separator
a/abrupt.mp3,2.560000,0.667619,1.802449,0.767619,10466,3465,silence_separator
a/absence.mp3,2.820000,0.796236,1.930068,0.896236,11511,3988,silence_separator
a/absent.mp3,2.590000,0.685714,1.802041,0.785714,10570,3465,silence_separator
a/absolute.mp3,2.900000,0.846168,1.958458,0.946168,11824,4197,silence_separator
a/absolutely.mp3,3.190000,0.972381,2.125034,1.072381,12974,4615,silence_separator
a/absorb.mp3,2.480000,0.658776,1.722177,0.758776,10152,3361,silence_separator
a/abstract.mp3,2.900000,0.843764,1.973197,0.943764,11824,4197,silence_separator
a/absurd.mp3,2.560000,0.669433,1.779955,0.769433,10466,3465,silence_separator
a/abundance.mp3,3.030000,0.895238,2.027710,0.995238,12347,4406,silence_separator
a/abundant.mp3,2.850000,0.803764,1.927075,0.903764,11616,3988,silence_separator
a/abuse.mp3,2.690000,0.738639,1.862041,0.838639,10988,3779,silence_separator
a/academic.mp3,3.080000,0.937279,2.062358,1.037279,12556,4510,silence_separator
a/academy.mp3,2.980000,0.867937,2.008073,0.967937,12138,4197,silence_separator
a/accelerate.mp3,3.210000,1.001633,2.129388,1.101633,13078,4823,silence_separator
a/acceleration.mp3,3.550000,1.160000,2.284580,1.260000,14437,5451,silence_separator
a/accent.mp3,2.740000,0.765125,1.887800,0.865125,11197,3883,silence_separator
a/accept.mp3,2.740000,0.761179,1.896961,0.861179,11197,3779,silence_separator
a/acceptable.mp3,3.130000,0.938912,2.095782,1.038912,12765,4510,silence_separator
a/acceptance.mp3,3.270000,1.019002,2.159683,1.119002,13287,4823,silence_separator
a/access.mp3,2.950000,0.862540,1.992925,0.962540,12033,4197,silence_separator
a/accessory.mp3,3.080000,0.912971,2.057687,1.012971,12556,4406,silence_separator
a/accident.mp3,2.930000,0.849615,1.979229,0.949615,11929,4197,silence_separator
a/accidental.mp3,3.240000,0.987937,2.156145,1.087937,13183,4719,silence_separator
a/accommodate.mp3,3.190000,0.978005,2.120952,1.078005,12974,4719,silence_separator
a/accommodation.mp3,3.550000,1.161224,2.280816,1.261224,14437,5451,silence_separator
a/accompany.mp3,2.930000,0.838685,1.994014,0.938685,11929,4093,silence_separator
a/accomplish.mp3,3.130000,0.959138,2.069206,1.059138,12765,4615,silence_separator
a/accord.mp3,2.530000,0.664943,1.771610,0.764943,10361,3465,silence_separator
a/accordance.mp3,3.000000,0.893651,2.025805,0.993651,12242,4301,silence_separator
a/accordingly.mp3,3.190000,0.980862,2.133152,1.080862,12974,4719,silence_separator
a/account.mp3,2.640000,0.721678,1.828707,0.821678,10779,3674,silence_separator
a/accumulate.mp3,3.320000,1.040363,2.166259,1.140363,13497,4928,silence_separator
a/accuracy.mp3,3.110000,0.936599,2.080227,1.036599,12660,4510,silence_separator
a/accurate.mp3,2.800000,0.796054,1.916961,0.896054,11406,3988,silence_separator
a/accuse.mp3,2.800000,0.785397,1.903946,0.885397,11406,3883,silence_separator
a/accustom.mp3,2.950000,0.857642,1.991882,0.957642,12034,4197,silence_separator
a/accustomed.mp3,2.930000,0.839002,1.980227,0.939002,11929,4093,silence_separator
a/ache.mp3,2.270000,0.513560,1.636145,0.613560,9317,2839,silence_separator
a/achieve.mp3,2.720000,0.757551,1.856735,0.857551,11093,3779,silence_separator
a/achievement.mp3,3.060000,0.902268,2.031973,1.002268,12452,4406,silence_separator
a/acid.mp3,2.430000,0.609252,1.724308,0.709252,9943,3256,silence_separator
a/acknowledge.mp3,3.130000,0.970612,2.079365,1.070612,12765,4615,silence_separator
a/acquaint.mp3,2.770000,0.772880,1.894603,0.872880,11302,3883,silence_separator
a/acquaintance.mp3,3.210000,0.983129,2.121542,1.083129,13079,4719,silence_separator
a/acquire.mp3,2.800000,0.776916,1.927211,0.876916,11406,3883,silence_separator
a/acquisition.mp3,3.130000,0.966621,2.081723,1.066621,12765,4615,silence_separator
a/acre.mp3,2.320000,0.558866,1.671655,0.658866,9526,3047,silence_separator
a/across.mp3,2.800000,0.792290,1.922766,0.892290,11406,3988,silence_separator
a/act.mp3,2.250000,0.511701,1.637188,0.611701,9213,2839,silence_separator
a/action.mp3,2.610000,0.702676,1.811020,0.802676,10675,3570,silence_separator
a/activate.mp3,2.900000,0.831111,1.965215,0.931111,11824,4092,silence_separator
a/active.mp3,2.590000,0.697460,1.799138,0.797460,10570,3570,silence_separator
a/activity.mp3,2.980000,0.866168,2.007891,0.966168,12138,4197,silence_separator
a/actor.mp3,2.530000,0.646848,1.784036,0.746848,10361,3361,silence_separator
a/actress.mp3,2.820000,0.808073,1.931837,0.908073,11511,3988,silence_separator
a/actual.mp3,2.660000,0.709342,1.854422,0.809342,10884,3570,silence_separator
a/actually.mp3,2.800000,0.780227,1.932245,0.880227,11406,3883,silence_separator
a/acute.mp3,2.660000,0.733832,1.850340,0.833832,10884,3674,silence_separator
a/ad.mp3,2.170000,0.484354,1.597778,0.584354,8899,2734,silence_separator
a/adapt.mp3,2.590000,0.685533,1.808571,0.785533,10570,3465,silence_separator
a/add.mp3,2.170000,0.484354,1.597778,0.584354,8899,2734,silence_separator
a/addition.mp3,2.740000,0.768118,1.873288,0.868118,11197,3883,silence_separator
a/additional.mp3,2.950000,0.851746,2.009116,0.951746,12033,4197,silence_separator
a/address.mp3,2.870000,0.815102,1.951927,0.915102,11720,3988,silence_separator
a/adequate.mp3,2.870000,0.827755,1.951338,0.927755,11720,4092,silence_separator
a/adhere.mp3,2.510000,0.635329,1.772517,0.735329,10257,3361,silence_separator
a/adjacent.mp3,2.980000,0.890476,2.009660,0.990476,12138,4301,silence_separator
a/adjective.mp3,2.980000,0.880952,1.994512,0.980952,12138,4301,silence_separator
a/adjoin.mp3,2.640000,0.716463,1.832744,0.816463,10779,3674,silence_separator
a/adjust.mp3,2.660000,0.724626,1.852200,0.824626,10884,3674,silence_separator
a/administer.mp3,3.160000,0.954376,2.111837,1.054376,12869,4615,silence_separator
a/administration.mp3,3.550000,1.172245,2.285578,1.272245,14437,5450,silence_separator
a/admire.mp3,2.800000,0.776190,1.925578,0.876190,11406,3883,silence_separator
a/admission.mp3,2.820000,0.814195,1.921361,0.914195,11511,3988,silence_separator
a/admit.mp3,2.590000,0.696190,1.819002,0.796190,10570,3570,silence_separator
a/adolescent.mp3,3.130000,0.960136,2.084082,1.060136,12765,4615,silence_separator
a/adopt.mp3,2.590000,0.683311,1.816372,0.783311,10570,3465,silence_separator
a/adult.mp3,2.590000,0.688662,1.799410,0.788662,10570,3570,silence_separator
a/advance.mp3,2.850000,0.810703,1.949751,0.910703,11615,3988,silence_separator
a/advanced.mp3,2.900000,0.834921,1.964717,0.934921,11824,4092,silence_separator
a/advantage.mp3,3.190000,0.984989,2.113560,1.084989,12974,4719,silence_separator
a/advent.mp3,2.660000,0.718050,1.845442,0.818050,10884,3674,silence_separator
a/adventure.mp3,2.900000,0.820590,1.978957,0.920590,11824,4092,silence_separator
a/adverb.mp3,2.380000,0.615147,1.678095,0.715147,9735,3256,silence_separator
a/adverse.mp3,2.770000,0.781723,1.904671,0.881723,11302,3883,silence_separator
a/advertise.mp3,3.270000,1.008571,2.155601,1.108571,13287,4823,silence_separator
a/advertisement.mp3,3.470000,1.130295,2.261406,1.230295,14123,5346,silence_separator
a/advice.mp3,2.740000,0.761361,1.904717,0.861361,11197,3779,silence_separator
a/advisable.mp3,3.110000,0.928345,2.086531,1.028345,12660,4510,silence_separator
a/advise.mp3,2.850000,0.809615,1.938957,0.909615,11615,3988,silence_separator
a/advocate.mp3,2.950000,0.861769,1.992971,0.961769,12033,4197,silence_separator
a/aerial.mp3,2.530000,0.626259,1.798549,0.726259,10362,3257,silence_separator
a/aero.mp3,2.400000,0.590385,1.727166,0.690385,9839,3152,silence_separator
a/aeroplane.mp3,2.900000,0.857007,1.965306,0.957007,11824,4197,silence_separator
a/aesthetic.mp3,2.900000,0.835692,1.964308,0.935692,11824,4092,silence_separator
a/affair.mp3,2.610000,0.699592,1.829751,0.799592,10675,3570,silence_separator
a/affect.mp3,2.740000,0.762993,1.894649,0.862993,11197,3779,silence_separator
a/affection.mp3,2.980000,0.878322,2.001406,0.978322,12138,4302,silence_separator
a/affiliate.mp3,3.030000,0.882313,2.018322,0.982313,12347,4302,silence_separator
a/affirm.mp3,2.560000,0.678005,1.786939,0.778005,10466,3465,silence_separator
a/afflict.mp3,2.740000,0.766440,1.892109,0.866440,11197,3883,silence_separator
a/afford.mp3,2.590000,0.687891,1.800952,0.787891,10570,3570,silence_separator
a/afraid.mp3,2.610000,0.693968,1.821769,0.793968,10675,3570,silence_separator
a/africa.mp3,2.740000,0.761451,1.888118,0.861451,11197,3779,silence_separator
a/african.mp3,2.770000,0.787664,1.903810,0.887664,11302,3883,silence_separator
a/after.mp3,2.510000,0.634649,1.774059,0.734649,10257,3361,silence_separator
a/afternoon.mp3,2.930000,0.860272,1.978957,0.960272,11929,4197,silence_separator
a/afterward.mp3,2.740000,0.755918,1.906757,0.855918,11197,3779,silence_separator
a/again.mp3,2.480000,0.644898,1.745351,0.744898,10152,3361,silence_separator
a/against.mp3,2.770000,0.775283,1.905533,0.875283,11302,3883,silence_separator
a/age.mp3,2.460000,0.623447,1.731837,0.723447,10048,3256,silence_separator
a/agency.mp3,2.900000,0.832154,1.981134,0.932154,11824,4092,silence_separator
a/agenda.mp3,2.740000,0.764308,1.895329,0.864308,11197,3883,silence_separator
a/agent.mp3,2.610000,0.700544,1.817506,0.800544,10675,3570,silence_separator
a/aggravate.mp3,2.820000,0.794830,1.930658,0.894830,11511,3988,silence_separator
a/aggressive.mp3,3.000000,0.899546,2.009705,0.999546,12242,4406,silence_separator
a/agitation.mp3,3.270000,1.028209,2.138866,1.128209,13287,4928,silence_separator
a/ago.mp3,2.350000,0.569615,1.690522,0.669615,9630,3047,silence_separator
a/agony.mp3,2.560000,0.654512,1.801224,0.754512,10466,3361,silence_separator
a/agree.mp3,2.530000,0.649342,1.776780,0.749342,10361,3361,silence_separator
a/agreeable.mp3,2.930000,0.832517,1.996281,0.932517,11929,4092,silence_separator
a/agreement.mp3,2.930000,0.853560,1.982041,0.953560,11929,4197,silence_separator
a/agriculture.mp3,3.270000,1.002404,2.158186,1.102404,13287,4823,silence_separator
a/ahead.mp3,2.400000,0.579048,1.710476,0.679048,9839,3048,silence_separator
a/ai.mp3,2.170000,0.494558,1.599456,0.594558,8899,2734,silence_separator
a/aid.mp3,2.170000,0.485669,1.594331,0.585669,8899,2734,silence_separator
a/aim.mp3,2.140000,0.471111,1.569615,0.571111,8794,2629,silence_separator
a/air.mp3,2.220000,0.498821,1.626893,0.598821,9108,2734,silence_separator
a/aircraft.mp3,2.820000,0.803946,1.933107,0.903946,11511,3988,silence_separator
a/airline.mp3,2.660000,0.719456,1.848118,0.819456,10884,3674,silence_separator
a/airplane.mp3,2.740000,0.765850,1.868707,0.865850,11197,3883,silence_separator
a/airport.mp3,2.740000,0.772653,1.888027,0.872653,11197,3883,silence_separator
a/alarm.mp3,2.530000,0.668345,1.775782,0.768345,10361,3465,silence_separator
a/alcohol.mp3,2.720000,0.747302,1.884671,0.847302,11093,3779,silence_separator
a/alert.mp3,2.530000,0.657959,1.774150,0.757959,10361,3361,silence_separator
a/alien.mp3,2.610000,0.695193,1.821224,0.795193,10675,3570,silence_separator
a/alike.mp3,2.560000,0.663946,1.816372,0.763946,10466,3465,silence_separator
a/alive.mp3,2.720000,0.734376,1.855147,0.834376,11093,3675,silence_separator
a/all.mp3,2.170000,0.452018,1.600816,0.552018,8899,2630,silence_separator
a/allege.mp3,2.770000,0.783946,1.910612,0.883946,11302,3883,silence_separator
a/alleviate.mp3,2.950000,0.851655,1.988209,0.951655,12034,4197,silence_separator
a/alliance.mp3,2.950000,0.866848,2.000000,0.966848,12033,4197,silence_separator
a/allocate.mp3,2.950000,0.857007,1.993197,0.957007,12033,4197,silence_separator
a/allow.mp3,2.480000,0.639683,1.757642,0.739683,10152,3361,silence_separator
a/allowance.mp3,2.900000,0.841043,1.967120,0.941043,11824,4092,silence_separator
a/alloy.mp3,2.530000,0.660816,1.773696,0.760816,10361,3465,silence_separator
a/ally.mp3,2.430000,0.603628,1.729932,0.703628,9943,3152,silence_separator
a/almost.mp3,2.690000,0.732245,1.868844,0.832245,10988,3674,silence_separator
a/alone.mp3,2.590000,0.692744,1.806848,0.792744,10570,3570,silence_separator
a/along.mp3,2.610000,0.690658,1.808209,0.790658,10675,3570,silence_separator
a/alongside.mp3,3.160000,0.971474,2.117914,1.071474,12869,4615,silence_separator
a/aloud.mp3,2.610000,0.704354,1.833560,0.804354,10675,3570,silence_separator
a/alphabet.mp3,2.850000,0.813333,1.948934,0.913333,11615,3988,silence_separator
a/already.mp3,2.610000,0.679637,1.839683,0.779637,10675,3465,silence_separator
a/also.mp3,2.640000,0.694240,1.843039,0.794240,10780,3570,silence_separator
a/alter.mp3,2.480000,0.616009,1.774558,0.716009,10152,3256,silence_separator
a/alternate.mp3,2.850000,0.813061,1.940272,0.913061,11615,3988,silence_separator
a/alternative.mp3,3.240000,1.004036,2.120590,1.104036,13183,4824,silence_separator
a/although.mp3,2.530000,0.654467,1.794376,0.754467,10361,3361,silence_separator
a/altitude.mp3,2.930000,0.851066,1.972971,0.951066,11929,4197,silence_separator
a/altogether.mp3,3.030000,0.878639,2.049206,0.978639,12347,4302,silence_separator
a/aluminium.mp3,3.160000,0.966893,2.095782,1.066893,12869,4615,silence_separator
a/always.mp3,2.850000,0.789841,1.935873,0.889841,11616,3884,silence_separator
a/amateur.mp3,2.820000,0.797370,1.937687,0.897370,11511,3988,silence_separator
a/amaze.mp3,2.690000,0.736508,1.859909,0.836508,10988,3674,silence_separator
a/ambassador.mp3,3.060000,0.898186,2.052925,0.998186,12451,4406,silence_separator
a/ambiguous.mp3,3.160000,0.952880,2.095193,1.052880,12870,4615,silence_separator
a/ambition.mp3,2.850000,0.810295,1.931066,0.910295,11616,3988,silence_separator
a/ambitious.mp3,3.060000,0.908299,2.049932,1.008299,12452,4406,silence_separator
a/ambulance.mp3,3.060000,0.916190,2.051746,1.016190,12451,4406,silence_separator
a/amend.mp3,2.560000,0.656825,1.800907,0.756825,10466,3361,silence_separator
a/amends.mp3,2.720000,0.754059,1.882630,0.854059,11093,3779,silence_separator
a/america.mp3,2.950000,0.868435,2.001995,0.968435,12033,4197,silence_separator
a/american.mp3,2.980000,0.878277,2.002812,0.978277,12138,4301,silence_separator
a/among.mp3,2.510000,0.652653,1.773288,0.752653,10257,3361,silence_separator
a/amongst.mp3,2.660000,0.734195,1.860363,0.834195,10884,3674,silence_separator
a/amount.mp3,2.590000,0.693197,1.802540,0.793197,10570,3570,silence_separator
a/ampere.mp3,2.660000,0.717370,1.864444,0.817370,10884,3674,silence_separator
a/ample.mp3,2.400000,0.574195,1.725215,0.674195,9839,3047,silence_separator
a/amplify.mp3,2.930000,0.861814,1.979546,0.961814,11929,4197,silence_separator
a/amuse.mp3,2.720000,0.751383,1.877596,0.851383,11093,3779,silence_separator
a/analogy.mp3,3.080000,0.916689,2.068027,1.016689,12556,4406,silence_separator
a/analyse.mp3,3.000000,0.874059,2.021859,0.974059,12243,4302,silence_separator
a/analysis.mp3,3.370000,1.072200,2.217959,1.172200,13705,5032,silence_separator
a/analytic.mp3,3.000000,0.868617,2.023401,0.968617,12243,4197,silence_separator
a/analytical.mp3,3.110000,0.912834,2.084535,1.012834,12661,4406,silence_separator
a/ancestor.mp3,3.030000,0.881905,2.034150,0.981905,12347,4302,silence_separator
a/anchor.mp3,2.460000,0.594649,1.738639,0.694649,10048,3152,silence_separator
a/ancient.mp3,2.690000,0.741224,1.858413,0.841224,10988,3779,silence_separator
a/and.mp3,2.190000,0.487302,1.616281,0.587302,9003,2734,silence_separator
a/angel.mp3,2.560000,0.656009,1.820045,0.756009,10466,3361,silence_separator
a/anger.mp3,2.400000,0.576553,1.721134,0.676553,9839,3048,silence_separator
a/angle.mp3,2.460000,0.580091,1.750794,0.680091,10048,3048,silence_separator
a/angry.mp3,2.530000,0.631383,1.782494,0.731383,10362,3257,silence_separator
a/animal.mp3,2.530000,0.636190,1.794739,0.736190,10362,3361,silence_separator
a/ankle.mp3,2.480000,0.596961,1.770159,0.696961,10153,3152,silence_separator
a/anniversary.mp3,3.190000,0.957642,2.113288,1.057642,12974,4615,silence_separator
a/announce.mp3,2.690000,0.736961,1.865215,0.836961,10988,3674,silence_separator
a/announcer.mp3,2.850000,0.808073,1.951338,0.908073,11615,3988,silence_separator
a/annoy.mp3,2.480000,0.639637,1.746304,0.739637,10152,3361,silence_separator
a/annual.mp3,2.560000,0.641270,1.798594,0.741270,10466,3361,silence_separator
a/anonymous.mp3,3.110000,0.922222,2.068481,1.022222,12661,4511,silence_separator
a/another.mp3,2.610000,0.682358,1.835147,0.782358,10675,3465,silence_separator
a/answer.mp3,2.530000,0.648889,1.788526,0.748889,10361,3361,silence_separator
a/ant.mp3,2.300000,0.543810,1.656780,0.643810,9421,2943,silence_separator
a/antarctic.mp3,3.160000,0.950658,2.095011,1.050658,12870,4615,silence_separator
a/anticipate.mp3,3.270000,0.995011,2.133469,1.095011,13288,4719,silence_separator
a/antique.mp3,2.740000,0.728526,1.887392,0.828526,11198,3675,silence_separator
a/anxiety.mp3,3.030000,0.876281,2.049025,0.976281,12347,4302,silence_separator
a/anxious.mp3,2.870000,0.809206,1.938594,0.909206,11720,3988,silence_separator
a/any.mp3,2.250000,0.497052,1.641542,0.597052,9212,2734,silence_separator
a/anybody.mp3,2.820000,0.776463,1.936599,0.876463,11511,3884,silence_separator
a/anyhow.mp3,2.690000,0.725896,1.868617,0.825896,10988,3674,silence_separator
a/anyone.mp3,2.770000,0.773605,1.902993,0.873605,11302,3883,silence_separator
a/anything.mp3,2.770000,0.786984,1.904989,0.886984,11302,3883,silence_separator
a/anyway.mp3,2.590000,0.677551,1.818322,0.777551,10571,3466,silence_separator
a/anywhere.mp3,2.740000,0.740272,1.878095,0.840272,11198,3779,silence_separator
a/apart.mp3,2.690000,0.737234,1.865170,0.837234,10988,3674,silence_separator
a/apartment.mp3,2.950000,0.859229,1.984943,0.959229,12034,4197,silence_separator
a/apologize.mp3,3.500000,1.136825,2.275011,1.236825,14228,5346,silence_separator
a/apology.mp3,3.160000,0.956009,2.118594,1.056009,12869,4615,silence_separator
a/apparatus.mp3,3.190000,0.970113,2.112789,1.070113,12974,4615,silence_separator
a/apparent.mp3,2.820000,0.793152,1.914014,0.893152,11511,3988,silence_separator
a/appeal.mp3,2.610000,0.690975,1.835193,0.790975,10675,3570,silence_separator
a/appear.mp3,2.530000,0.652063,1.791655,0.752063,10361,3361,silence_separator
a/appearance.mp3,2.980000,0.864354,2.001859,0.964354,12138,4197,silence_separator
a/appendix.mp3,3.130000,0.938685,2.076825,1.038685,12765,4511,silence_separator
a/appetite.mp3,3.000000,0.884853,2.021678,0.984853,12242,4301,silence_separator
a/applaud.mp3,2.740000,0.758549,1.896644,0.858549,11197,3779,silence_separator
a/apple.mp3,2.380000,0.559819,1.704853,0.659819,9735,3047,silence_separator
a/appliance.mp3,3.080000,0.938095,2.069751,1.038095,12556,4510,silence_separator
a/applicable.mp3,3.000000,0.880907,2.036372,0.980907,12242,4301,silence_separator
a/application.mp3,3.290000,1.038458,2.154059,1.138458,13392,4928,silence_separator
a/apply.mp3,2.690000,0.739683,1.861859,0.839683,10988,3779,silence_separator
a/appoint.mp3,2.770000,0.770023,1.897007,0.870023,11302,3883,silence_separator
a/appointment.mp3,3.130000,0.967574,2.088435,1.067574,12765,4615,silence_separator
a/appraisal.mp3,2.900000,0.806259,1.973515,0.906259,11825,3988,silence_separator
a/appreciable.mp3,3.290000,1.020907,2.174921,1.120907,13392,4823,silence_separator
a/appreciate.mp3,3.110000,0.951655,2.085079,1.051655,12660,4615,silence_separator
a/apprehension.mp3,3.270000,1.021088,2.142630,1.121088,13287,4823,silence_separator
a/approach.mp3,2.660000,0.734921,1.848798,0.834921,10884,3674,silence_separator
a/appropriate.mp3,3.110000,0.934649,2.064535,1.034649,12660,4510,silence_separator
a/approval.mp3,2.800000,0.779320,1.940227,0.879320,11406,3883,silence_separator
a/approve.mp3,2.690000,0.739138,1.859184,0.839138,10988,3779,silence_separator
a/approximate.mp3,3.210000,1.002358,2.129297,1.102358,13078,4823,silence_separator
a/approximately.mp3,3.470000,1.104943,2.270884,1.204943,14124,5242,silence_separator
a/april.mp3,2.460000,0.610431,1.751429,0.710431,10048,3256,silence_separator
a/apt.mp3,1.570000,0.793197,0.793197,0.793197,6496,3570,energy_valley
a/arabian.mp3,2.850000,0.821134,1.937415,0.921134,11615,4092,silence_separator
a/arbitrary.mp3,3.080000,0.922222,2.061315,1.022222,12556,4510,silence_separator
a/arc.mp3,0.990000,0.269025,0.341451,0.305238,4197,1584,silence_separator
a/arch.mp3,1.070000,0.648844,0.718186,0.683515,4511,3152,silence_separator
a/architect.mp3,3.060000,0.923492,2.053333,1.023492,12451,4510,silence_separator
a/architecture.mp3,3.320000,1.046440,2.188254,1.146440,13496,4928,silence_separator
a/arctic.mp3,2.720000,0.739501,1.869206,0.839501,11093,3779,silence_separator
a/area.mp3,2.590000,0.682086,1.828118,0.782086,10570,3465,silence_separator
a/argue.mp3,2.560000,0.670159,1.799546,0.770159,10466,3465,silence_separator
a/argument.mp3,2.900000,0.839864,1.964717,0.939864,11824,4092,silence_separator
a/arise.mp3,2.720000,0.740998,1.869660,0.840998,11093,3779,silence_separator
a/arithmetic.mp3,3.290000,1.027120,2.165941,1.127120,13392,4928,silence_separator
a/arm.mp3,2.220000,0.514512,1.616100,0.614512,9108,2838,silence_separator
a/army.mp3,2.400000,0.583537,1.721859,0.683537,9839,3152,silence_separator
a/around.mp3,2.480000,0.622993,1.756553,0.722993,10152,3256,silence_separator
a/arouse.mp3,2.610000,0.709433,1.816417,0.809433,10675,3570,silence_separator
a/arrange.mp3,2.640000,0.715692,1.827029,0.815692,10779,3674,silence_separator
a/arrangement.mp3,3.130000,0.959909,2.079048,1.059909,12765,4615,silence_separator
a/array.mp3,2.320000,0.565714,1.673605,0.665714,9526,3047,silence_separator
a/arrest.mp3,2.590000,0.667347,1.801905,0.767347,10570,3465,silence_separator
a/arrival.mp3,2.720000,0.721542,1.889569,0.821542,11093,3674,silence_separator
a/arrive.mp3,2.610000,0.707619,1.809388,0.807619,10675,3570,silence_separator
a/arrow.mp3,2.400000,0.590249,1.728934,0.690249,9839,3152,silence_separator
a/art.mp3,2.220000,0.505986,1.626757,0.605986,9108,2838,silence_separator
a/article.mp3,2.640000,0.696417,1.860000,0.796417,10779,3570,silence_separator
a/articulate.mp3,3.270000,1.024989,2.160408,1.124989,13287,4823,silence_separator
a/artificial.mp3,3.000000,0.865215,2.031247,0.965215,12243,4197,silence_separator
a/artist.mp3,2.690000,0.738866,1.860227,0.838866,10988,3779,silence_separator
a/artistic.mp3,3.110000,0.946531,2.069569,1.046531,12660,4510,silence_separator
a/as.mp3,2.190000,0.496145,1.591020,0.596145,9004,2734,silence_separator
a/ascend.mp3,2.640000,0.710249,1.848798,0.810249,10779,3570,silence_separator
a/ascertain.mp3,3.060000,0.923855,2.035238,1.023855,12451,4510,silence_separator
a/ascribe.mp3,2.590000,0.708027,1.795420,0.808027,10570,3570,silence_separator
a/ash.mp3,2.250000,0.518367,1.629977,0.618367,9212,2838,silence_separator
a/ashamed.mp3,2.560000,0.676190,1.801633,0.776190,10466,3465,silence_separator
a/asia.mp3,2.430000,0.605714,1.746803,0.705714,9943,3152,silence_separator
a/asian.mp3,2.480000,0.617098,1.737778,0.717098,10153,3257,silence_separator
a/aside.mp3,2.610000,0.699184,1.826667,0.799184,10675,3570,silence_separator
a/ask.mp3,2.220000,0.505533,1.620091,0.605533,9108,2839,silence_separator
a/asleep.mp3,2.560000,0.669025,1.799728,0.769025,10466,3465,silence_separator
a/aspect.mp3,2.800000,0.780045,1.923311,0.880045,11406,3883,silence_separator
a/assault.mp3,2.720000,0.741270,1.875918,0.841270,11093,3779,silence_separator
a/assemble.mp3,2.800000,0.766893,1.938005,0.866893,11406,3883,silence_separator
a/assembly.mp3,2.900000,0.818277,1.983946,0.918277,11824,4092,silence_separator
a/assert.mp3,2.590000,0.686395,1.801406,0.786395,10570,3570,silence_separator
a/assess.mp3,2.850000,0.792426,1.927528,0.892426,11616,3988,silence_separator
a/asset.mp3,2.720000,0.753968,1.878413,0.853968,11093,3779,silence_separator
a/assign.mp3,2.640000,0.718458,1.826168,0.818458,10779,3674,silence_separator
a/assignment.mp3,3.000000,0.872472,1.999909,0.972472,12243,4302,silence_separator
a/assimilate.mp3,3.110000,0.932472,2.060952,1.032472,12661,4511,silence_separator
a/assist.mp3,2.800000,0.792880,1.924853,0.892880,11406,3988,silence_separator
a/assistant.mp3,3.030000,0.903537,2.025351,1.003537,12347,4406,silence_separator
a/associate.mp3,3.130000,0.945578,2.076417,1.045578,12765,4511,silence_separator
a/association.mp3,3.530000,1.153878,2.273968,1.253878,14332,5346,silence_separator
a/assume.mp3,2.560000,0.671066,1.787710,0.771066,10466,3465,silence_separator
a/assumption.mp3,2.950000,0.860091,1.984717,0.960091,12034,4197,silence_separator
a/assurance.mp3,3.000000,0.890930,2.028798,0.990930,12242,4301,silence_separator
a/assure.mp3,2.560000,0.659456,1.803084,0.759456,10466,3361,silence_separator
a/astonish.mp3,3.080000,0.926304,2.052608,1.026304,12556,4511,silence_separator
a/astronaut.mp3,2.950000,0.873696,1.991927,0.973696,12033,4301,silence_separator
a/astronomy.mp3,3.080000,0.906531,2.067664,1.006531,12556,4406,silence_separator
a/at.mp3,2.270000,0.528980,1.654512,0.628980,9317,2838,silence_separator
a/athlete.mp3,2.690000,0.744399,1.857914,0.844399,10988,3779,silence_separator
a/atlantic.mp3,3.110000,0.928844,2.086757,1.028844,12660,4510,silence_separator
a/atmosphere.mp3,3.000000,0.888662,2.036463,0.988662,12242,4301,silence_separator
a/atmospheric.mp3,3.320000,1.052517,2.188299,1.152517,13496,5032,silence_separator
a/atom.mp3,2.300000,0.544989,1.666349,0.644989,9421,2943,silence_separator
a/atomic.mp3,2.930000,0.844127,1.984127,0.944127,11929,4197,silence_separator
a/attach.mp3,2.900000,0.833379,1.981179,0.933379,11824,4092,silence_separator
a/attack.mp3,2.720000,0.735238,1.887211,0.835238,11093,3674,silence_separator
a/attain.mp3,2.610000,0.709297,1.809660,0.809297,10675,3570,silence_separator
a/attempt.mp3,2.640000,0.712154,1.850385,0.812154,10779,3674,silence_separator
a/attend.mp3,2.590000,0.676372,1.808753,0.776372,10570,3465,silence_separator
a/attendance.mp3,3.110000,0.943991,2.086259,1.043991,12660,4510,silence_separator
a/attendant.mp3,2.930000,0.858413,1.981814,0.958413,11929,4197,silence_separator
a/attention.mp3,2.980000,0.895102,2.010159,0.995102,12138,4406,silence_separator
a/attentive.mp3,2.950000,0.861587,1.982449,0.961587,12033,4197,silence_separator
a/attitude.mp3,2.800000,0.785941,1.912698,0.885941,11406,3883,silence_separator
a/attorney.mp3,2.720000,0.741270,1.889116,0.841270,11093,3779,silence_separator
a/attract.mp3,2.800000,0.794921,1.924807,0.894921,11406,3988,silence_separator
a/attraction.mp3,3.110000,0.954059,2.072381,1.054059,12660,4615,silence_separator
a/attractive.mp3,3.110000,0.963039,2.072154,1.063039,12660,4615,silence_separator
a/attribute.mp3,2.980000,0.884989,2.008118,0.984989,12138,4301,silence_separator
a/audience.mp3,2.870000,0.795147,1.948118,0.895147,11720,3988,silence_separator
a/augment.mp3,2.740000,0.760454,1.894512,0.860454,11197,3779,silence_separator
a/august.mp3,2.590000,0.683084,1.825397,0.783084,10570,3465,silence_separator
a/aunt.mp3,2.300000,0.545170,1.656780,0.645170,9421,2943,silence_separator
a/aural.mp3,2.300000,0.517823,1.673741,0.617823,9422,2839,silence_separator
a/australia.mp3,2.980000,0.873107,2.008844,0.973107,12138,4302,silence_separator
a/australian.mp3,3.060000,0.908526,2.036780,1.008526,12452,4406,silence_separator
a/authentic.mp3,3.030000,0.895420,2.034875,0.995420,12347,4406,silence_separator
a/author.mp3,2.350000,0.562449,1.700590,0.662449,9630,3047,silence_separator
a/authoritative.mp3,3.420000,1.094195,2.216145,1.194195,13915,5137,silence_separator
a/authority.mp3,2.870000,0.808662,1.958821,0.908662,11720,3988,silence_separator
a/authorize.mp3,3.110000,0.923537,2.064127,1.023537,12661,4511,silence_separator
a/auto.mp3,2.400000,0.591519,1.733968,0.691519,9839,3152,silence_separator
a/automatic.mp3,3.080000,0.928209,2.066168,1.028209,12556,4510,silence_separator
a/automation.mp3,3.080000,0.940408,2.053333,1.040408,12556,4510,silence_separator
a/automobile.mp3,3.060000,0.900862,2.060181,1.000862,12451,4406,silence_separator
a/autonomy.mp3,3.030000,0.874150,2.038639,0.974150,12347,4302,silence_separator
a/autumn.mp3,2.270000,0.534331,1.652744,0.634331,9317,2943,silence_separator
a/auxiliary.mp3,2.980000,0.852154,2.001179,0.952154,12138,4197,silence_separator
a/avail.mp3,2.480000,0.623084,1.747211,0.723084,10152,3256,silence_separator
a/available.mp3,2.950000,0.853061,2.009433,0.953061,12033,4197,silence_separator
a/avenue.mp3,2.560000,0.668934,1.797868,0.768934,10466,3465,silence_separator
a/average.mp3,2.590000,0.688753,1.792698,0.788753,10570,3570,silence_separator
a/avert.mp3,2.530000,0.668299,1.787392,0.768299,10361,3465,silence_separator
a/aviation.mp3,3.110000,0.953197,2.071383,1.053197,12660,4615,silence_separator
a/avoid.mp3,2.530000,0.660544,1.785215,0.760544,10361,3465,silence_separator
a/await.mp3,2.560000,0.660862,1.803855,0.760862,10466,3465,silence_separator
a/awake.mp3,2.510000,0.635828,1.787891,0.735828,10257,3361,silence_separator
a/award.mp3,2.400000,0.593288,1.703719,0.693288,9839,3152,silence_separator
a/aware.mp3,2.510000,0.625306,1.768073,0.725306,10257,3257,silence_separator
a/away.mp3,2.350000,0.568163,1.695873,0.668163,9630,3047,silence_separator
a/awful.mp3,2.430000,0.574739,1.738776,0.674739,9944,3048,silence_separator
a/awfully.mp3,2.640000,0.702132,1.855918,0.802132,10779,3570,silence_separator
a/awkward.mp3,2.480000,0.622222,1.759093,0.722222,10152,3256,silence_separator
a/ax.mp3,2.380000,0.570385,1.714059,0.670385,9735,3048,silence_separator
a/axis.mp3,2.900000,0.837506,1.963991,0.937506,11824,4092,silence_separator
b/baby.mp3,2.380000,0.561224,1.703537,0.661224,9735,3048,silence_separator
b/bachelor.mp3,2.770000,0.748345,1.924580,0.848345,11302,3779,silence_separator
b/back.mp3,2.350000,0.557098,1.717460,0.657098,9630,3047,silence_separator
b/background.mp3,2.800000,0.760181,1.924626,0.860181,11407,3779,silence_separator
b/backward.mp3,2.590000,0.666531,1.807211,0.766531,10571,3466,silence_separator
b/bacteria.mp3,3.060000,0.899501,2.055737,0.999501,12452,4406,silence_separator
b/bad.mp3,2.300000,0.543719,1.671066,0.643719,9421,2943,silence_separator
b/badge.mp3,2.530000,0.663946,1.788435,0.763946,10361,3465,silence_separator
b/badly.mp3,2.610000,0.659365,1.835556,0.759365,10675,3361,silence_separator
b/badminton.mp3,2.950000,0.844354,1.996871,0.944354,12034,4197,silence_separator
b/baffle.mp3,2.510000,0.602766,1.789025,0.702766,10257,3152,silence_separator
b/bag.mp3,2.270000,0.546757,1.659048,0.646757,9317,2943,silence_separator
b/baggage.mp3,2.720000,0.741315,1.879274,0.841315,11093,3779,silence_separator
b/bake.mp3,2.300000,0.515374,1.669161,0.615374,9422,2839,silence_separator
b/balance.mp3,2.800000,0.770068,1.926304,0.870068,11407,3884,silence_separator
b/bald.mp3,2.300000,0.514785,1.689388,0.614785,9422,2839,silence_separator
b/ball.mp3,2.250000,0.484263,1.660227,0.584263,9213,2734,silence_separator
b/ballet.mp3,2.510000,0.629660,1.779456,0.729660,10257,3257,silence_separator
b/balloon.mp3,2.590000,0.688934,1.806485,0.788934,10570,3570,silence_separator
b/ban.mp3,2.350000,0.556508,1.688571,0.656508,9631,3048,silence_separator
b/banana.mp3,2.610000,0.683855,1.831293,0.783855,10675,3466,silence_separator
b/band.mp3,2.300000,0.517868,1.670295,0.617868,9422,2839,silence_separator
b/bandage.mp3,2.720000,0.738005,1.877687,0.838005,11093,3675,silence_separator
b/bang.mp3,2.270000,0.515782,1.640771,0.615782,9317,2839,silence_separator
b/bank.mp3,2.320000,0.517914,1.687347,0.617914,9526,2839,silence_separator
b/bankrupt.mp3,2.770000,0.753061,1.905079,0.853061,11302,3779,silence_separator
b/banner.mp3,2.380000,0.542630,1.714150,0.642630,9735,2943,silence_separator
b/bar.mp3,2.220000,0.478594,1.629116,0.578594,9108,2734,silence_separator
b/barber.mp3,2.460000,0.591111,1.764580,0.691111,10048,3152,silence_separator
b/bare.mp3,2.270000,0.500635,1.653696,0.600635,9317,2734,silence_separator
b/barely.mp3,2.530000,0.631111,1.799138,0.731111,10362,3257,silence_separator
b/bargain.mp3,2.530000,0.649388,1.790839,0.749388,10362,3361,silence_separator
b/bark.mp3,2.350000,0.548209,1.709252,0.648209,9630,2943,silence_separator
b/barn.mp3,2.320000,0.548027,1.673379,0.648027,9526,2943,silence_separator
b/barrel.mp3,2.300000,0.518367,1.680499,0.618367,9422,2839,silence_separator
b/barren.mp3,2.350000,0.555782,1.683039,0.655782,9631,3048,silence_separator
b/barrier.mp3,2.610000,0.671202,1.843265,0.771202,10675,3466,silence_separator
b/base.mp3,2.400000,0.582721,1.717596,0.682721,9839,3152,silence_separator
b/basement.mp3,2.740000,0.754875,1.892925,0.854875,11198,3779,silence_separator
b/basic.mp3,2.720000,0.724989,1.878549,0.824989,11093,3675,silence_separator
b/basically.mp3,3.000000,0.868027,2.021769,0.968027,12243,4197,silence_separator
b/basin.mp3,2.530000,0.651474,1.785760,0.751474,10362,3361,silence_separator
b/basis.mp3,2.770000,0.772018,1.908617,0.872018,11302,3883,silence_separator
b/basket.mp3,2.770000,0.752336,1.907664,0.852336,11302,3779,silence_separator
b/basketball.mp3,3.080000,0.897007,2.073832,0.997007,12556,4406,silence_separator
b/bat.mp3,2.400000,0.601451,1.733696,0.701451,9839,3152,silence_separator
b/batch.mp3,2.530000,0.659819,1.790204,0.759819,10361,3465,silence_separator
b/bath.mp3,2.400000,0.554014,1.728617,0.654014,9839,2943,silence_separator
b/bathe.mp3,2.120000,0.430295,1.583039,0.530295,8690,2525,silence_separator
b/bathroom.mp3,2.720000,0.739909,1.880272,0.839909,11093,3779,silence_separator
b/battery.mp3,2.660000,0.705578,1.862449,0.805578,10884,3570,silence_separator
b/battle.mp3,2.430000,0.568617,1.744399,0.668617,9944,3048,silence_separator
b/bay.mp3,2.190000,0.476871,1.614422,0.576871,9003,2734,silence_separator
b/be.mp3,2.120000,0.446213,1.583719,0.546213,8690,2525,silence_separator
b/beach.mp3,2.380000,0.573651,1.701361,0.673651,9735,3048,silence_separator
b/beam.mp3,2.220000,0.495692,1.615011,0.595692,9108,2734,silence_separator
b/bean.mp3,2.250000,0.512472,1.626304,0.612472,9213,2839,silence_separator
b/bear.mp3,2.270000,0.500635,1.653696,0.600635,9317,2734,silence_separator
b/beard.mp3,2.220000,0.484853,1.629297,0.584853,9108,2734,silence_separator
b/bearing.mp3,2.430000,0.604354,1.737324,0.704354,9943,3152,silence_separator
b/beast.mp3,2.220000,0.498549,1.628753,0.598549,9108,2734,silence_separator
b/beat.mp3,2.320000,0.539773,1.687029,0.639773,9526,2943,silence_separator
b/beautiful.mp3,2.720000,0.709615,1.901043,0.809615,11093,3570,silence_separator
b/beauty.mp3,2.380000,0.547211,1.721995,0.647211,9735,2943,silence_separator
b/because.mp3,2.770000,0.783401,1.905578,0.883401,11302,3883,silence_separator
b/become.mp3,2.560000,0.659274,1.800272,0.759274,10466,3361,silence_separator
b/bed.mp3,2.220000,0.492154,1.631655,0.592154,9108,2734,silence_separator
b/bee.mp3,2.120000,0.446213,1.583719,0.546213,8690,2525,silence_separator
b/beef.mp3,2.300000,0.525079,1.672063,0.625079,9422,2839,silence_separator
b/beer.mp3,2.220000,0.480272,1.643129,0.580272,9108,2734,silence_separator
b/before.mp3,2.660000,0.718912,1.862449,0.818912,10884,3675,silence_separator
b/beforehand.mp3,3.000000,0.869070,2.021633,0.969070,12243,4302,silence_separator
b/beg.mp3,2.250000,0.506893,1.642177,0.606893,9213,2839,silence_separator
b/beggar.mp3,2.400000,0.566259,1.734694,0.666259,9839,3048,silence_separator
b/begin.mp3,2.530000,0.660091,1.776961,0.760091,10361,3465,silence_separator
b/beginner.mp3,2.590000,0.648435,1.814422,0.748435,10571,3361,silence_separator
b/beginning.mp3,2.640000,0.693968,1.828526,0.793968,10780,3570,silence_separator
b/behalf.mp3,2.610000,0.678594,1.834331,0.778594,10675,3465,silence_separator
b/behave.mp3,2.530000,0.678594,1.775873,0.778594,10361,3465,silence_separator
b/behavior.mp3,2.740000,0.740726,1.909751,0.840726,11197,3779,silence_separator
b/behind.mp3,2.610000,0.681270,1.835011,0.781270,10675,3465,silence_separator
b/being.mp3,2.190000,0.498277,1.612698,0.598277,9003,2734,silence_separator
b/belief.mp3,2.560000,0.660045,1.808209,0.760045,10466,3465,silence_separator
b/believe.mp3,2.480000,0.625488,1.739819,0.725488,10153,3257,silence_separator
b/bell.mp3,2.190000,0.456327,1.623946,0.556327,9004,2630,silence_separator
b/belong.mp3,2.640000,0.704308,1.827029,0.804308,10780,3570,silence_separator
b/beloved.mp3,2.610000,0.686077,1.829932,0.786077,10675,3570,silence_separator
b/below.mp3,2.560000,0.655374,1.810068,0.755374,10466,3361,silence_separator
b/belt.mp3,2.300000,0.525215,1.659320,0.625215,9422,2839,silence_separator
b/bench.mp3,2.350000,0.560272,1.685986,0.660272,9631,3048,silence_separator
b/bend.mp3,2.270000,0.486621,1.659864,0.586621,9317,2734,silence_separator
b/beneath.mp3,2.510000,0.625488,1.782268,0.725488,10257,3257,silence_separator
b/beneficial.mp3,3.030000,0.882585,2.051746,0.982585,12347,4302,silence_separator
b/benefit.mp3,2.850000,0.794331,1.931111,0.894331,11616,3988,silence_separator
b/berry.mp3,2.350000,0.558912,1.703946,0.658912,9630,3047,silence_separator
b/beside.mp3,2.660000,0.707664,1.844717,0.807664,10884,3570,silence_separator
b/besides.mp3,2.980000,0.863810,2.002902,0.963810,12138,4197,silence_separator
b/best.mp3,2.430000,0.595193,1.735011,0.695193,9944,3152,silence_separator
b/bet.mp3,2.380000,0.583855,1.715465,0.683855,9735,3152,silence_separator
b/betray.mp3,2.610000,0.701497,1.834376,0.801497,10675,3570,silence_separator
b/better.mp3,2.300000,0.518639,1.689297,0.618639,9422,2839,silence_separator
b/between.mp3,2.610000,0.708345,1.819864,0.808345,10675,3570,silence_separator
b/bewilder.mp3,2.770000,0.755147,1.928299,0.855147,11302,3779,silence_separator
b/beyond.mp3,2.530000,0.651293,1.781905,0.751293,10362,3361,silence_separator
b/bias.mp3,2.640000,0.690522,1.852290,0.790522,10780,3570,silence_separator
b/bible.mp3,2.430000,0.554921,1.753741,0.654921,9943,2943,silence_separator
b/bibliography.mp3,3.370000,1.060590,2.216553,1.160590,13706,5033,silence_separator
b/bicycle.mp3,2.850000,0.779456,1.974195,0.879456,11615,3883,silence_separator
b/bid.mp3,2.140000,0.464717,1.601723,0.564717,8794,2629,silence_separator
b/big.mp3,2.170000,0.459501,1.600000,0.559501,8899,2630,silence_separator
b/bike.mp3,2.320000,0.526712,1.701406,0.626712,9526,2839,silence_separator
b/bill.mp3,2.190000,0.461497,1.629161,0.561497,9004,2630,silence_separator
b/billion.mp3,2.480000,0.625986,1.765488,0.725986,10153,3257,silence_separator
b/bind.mp3,2.380000,0.552200,1.730748,0.652200,9735,2943,silence_separator
b/biography.mp3,3.030000,0.880635,2.033741,0.980635,12347,4302,silence_separator
b/biology.mp3,3.130000,0.935873,2.104354,1.035873,12765,4510,silence_separator
b/bird.mp3,2.170000,0.468073,1.605669,0.568073,8899,2630,silence_separator
b/birth.mp3,2.170000,0.435556,1.619274,0.535556,8899,2525,silence_separator
b/birthday.mp3,2.560000,0.656871,1.800317,0.756871,10466,3361,silence_separator
b/biscuit.mp3,2.690000,0.717143,1.872381,0.817143,10989,3675,silence_separator
b/bit.mp3,2.270000,0.522721,1.659365,0.622721,9317,2838,silence_separator
b/bite.mp3,2.380000,0.552925,1.703492,0.652925,9735,2943,silence_separator
b/bitter.mp3,2.270000,0.503946,1.675692,0.603946,9317,2839,silence_separator
b/bitterly.mp3,2.690000,0.702222,1.883946,0.802222,10989,3570,silence_separator
b/bizarre.mp3,2.610000,0.693968,1.836236,0.793968,10675,3570,silence_separator
b/black.mp3,2.430000,0.572562,1.739229,0.672562,9944,3048,silence_separator
b/blackboard.mp3,2.800000,0.776145,1.922358,0.876145,11407,3884,silence_separator
b/blade.mp3,2.380000,0.562358,1.698141,0.662358,9735,3048,silence_separator
b/blame.mp3,2.380000,0.569297,1.705941,0.669297,9735,3048,silence_separator
b/blank.mp3,2.400000,0.573379,1.735737,0.673379,9839,3048,silence_separator
b/blanket.mp3,2.850000,0.801224,1.945215,0.901224,11616,3988,silence_separator
b/blast.mp3,2.530000,0.651610,1.785079,0.751610,10362,3361,silence_separator
b/blaze.mp3,2.590000,0.689660,1.822630,0.789660,10570,3570,silence_separator
b/bleak.mp3,2.400000,0.568163,1.738277,0.668163,9839,3048,silence_separator
b/bleed.mp3,2.300000,0.540136,1.676961,0.640136,9422,2943,silence_separator
b/blend.mp3,2.350000,0.543719,1.694739,0.643719,9631,2943,silence_separator
b/bless.mp3,2.510000,0.636236,1.771293,0.736236,10257,3361,silence_separator
b/blind.mp3,2.460000,0.595646,1.756190,0.695646,10048,3152,silence_separator
b/block.mp3,2.460000,0.595918,1.767710,0.695918,10048,3152,silence_separator
b/blood.mp3,2.300000,0.523311,1.665397,0.623311,9422,2839,silence_separator
b/bloom.mp3,2.400000,0.585215,1.712200,0.685215,9839,3152,silence_separator
b/blossom.mp3,2.690000,0.715601,1.865760,0.815601,10989,3675,silence_separator
b/blow.mp3,2.380000,0.565714,1.705896,0.665714,9735,3048,silence_separator
b/blue.mp3,2.320000,0.547392,1.688390,0.647392,9526,2943,silence_separator
b/blunder.mp3,2.560000,0.653379,1.810748,0.753379,10466,3361,silence_separator
b/blunt.mp3,2.430000,0.601088,1.723810,0.701088,9944,3152,silence_separator
b/blush.mp3,2.430000,0.611293,1.724218,0.711293,9944,3257,silence_separator
b/board.mp3,2.250000,0.503265,1.630748,0.603265,9213,2839,silence_separator
b/boast.mp3,2.350000,0.558866,1.703991,0.658866,9631,3048,silence_separator
b/boat.mp3,2.350000,0.553515,1.700635,0.653515,9631,2943,silence_separator
b/body.mp3,2.350000,0.537642,1.700181,0.637642,9631,2943,silence_separator
b/boil.mp3,2.400000,0.565805,1.745306,0.665805,9839,3048,silence_separator
b/bold.mp3,2.250000,0.494376,1.671020,0.594376,9213,2734,silence_separator
b/bolt.mp3,2.320000,0.555782,1.697415,0.655782,9526,3048,silence_separator
b/bomb.mp3,2.250000,0.512245,1.641950,0.612245,9213,2839,silence_separator
b/bond.mp3,2.300000,0.520499,1.673832,0.620499,9422,2839,silence_separator
b/bone.mp3,2.320000,0.544807,1.674875,0.644807,9526,2943,silence_separator
b/bonus.mp3,2.690000,0.712880,1.867029,0.812880,10989,3675,silence_separator
b/book.mp3,2.300000,0.518005,1.682132,0.618005,9422,2839,silence_separator
b/boom.mp3,2.250000,0.509705,1.639365,0.609705,9213,2839,silence_separator
b/boost.mp3,2.320000,0.528073,1.683991,0.628073,9526,2839,silence_separator
b/boot.mp3,2.350000,0.549751,1.694558,0.649751,9631,2943,silence_separator
b/booth.mp3,2.300000,0.525079,1.696644,0.625079,9422,2839,silence_separator
b/border.mp3,2.380000,0.563628,1.719546,0.663628,9735,3048,silence_separator
b/bore.mp3,2.250000,0.500907,1.645397,0.600907,9213,2734,silence_separator
b/born.mp3,2.300000,0.542177,1.661361,0.642177,9422,2943,silence_separator
b/borrow.mp3,2.510000,0.614059,1.779501,0.714059,10257,3257,silence_separator
b/bosom.mp3,2.480000,0.617914,1.759773,0.717914,10153,3257,silence_separator
b/boss.mp3,2.460000,0.597415,1.751519,0.697415,10048,3152,silence_separator
b/both.mp3,2.250000,0.504853,1.656463,0.604853,9213,2839,silence_separator
b/bother.mp3,2.400000,0.566077,1.745624,0.666077,9839,3048,silence_separator
b/bottle.mp3,2.380000,0.552517,1.749615,0.652517,9735,2943,silence_separator
b/bottom.mp3,2.400000,0.572200,1.719002,0.672200,9839,3048,silence_separator
b/bough.mp3,2.220000,0.504308,1.628934,0.604308,9108,2838,silence_separator
b/bounce.mp3,2.480000,0.640544,1.760136,0.740544,10152,3361,silence_separator
b/bound.mp3,2.320000,0.553424,1.687347,0.653424,9526,2943,silence_separator
b/boundary.mp3,2.660000,0.708889,1.853832,0.808889,10884,3570,silence_separator
b/bow.mp3,2.220000,0.504308,1.628934,0.604308,9108,2838,silence_separator
b/bowl.mp3,2.250000,0.492608,1.670930,0.592608,9213,2734,silence_separator
b/box.mp3,2.510000,0.631655,1.776780,0.731655,10257,3257,silence_separator
b/boy.mp3,2.270000,0.520408,1.658231,0.620408,9317,2839,silence_separator
b/boycott.mp3,2.770000,0.772472,1.922041,0.872472,11302,3884,silence_separator
b/brace.mp3,2.460000,0.604308,1.740907,0.704308,10048,3152,silence_separator
b/bracket.mp3,2.640000,0.699773,1.829705,0.799773,10780,3570,silence_separator
b/brain.mp3,2.320000,0.550567,1.664354,0.650567,9526,2943,silence_separator
b/brake.mp3,2.400000,0.564490,1.737188,0.664490,9839,3048,silence_separator
b/branch.mp3,2.530000,0.656281,1.786395,0.756281,10362,3361,silence_separator
b/brand.mp3,2.350000,0.548980,1.708617,0.648980,9631,2943,silence_separator
b/brandy.mp3,2.530000,0.629161,1.811156,0.729161,10362,3257,silence_separator
b/brass.mp3,2.510000,0.640091,1.769887,0.740091,10257,3361,silence_separator
b/brave.mp3,2.430000,0.609025,1.720454,0.709025,9943,3256,silence_separator
b/brazil.mp3,2.590000,0.659501,1.826395,0.759501,10571,3361,silence_separator
b/brazilian.mp3,2.900000,0.836190,1.961088,0.936190,11825,4093,silence_separator
b/bread.mp3,2.250000,0.496054,1.637506,0.596054,9213,2734,silence_separator
b/breadth.mp3,2.270000,0.514512,1.635782,0.614512,9317,2839,silence_separator
b/break.mp3,2.400000,0.564490,1.737188,0.664490,9839,3048,silence_separator
b/breakdown.mp3,2.850000,0.800544,1.944626,0.900544,11616,3988,silence_separator
b/breakfast.mp3,2.930000,0.830975,1.985170,0.930975,11929,4093,silence_separator
b/breast.mp3,2.480000,0.622313,1.754649,0.722313,10153,3257,silence_separator
b/breath.mp3,2.380000,0.555465,1.707937,0.655465,9735,3048,silence_separator
b/breathe.mp3,2.220000,0.473605,1.644172,0.573605,9108,2630,silence_separator
b/breed.mp3,2.300000,0.533379,1.676644,0.633379,9422,2943,silence_separator
b/breeze.mp3,2.560000,0.660136,1.809161,0.760136,10466,3466,silence_separator
b/bribe.mp3,2.220000,0.492154,1.631020,0.592154,9108,2734,silence_separator
b/brick.mp3,2.380000,0.567211,1.718594,0.667211,9735,3048,silence_separator
b/bridge.mp3,2.590000,0.664490,1.805760,0.764490,10571,3466,silence_separator
b/brief.mp3,2.460000,0.595374,1.747664,0.695374,10048,3152,silence_separator
b/bright.mp3,2.510000,0.628027,1.780363,0.728027,10257,3257,silence_separator
b/brighten.mp3,2.430000,0.593560,1.734512,0.693560,9944,3152,silence_separator
b/brilliant.mp3,2.770000,0.766122,1.910522,0.866122,11302,3884,silence_separator
b/brim.mp3,2.320000,0.540590,1.678458,0.640590,9526,2943,silence_separator
b/bring.mp3,2.320000,0.542721,1.679093,0.642721,9526,2943,silence_separator
b/brisk.mp3,2.430000,0.602222,1.734830,0.702222,9944,3152,silence_separator
b/bristle.mp3,2.460000,0.596463,1.778912,0.696463,10048,3152,silence_separator
b/britain.mp3,2.270000,0.533333,1.657052,0.633333,9317,2943,silence_separator
b/british.mp3,2.560000,0.666848,1.781361,0.766848,10466,3466,silence_separator
b/brittle.mp3,2.320000,0.522993,1.703084,0.622993,9526,2839,silence_separator
b/broad.mp3,2.350000,0.559184,1.701497,0.659184,9631,3048,silence_separator
b/broadcast.mp3,3.130000,0.947029,2.087937,1.047029,12765,4511,silence_separator
b/broken.mp3,2.560000,0.655556,1.785986,0.755556,10466,3361,silence_separator
b/bronze.mp3,2.740000,0.751746,1.897506,0.851746,11198,3779,silence_separator
b/brood.mp3,2.320000,0.535828,1.693333,0.635828,9526,2943,silence_separator
b/brook.mp3,2.270000,0.519683,1.660635,0.619683,9317,2839,silence_separator
b/broom.mp3,2.300000,0.531655,1.651565,0.631655,9422,2943,silence_separator
b/brother.mp3,2.400000,0.554059,1.725624,0.654059,9839,2943,silence_separator
b/brow.mp3,2.190000,0.474603,1.606576,0.574603,9004,2630,silence_separator
b/brown.mp3,2.380000,0.571202,1.696916,0.671202,9735,3048,silence_separator
b/bruise.mp3,2.530000,0.661088,1.794195,0.761088,10361,3465,silence_separator
b/brush.mp3,2.400000,0.591837,1.710794,0.691837,9839,3152,silence_separator
b/brutal.mp3,2.400000,0.567120,1.746077,0.667120,9839,3048,silence_separator
b/brute.mp3,2.380000,0.578866,1.703220,0.678866,9735,3047,silence_separator
b/bubble.mp3,2.300000,0.503991,1.689977,0.603991,9422,2839,silence_separator
b/bucket.mp3,2.610000,0.677732,1.839048,0.777732,10675,3466,silence_separator
b/buckle.mp3,2.430000,0.563719,1.775782,0.663719,9944,3048,silence_separator
b/bud.mp3,2.220000,0.486939,1.635057,0.586939,9108,2734,silence_separator
b/budget.mp3,2.640000,0.686168,1.852290,0.786168,10780,3570,silence_separator
b/buffer.mp3,2.400000,0.565669,1.733197,0.665669,9839,3048,silence_separator
b/bug.mp3,2.220000,0.483810,1.627755,0.583810,9108,2734,silence_separator
b/build.mp3,2.220000,0.493651,1.644580,0.593651,9108,2734,silence_separator
b/building.mp3,2.480000,0.609660,1.763492,0.709660,10153,3257,silence_separator
b/bulb.mp3,2.170000,0.476871,1.595011,0.576871,8899,2734,silence_separator
b/bulk.mp3,2.300000,0.520363,1.686077,0.620363,9422,2839,silence_separator
b/bull.mp3,2.220000,0.478458,1.659546,0.578458,9108,2734,silence_separator
b/bullet.mp3,2.530000,0.643946,1.787891,0.743946,10362,3361,silence_separator
b/bulletin.mp3,2.850000,0.796190,1.951655,0.896190,11616,3988,silence_separator
b/bump.mp3,2.190000,0.470023,1.642630,0.570023,9004,2630,silence_separator
b/bunch.mp3,2.380000,0.569841,1.704490,0.669841,9735,3048,silence_separator
b/bundle.mp3,2.460000,0.582812,1.763311,0.682812,10048,3152,silence_separator
b/burden.mp3,2.350000,0.552608,1.693152,0.652608,9631,2943,silence_separator
b/bureau.mp3,2.530000,0.639138,1.789841,0.739138,10362,3361,silence_separator
b/bureaucracy.mp3,3.190000,0.951701,2.117098,1.051701,12974,4615,silence_separator
b/burial.mp3,2.610000,0.664626,1.847528,0.764626,10675,3466,silence_separator
b/burn.mp3,2.250000,0.507483,1.636145,0.607483,9213,2839,silence_separator
b/burst.mp3,2.430000,0.601769,1.741179,0.701769,9944,3152,silence_separator
b/bury.mp3,2.350000,0.538005,1.694739,0.638005,9631,2943,silence_separator
b/bus.mp3,2.320000,0.552653,1.689297,0.652653,9526,2943,silence_separator
b/bush.mp3,2.320000,0.541179,1.677143,0.641179,9526,2943,silence_separator
b/business.mp3,2.800000,0.763311,1.929478,0.863311,11407,3779,silence_separator
b/busy.mp3,2.400000,0.560136,1.730340,0.660136,9839,3048,silence_separator
b/but.mp3,2.270000,0.521088,1.661179,0.621088,9317,2838,silence_separator
b/butcher.mp3,2.480000,0.605896,1.778095,0.705896,10153,3152,silence_separator
b/butter.mp3,2.270000,0.494830,1.674558,0.594830,9317,2734,silence_separator
b/butterfly.mp3,2.950000,0.857234,1.997778,0.957234,12034,4197,silence_separator
b/button.mp3,2.190000,0.473696,1.615465,0.573696,9004,2630,silence_separator
b/buy.mp3,2.170000,0.471519,1.598322,0.571519,8899,2629,silence_separator
b/buzz.mp3,2.460000,0.620952,1.747528,0.720952,10048,3257,silence_separator
b/by.mp3,2.170000,0.471519,1.598322,0.571519,8899,2629,silence_separator
b/bypass.mp3,2.900000,0.817778,1.967075,0.917778,11825,4093,silence_separator
c/cabbage.mp3,2.720000,0.754966,1.864399,0.854966,11093,3779,silence_separator
c/cabin.mp3,2.400000,0.595011,1.703175,0.695011,9839,3152,silence_separator
c/cabinet.mp3,2.690000,0.739955,1.855692,0.839955,10988,3779,silence_separator
c/cable.mp3,2.430000,0.579320,1.745896,0.679320,9943,3047,silence_separator
c/cafe.mp3,2.510000,0.653197,1.749116,0.753197,10257,3361,silence_separator
c/cafeteria.mp3,3.320000,1.044762,2.180091,1.144762,13496,4928,silence_separator
c/cage.mp3,2.590000,0.679728,1.804490,0.779728,10570,3465,silence_separator
c/cake.mp3,2.380000,0.563719,1.715873,0.663719,9735,3047,silence_separator
c/calculate.mp3,3.080000,0.920000,2.045805,1.020000,12556,4406,silence_separator
c/calculation.mp3,3.450000,1.120544,2.244580,1.220544,14019,5241,silence_separator
c/calculator.mp3,3.160000,0.952472,2.110476,1.052472,12869,4615,silence_separator
c/calendar.mp3,2.770000,0.764490,1.908118,0.864490,11302,3883,silence_separator
c/call.mp3,2.220000,0.498095,1.644036,0.598095,9108,2734,silence_separator
c/calm.mp3,2.250000,0.503900,1.621361,0.603900,9213,2839,silence_separator
c/camel.mp3,2.430000,0.589206,1.734467,0.689206,9943,3152,silence_separator
c/camera.mp3,2.510000,0.641270,1.758367,0.741270,10257,3361,silence_separator
c/camp.mp3,2.220000,0.495329,1.611655,0.595329,9108,2734,silence_separator
c/campaign.mp3,2.770000,0.785079,1.877551,0.885079,11302,3883,silence_separator
c/campus.mp3,2.770000,0.758821,1.896145,0.858821,11302,3779,silence_separator
c/can.mp3,2.270000,0.527574,1.623946,0.627574,9317,2838,silence_separator
c/canada.mp3,2.590000,0.681542,1.796417,0.781542,10570,3465,silence_separator
c/canadian.mp3,2.820000,0.805533,1.915646,0.905533,11511,3988,silence_separator
c/canal.mp3,2.480000,0.621542,1.773832,0.721542,10152,3256,silence_separator
c/cancel.mp3,2.660000,0.697914,1.852018,0.797914,10884,3570,silence_separator
c/cancer.mp3,2.660000,0.713288,1.849751,0.813288,10884,3674,silence_separator
c/candidate.mp3,2.870000,0.834875,1.955283,0.934875,11720,4092,silence_separator
c/candle.mp3,2.530000,0.642585,1.788163,0.742585,10361,3361,silence_separator
c/candy.mp3,2.510000,0.634286,1.771565,0.734286,10257,3361,silence_separator
c/cannon.mp3,2.430000,0.617914,1.713878,0.717914,9943,3256,silence_separator
c/canoe.mp3,2.400000,0.591565,1.705714,0.691565,9839,3152,silence_separator
c/canon.mp3,2.430000,0.617914,1.713878,0.717914,9943,3256,silence_separator
c/canteen.mp3,2.740000,0.777778,1.862857,0.877778,11197,3883,silence_separator
c/canvas.mp3,2.800000,0.775193,1.908481,0.875193,11406,3883,silence_separator
c/cap.mp3,2.220000,0.494875,1.627574,0.594875,9108,2734,silence_separator
c/capable.mp3,2.720000,0.728299,1.889887,0.828299,11093,3674,silence_separator
c/capacity.mp3,3.060000,0.902268,2.050612,1.002268,12451,4406,silence_separator
c/capital.mp3,2.610000,0.688027,1.838005,0.788027,10675,3570,silence_separator
c/capsule.mp3,2.640000,0.695556,1.852562,0.795556,10779,3570,silence_separator
c/captain.mp3,2.590000,0.691156,1.805850,0.791156,10570,3570,silence_separator
c/captive.mp3,2.660000,0.736871,1.830340,0.836871,10884,3674,silence_separator
c/capture.mp3,2.690000,0.720363,1.859138,0.820363,10988,3674,silence_separator
c/car.mp3,2.270000,0.528753,1.657143,0.628753,9317,2838,silence_separator
c/carbon.mp3,2.510000,0.653333,1.774150,0.753333,10257,3361,silence_separator
c/card.mp3,2.300000,0.543401,1.658685,0.643401,9421,2943,silence_separator
c/care.mp3,2.300000,0.531565,1.664308,0.631565,9421,2943,silence_separator
c/career.mp3,2.480000,0.620091,1.753515,0.720091,10152,3256,silence_separator
c/careful.mp3,2.640000,0.685986,1.858821,0.785986,10779,3570,silence_separator
c/careless.mp3,2.770000,0.781043,1.903401,0.881043,11302,3883,silence_separator
c/cargo.mp3,2.640000,0.705261,1.849297,0.805261,10779,3570,silence_separator
c/carpenter.mp3,2.900000,0.836508,1.981678,0.936508,11824,4092,silence_separator
c/carpet.mp3,2.690000,0.735692,1.860363,0.835692,10988,3674,silence_separator
c/carriage.mp3,2.690000,0.737415,1.858821,0.837415,10988,3674,silence_separator
c/carrier.mp3,2.660000,0.710930,1.861451,0.810930,10884,3570,silence_separator
c/carrot.mp3,2.460000,0.621134,1.739592,0.721134,10048,3256,silence_separator
c/carry.mp3,2.400000,0.575465,1.723764,0.675465,9839,3047,silence_separator
c/cart.mp3,2.400000,0.603719,1.714830,0.703719,9839,3152,silence_separator
c/cartoon.mp3,2.820000,0.805669,1.919592,0.905669,11511,3988,silence_separator
c/carve.mp3,2.400000,0.605986,1.705079,0.705986,9839,3152,silence_separator
c/case.mp3,2.430000,0.601088,1.721678,0.701088,9943,3152,silence_separator
c/cash.mp3,2.460000,0.630159,1.739229,0.730159,10048,3256,silence_separator
c/cassette.mp3,2.740000,0.757959,1.884082,0.857959,11197,3779,silence_separator
c/cast.mp3,2.480000,0.634875,1.746757,0.734875,10152,3361,silence_separator
c/castle.mp3,2.610000,0.676145,1.837324,0.776145,10675,3465,silence_separator
c/casual.mp3,2.660000,0.712063,1.851020,0.812063,10884,3674,silence_separator
c/casualty.mp3,2.950000,0.859048,1.996009,0.959048,12033,4197,silence_separator
c/cat.mp3,2.380000,0.585397,1.697188,0.685397,9735,3152,silence_separator
c/catalog.mp3,2.900000,0.824127,1.969342,0.924127,11824,4092,silence_separator
c/catch.mp3,2.590000,0.689161,1.815782,0.789161,10570,3570,silence_separator
c/category.mp3,3.000000,0.884218,2.012925,0.984218,12242,4301,silence_separator
c/cater.mp3,2.380000,0.564490,1.705442,0.664490,9735,3047,silence_separator
c/cathedral.mp3,2.900000,0.822313,1.981723,0.922313,11824,4092,silence_separator
c/catholic.mp3,2.900000,0.845533,1.966984,0.945533,11824,4197,silence_separator
c/cattle.mp3,2.430000,0.584354,1.730204,0.684354,9943,3152,silence_separator
c/cause.mp3,2.430000,0.614014,1.718141,0.714014,9943,3256,silence_separator
c/caution.mp3,2.640000,0.717460,1.835601,0.817460,10779,3674,silence_separator
c/cautious.mp3,2.820000,0.805397,1.939637,0.905397,11511,3988,silence_separator
c/cave.mp3,2.300000,0.569252,1.652698,0.669252,9421,3047,silence_separator
c/cavity.mp3,2.590000,0.666667,1.808481,0.766667,10570,3465,silence_separator
c/cease.mp3,2.400000,0.598141,1.709887,0.698141,9839,3152,silence_separator
c/ceiling.mp3,2.660000,0.706077,1.846259,0.806077,10884,3570,silence_separator
c/celebrate.mp3,3.030000,0.906576,2.037596,1.006576,12347,4406,silence_separator
c/cell.mp3,2.430000,0.597460,1.742812,0.697460,9943,3152,silence_separator
c/cellar.mp3,2.560000,0.654649,1.822948,0.754649,10466,3361,silence_separator
c/cement.mp3,2.720000,0.732336,1.879002,0.832336,11093,3675,silence_separator
c/census.mp3,3.000000,0.890522,2.026032,0.990522,12242,4301,silence_separator
c/cent.mp3,1.100000,0.414059,0.414059,0.414059,4615,2002,energy_valley
c/center.mp3,2.690000,0.719546,1.876961,0.819546,10988,3674,silence_separator
c/centigrade.mp3,2.980000,0.878866,2.007483,0.978866,12138,4301,silence_separator
c/centimetre.mp3,3.160000,0.952336,2.110340,1.052336,12869,4615,silence_separator
c/central.mp3,2.770000,0.762268,1.920952,0.862268,11302,3779,silence_separator
c/centre.mp3,2.690000,0.719546,1.876961,0.819546,10988,3674,silence_separator
c/century.mp3,2.900000,0.830295,1.978186,0.930295,11824,4092,silence_separator
c/ceramic.mp3,3.000000,0.876508,2.024263,0.976508,12243,4302,silence_separator
c/cereal.mp3,2.820000,0.769116,1.951474,0.869116,11511,3884,silence_separator
c/ceremony.mp3,3.080000,0.901905,2.069977,1.001905,12556,4406,silence_separator
c/certain.mp3,2.480000,0.627211,1.757732,0.727211,10152,3256,silence_separator
c/certainly.mp3,2.870000,0.811474,1.967256,0.911474,11720,3988,silence_separator
c/certainty.mp3,2.930000,0.840862,1.991791,0.940862,11929,4092,silence_separator
c/certificate.mp3,3.400000,1.085624,2.219456,1.185624,13810,5137,silence_separator
c/certify.mp3,3.060000,0.917914,2.036281,1.017914,12451,4406,silence_separator
c/chain.mp3,2.380000,0.588934,1.687800,0.688934,9735,3152,silence_separator
c/chair.mp3,2.320000,0.539819,1.677914,0.639819,9526,2943,silence_separator
c/chairman.mp3,2.560000,0.679093,1.800726,0.779093,10466,3465,silence_separator
c/chalk.mp3,2.430000,0.591519,1.724354,0.691519,9943,3152,silence_separator
c/challenge.mp3,2.800000,0.793605,1.915828,0.893605,11406,3988,silence_separator
c/chamber.mp3,2.510000,0.630023,1.789297,0.730023,10257,3256,silence_separator
c/champion.mp3,2.800000,0.781451,1.896553,0.881451,11406,3883,silence_separator
c/chance.mp3,2.560000,0.672880,1.791610,0.772880,10466,3465,silence_separator
c/change.mp3,2.610000,0.712063,1.814059,0.812063,10675,3674,silence_separator
c/channel.mp3,2.460000,0.592063,1.745669,0.692063,10048,3152,silence_separator
c/chaos.mp3,2.610000,0.689524,1.817324,0.789524,10675,3570,silence_separator
c/chapter.mp3,2.690000,0.716553,1.873424,0.816553,10988,3674,silence_separator
c/character.mp3,2.820000,0.789478,1.929887,0.889478,11511,3883,silence_separator
c/characteristic.mp3,3.660000,1.215465,2.349887,1.315465,14855,5659,silence_separator
c/characterize.mp3,3.470000,1.119637,2.250249,1.219637,14123,5241,silence_separator
c/charge.mp3,2.610000,0.699864,1.806349,0.799864,10675,3570,silence_separator
c/charity.mp3,2.590000,0.675147,1.826304,0.775147,10570,3465,silence_separator
c/charm.mp3,2.300000,0.552109,1.660726,0.652109,9421,2943,silence_separator
c/charming.mp3,2.610000,0.698912,1.825488,0.798912,10675,3570,silence_separator
c/chart.mp3,2.430000,0.605351,1.718095,0.705351,9943,3152,silence_separator
c/charter.mp3,2.530000,0.651066,1.801224,0.751066,10361,3361,silence_separator
c/chase.mp3,2.400000,0.591565,1.702948,0.691565,9839,3152,silence_separator
c/chat.mp3,2.460000,0.615782,1.729841,0.715782,10048,3256,silence_separator
c/cheap.mp3,2.170000,0.469070,1.610023,0.569070,8899,2629,silence_separator
c/cheat.mp3,2.350000,0.570567,1.690068,0.670567,9630,3047,silence_separator
c/check.mp3,2.350000,0.546757,1.689478,0.646757,9630,2943,silence_separator
c/cheek.mp3,2.350000,0.562449,1.687755,0.662449,9630,3047,silence_separator
c/cheer.mp3,2.320000,0.545896,1.685170,0.645896,9526,2943,silence_separator
c/cheerful.mp3,2.690000,0.720317,1.892562,0.820317,10988,3674,silence_separator
c/cheese.mp3,2.590000,0.679819,1.799683,0.779819,10570,3465,silence_separator
c/chemical.mp3,2.720000,0.731610,1.884762,0.831610,11093,3674,silence_separator
c/chemist.mp3,2.590000,0.684399,1.814422,0.784399,10570,3465,silence_separator
c/chemistry.mp3,2.900000,0.837460,1.969297,0.937460,11824,4092,silence_separator
c/cheque.mp3,2.350000,0.546757,1.689478,0.646757,9630,2943,silence_separator
c/cherish.mp3,2.640000,0.712336,1.831429,0.812336,10779,3674,silence_separator
c/cherry.mp3,2.430000,0.603583,1.744172,0.703583,9943,3152,silence_separator
c/chess.mp3,2.480000,0.629433,1.749660,0.729433,10152,3256,silence_separator
c/chest.mp3,2.480000,0.636054,1.749524,0.736054,10152,3361,silence_separator
c/chew.mp3,2.380000,0.574331,1.693107,0.674331,9735,3047,silence_separator
c/chicken.mp3,2.480000,0.643401,1.755646,0.743401,10152,3361,silence_separator
c/chief.mp3,2.350000,0.578594,1.700816,0.678594,9630,3047,silence_separator
c/child.mp3,2.400000,0.584807,1.725488,0.684807,9839,3152,silence_separator
c/childhood.mp3,2.720000,0.749705,1.877732,0.849705,11093,3779,silence_separator
c/childish.mp3,2.820000,0.809751,1.921905,0.909751,11511,3988,silence_separator
c/chill.mp3,2.320000,0.543356,1.686259,0.643356,9526,2943,silence_separator
c/chimney.mp3,2.510000,0.638005,1.790295,0.738005,10257,3361,silence_separator
c/chin.mp3,2.270000,0.543401,1.652880,0.643401,9317,2943,silence_separator
c/china.mp3,2.460000,0.613515,1.740408,0.713515,10048,3256,silence_separator
c/chinese.mp3,2.930000,0.841995,1.981406,0.941995,11929,4092,silence_separator
c/chip.mp3,2.190000,0.491247,1.619002,0.591247,9003,2734,silence_separator
c/chocolate.mp3,2.740000,0.772109,1.890476,0.872109,11197,3883,silence_separator
c/choice.mp3,2.530000,0.658050,1.772200,0.758050,10361,3361,silence_separator
c/choke.mp3,2.350000,0.568118,1.679637,0.668118,9630,3047,silence_separator
c/choose.mp3,2.510000,0.654739,1.770975,0.754739,10257,3361,silence_separator
c/chop.mp3,2.170000,0.478186,1.598503,0.578186,8899,2734,silence_separator
c/chord.mp3,2.300000,0.535329,1.650884,0.635329,9422,2943,silence_separator
c/chorus.mp3,2.560000,0.669070,1.797098,0.769070,10466,3466,silence_separator
c/christian.mp3,2.720000,0.762177,1.877415,0.862177,11093,3779,silence_separator
c/christmas.mp3,2.850000,0.813152,1.950113,0.913152,11615,3988,silence_separator
c/chronic.mp3,2.640000,0.710159,1.848254,0.810159,10779,3570,silence_separator
c/church.mp3,2.430000,0.614150,1.729116,0.714150,9943,3256,silence_separator
c/cigarette.mp3,3.000000,0.880726,2.020952,0.980726,12243,4302,silence_separator
c/cinema.mp3,2.770000,0.749297,1.902630,0.849297,11302,3779,silence_separator
c/circle.mp3,2.660000,0.706213,1.881406,0.806213,10884,3570,silence_separator
c/circuit.mp3,2.800000,0.790930,1.923220,0.890930,11406,3988,silence_separator
c/circular.mp3,2.950000,0.850340,2.006848,0.950340,12033,4197,silence_separator
c/circulate.mp3,3.160000,0.972744,2.094875,1.072744,12869,4615,silence_separator
c/circulation.mp3,3.500000,1.142494,2.258186,1.242494,14228,5346,silence_separator
c/circumference.mp3,3.370000,1.070658,2.213560,1.170658,13705,5032,silence_separator
c/circumstance.mp3,3.600000,1.202041,2.335601,1.302041,14646,5555,silence_separator
c/circus.mp3,2.950000,0.840998,1.984989,0.940998,12034,4093,silence_separator
c/cite.mp3,2.560000,0.665079,1.799592,0.765079,10466,3465,silence_separator
c/citizen.mp3,2.950000,0.859592,1.990884,0.959592,12034,4197,silence_separator
c/city.mp3,2.460000,0.586304,1.751066,0.686304,10048,3152,silence_separator
c/civil.mp3,1.410000,0.603628,0.603628,0.603628,5868,2838,energy_valley
c/civilian.mp3,2.980000,0.881814,2.011701,0.981814,12138,4301,silence_separator
c/civilization.mp3,3.600000,1.193469,2.319909,1.293469,14646,5555,silence_separator
c/civilize.mp3,3.270000,1.021043,2.157642,1.121043,13287,4823,silence_separator
c/claim.mp3,2.430000,0.615329,1.733243,0.715329,9943,3256,silence_separator
c/clamp.mp3,2.350000,0.544308,1.679410,0.644308,9631,2943,silence_separator
c/clap.mp3,2.350000,0.560907,1.698639,0.660907,9630,3047,silence_separator
c/clarify.mp3,2.950000,0.873379,1.997868,0.973379,12033,4301,silence_separator
c/clarity.mp3,2.690000,0.722268,1.880771,0.822268,10988,3674,silence_separator
c/clash.mp3,2.560000,0.665941,1.782948,0.765941,10466,3466,silence_separator
c/clasp.mp3,2.510000,0.647166,1.774875,0.747166,10257,3361,silence_separator
c/class.mp3,2.590000,0.667075,1.797687,0.767075,10571,3466,silence_separator
c/classic.mp3,2.820000,0.806259,1.940091,0.906259,11511,3988,silence_separator
c/classical.mp3,2.950000,0.844671,2.011746,0.944671,12033,4197,silence_separator
c/classification.mp3,3.740000,1.256100,2.375601,1.356100,15168,5764,silence_separator
c/classify.mp3,3.080000,0.936735,2.051156,1.036735,12556,4510,silence_separator
c/classmate.mp3,2.930000,0.848934,1.982358,0.948934,11929,4197,silence_separator
c/classroom.mp3,2.820000,0.806213,1.938503,0.906213,11511,3988,silence_separator
c/clause.mp3,2.560000,0.683356,1.789161,0.783356,10466,3465,silence_separator
c/claw.mp3,2.320000,0.566621,1.665624,0.666621,9526,3048,silence_separator
c/clay.mp3,2.350000,0.572925,1.698866,0.672925,9630,3047,silence_separator
c/clean.mp3,2.430000,0.626077,1.731202,0.726077,9943,3256,silence_separator
c/clear.mp3,2.400000,0.602358,1.731791,0.702358,9839,3152,silence_separator
c/clearance.mp3,2.850000,0.811020,1.955601,0.911020,11615,3988,silence_separator
c/clearly.mp3,2.740000,0.737143,1.901905,0.837143,11198,3675,silence_separator
c/clerk.mp3,2.460000,0.601497,1.738730,0.701497,10048,3152,silence_separator
c/clever.mp3,2.530000,0.641361,1.790113,0.741361,10361,3361,silence_separator
c/client.mp3,2.560000,0.669615,1.788390,0.769615,10466,3465,silence_separator
c/cliff.mp3,2.460000,0.623991,1.746712,0.723991,10048,3256,silence_separator
c/climate.mp3,2.690000,0.735873,1.862268,0.835873,10988,3674,silence_separator
c/climax.mp3,2.950000,0.879683,2.010703,0.979683,12033,4301,silence_separator
c/climb.mp3,2.430000,0.589388,1.723673,0.689388,9944,3152,silence_separator
c/cling.mp3,2.400000,0.596735,1.716689,0.696735,9839,3152,silence_separator
c/clinic.mp3,2.560000,0.660771,1.804172,0.760771,10466,3465,silence_separator
c/clip.mp3,2.300000,0.529796,1.673197,0.629796,9421,2943,silence_separator
c/cloak.mp3,2.380000,0.592698,1.698549,0.692698,9735,3152,silence_separator
c/clock.mp3,2.510000,0.627029,1.790839,0.727029,10257,3256,silence_separator
c/clockwise.mp3,3.110000,0.945986,2.081497,1.045986,12660,4510,silence_separator
c/close.mp3,2.430000,0.624898,1.731565,0.724898,9943,3256,silence_separator
c/closely.mp3,2.800000,0.782857,1.938277,0.882857,11406,3883,silence_separator
c/closet.mp3,2.740000,0.757868,1.891973,0.857868,11197,3779,silence_separator
c/cloth.mp3,2.460000,0.602676,1.759456,0.702676,10048,3152,silence_separator
c/clothe.mp3,2.350000,0.589161,1.685986,0.689161,9630,3152,silence_separator
c/clothes.mp3,2.640000,0.710249,1.831746,0.810249,10779,3570,silence_separator
c/clothing.mp3,2.590000,0.685714,1.815737,0.785714,10570,3465,silence_separator
c/cloud.mp3,2.430000,0.599773,1.723855,0.699773,9944,3152,silence_separator
c/cloudy.mp3,2.480000,0.621043,1.774195,0.721043,10152,3256,silence_separator
c/club.mp3,2.250000,0.520136,1.642494,0.620136,9212,2838,silence_separator
c/clue.mp3,2.380000,0.587256,1.715238,0.687256,9735,3152,silence_separator
c/clumsy.mp3,2.740000,0.749433,1.907800,0.849433,11197,3779,silence_separator
c/cluster.mp3,2.740000,0.744580,1.907891,0.844580,11197,3779,silence_separator
c/clutch.mp3,2.530000,0.661950,1.775510,0.761950,10361,3465,silence_separator
c/coach.mp3,2.460000,0.628798,1.750884,0.728798,10048,3256,silence_separator
c/coal.mp3,2.300000,0.514921,1.679456,0.614921,9422,2839,silence_separator
c/coarse.mp3,2.560000,0.680771,1.794240,0.780771,10466,3465,silence_separator
c/coast.mp3,2.350000,0.574785,1.689977,0.674785,9630,3047,silence_separator
c/coat.mp3,2.300000,0.555329,1.657959,0.655329,9421,3047,silence_separator
c/cock.mp3,2.430000,0.579501,1.727528,0.679501,9944,3048,silence_separator
c/code.mp3,2.220000,0.503719,1.615193,0.603719,9108,2838,silence_separator
c/coffee.mp3,2.510000,0.630249,1.775873,0.730249,10257,3257,silence_separator
c/coherent.mp3,2.850000,0.820272,1.951020,0.920272,11615,4092,silence_separator
c/coil.mp3,2.400000,0.576644,1.725125,0.676644,9839,3048,silence_separator
c/coin.mp3,2.320000,0.546485,1.664717,0.646485,9526,2943,silence_separator
c/coincide.mp3,3.060000,0.918912,2.056644,1.018912,12451,4406,silence_separator
c/coincidence.mp3,3.240000,1.008753,2.155102,1.108753,13183,4823,silence_separator
c/cold.mp3,2.250000,0.497234,1.650794,0.597234,9213,2734,silence_separator
c/collaboration.mp3,3.400000,1.103900,2.213197,1.203900,13810,5241,silence_separator
c/collapse.mp3,2.720000,0.742630,1.874603,0.842630,11093,3779,silence_separator
c/collar.mp3,2.460000,0.608571,1.764036,0.708571,10048,3256,silence_separator
c/colleague.mp3,2.510000,0.630748,1.751519,0.730748,10257,3257,silence_separator
c/collect.mp3,2.590000,0.676599,1.812381,0.776599,10570,3465,silence_separator
c/collection.mp3,3.000000,0.889841,2.007256,0.989841,12242,4301,silence_separator
c/collective.mp3,3.000000,0.900771,2.006213,1.000771,12242,4406,silence_separator
c/college.mp3,2.660000,0.719864,1.843084,0.819864,10884,3675,silence_separator
c/collide.mp3,2.610000,0.687800,1.828209,0.787800,10675,3570,silence_separator
c/collision.mp3,2.820000,0.797823,1.916145,0.897823,11511,3988,silence_separator
c/colonel.mp3,2.400000,0.579048,1.731202,0.679048,9839,3047,silence_separator
c/colonial.mp3,2.900000,0.826712,1.992880,0.926712,11824,4092,silence_separator
c/colony.mp3,2.690000,0.717687,1.879138,0.817687,10988,3674,silence_separator
c/color.mp3,2.400000,0.574467,1.724989,0.674467,9839,3047,silence_separator
c/column.mp3,2.480000,0.624218,1.763764,0.724218,10152,3256,silence_separator
c/comb.mp3,2.300000,0.548889,1.659365,0.648889,9421,2943,silence_separator
c/combat.mp3,2.740000,0.745397,1.888163,0.845397,11198,3779,silence_separator
c/combination.mp3,3.320000,1.056735,2.174830,1.156735,13496,5032,silence_separator
c/combine.mp3,2.640000,0.707846,1.831429,0.807846,10779,3570,silence_separator
c/come.mp3,2.220000,0.497506,1.622041,0.597506,9108,2734,silence_separator
c/comedy.mp3,2.590000,0.655964,1.810748,0.755964,10571,3361,silence_separator
c/comet.mp3,2.480000,0.629796,1.751565,0.729796,10153,3257,silence_separator
c/comfort.mp3,2.640000,0.712608,1.830522,0.812608,10779,3674,silence_separator
c/comfortable.mp3,2.950000,0.851066,2.010295,0.951066,12033,4197,silence_separator
c/command.mp3,2.530000,0.650522,1.786576,0.750522,10361,3361,silence_separator
c/commander.mp3,2.800000,0.770522,1.917778,0.870522,11406,3883,silence_separator
c/commemorate.mp3,2.980000,0.871927,2.007256,0.971927,12138,4301,silence_separator
c/commence.mp3,2.770000,0.762857,1.900998,0.862857,11302,3779,silence_separator
c/commend.mp3,2.480000,0.636100,1.771610,0.736100,10152,3361,silence_separator
c/comment.mp3,2.610000,0.679274,1.809569,0.779274,10675,3466,silence_separator
c/commentary.mp3,3.130000,0.941497,2.098005,1.041497,12765,4510,silence_separator
c/commerce.mp3,2.640000,0.706757,1.830612,0.806757,10780,3570,silence_separator
c/commercial.mp3,2.870000,0.802676,1.958866,0.902676,11720,3988,silence_separator
c/commission.mp3,2.820000,0.810159,1.916689,0.910159,11511,3988,silence_separator
c/commit.mp3,2.510000,0.656327,1.771429,0.756327,10257,3361,silence_separator
c/commitment.mp3,2.930000,0.854512,1.978413,0.954512,11929,4197,silence_separator
c/committee.mp3,2.560000,0.659909,1.816009,0.759909,10466,3465,silence_separator
c/commodity.mp3,2.930000,0.848299,1.993832,0.948299,11929,4197,silence_separator
c/common.mp3,2.430000,0.593016,1.724354,0.693016,9944,3152,silence_separator
c/commonly.mp3,2.800000,0.769796,1.932789,0.869796,11407,3884,silence_separator
c/commonplace.mp3,3.240000,0.997642,2.138776,1.097642,13183,4719,silence_separator
c/commonwealth.mp3,2.950000,0.854739,2.004082,0.954739,12034,4197,silence_separator
c/communicate.mp3,3.270000,1.026893,2.154376,1.126893,13287,4928,silence_separator
c/communication.mp3,3.600000,1.200000,2.316508,1.300000,14646,5555,silence_separator
c/communism.mp3,3.210000,0.976463,2.121678,1.076463,13079,4719,silence_separator
c/communist.mp3,3.060000,0.928073,2.057188,1.028073,12451,4510,silence_separator
c/community.mp3,2.930000,0.850113,1.992154,0.950113,11929,4197,silence_separator
c/commute.mp3,2.560000,0.676327,1.784172,0.776327,10466,3465,silence_separator
c/compact.mp3,2.900000,0.822041,1.976689,0.922041,11825,4093,silence_separator
c/companion.mp3,2.930000,0.865397,1.977370,0.965397,11929,4197,silence_separator
c/company.mp3,2.640000,0.696009,1.844354,0.796009,10779,3570,silence_separator
c/comparable.mp3,2.870000,0.794422,1.968980,0.894422,11720,3988,silence_separator
c/comparative.mp3,3.190000,0.988526,2.096780,1.088526,12974,4719,silence_separator
c/compare.mp3,2.660000,0.718957,1.861134,0.818957,10884,3674,silence_separator
c/comparison.mp3,3.240000,1.016644,2.142086,1.116644,13183,4823,silence_separator
c/compartment.mp3,3.110000,0.938821,2.067029,1.038821,12660,4510,silence_separator
c/compass.mp3,2.660000,0.711474,1.845760,0.811474,10884,3570,silence_separator
c/compatible.mp3,3.110000,0.925442,2.082041,1.025442,12660,4510,silence_separator
c/compel.mp3,2.640000,0.687891,1.845896,0.787891,10779,3570,silence_separator
c/compensate.mp3,3.160000,0.951655,2.094694,1.051655,12870,4615,silence_separator
c/compete.mp3,2.690000,0.733968,1.861814,0.833968,10988,3674,silence_separator
c/competence.mp3,3.130000,0.950340,2.097914,1.050340,12765,4615,silence_separator
c/competent.mp3,3.030000,0.887891,2.021587,0.987891,12347,4302,silence_separator
c/competition.mp3,3.270000,1.010839,2.139819,1.110839,13288,4824,silence_separator
c/competitive.mp3,3.110000,0.945578,2.061950,1.045578,12660,4510,silence_separator
c/compile.mp3,2.740000,0.741134,1.904989,0.841134,11197,3779,silence_separator
c/complain.mp3,2.770000,0.782222,1.890567,0.882222,11302,3883,silence_separator
c/complaint.mp3,2.800000,0.783900,1.903855,0.883900,11406,3883,silence_separator
c/complement.mp3,3.000000,0.887710,2.019773,0.987710,12243,4302,silence_separator
c/complete.mp3,2.720000,0.757914,1.875102,0.857914,11093,3779,silence_separator
c/completely.mp3,3.000000,0.884444,2.038367,0.984444,12242,4301,silence_separator
c/complex.mp3,3.000000,0.884671,2.021678,0.984671,12242,4301,silence_separator
c/complicate.mp3,3.130000,0.941814,2.088073,1.041814,12765,4511,silence_separator
c/complicated.mp3,3.160000,0.964218,2.093243,1.064218,12870,4615,silence_separator
c/complication.mp3,3.400000,1.085488,2.213197,1.185488,13810,5137,silence_separator
c/compliment.mp3,3.000000,0.887710,2.019773,0.987710,12243,4302,silence_separator
c/comply.mp3,2.740000,0.762222,1.889524,0.862222,11197,3779,silence_separator
c/component.mp3,3.000000,0.886349,2.006984,0.986349,12242,4301,silence_separator
c/compose.mp3,2.800000,0.786984,1.905986,0.886984,11406,3883,silence_separator
c/composite.mp3,3.080000,0.922630,2.053787,1.022630,12556,4510,silence_separator
c/composition.mp3,3.210000,0.986621,2.108118,1.086621,13079,4719,silence_separator
c/compound.mp3,2.820000,0.799093,1.931791,0.899093,11511,3988,silence_separator
c/comprehension.mp3,3.340000,1.063492,2.189342,1.163492,13601,5032,silence_separator
c/comprehensive.mp3,3.400000,1.079819,2.192789,1.179819,13810,5137,silence_separator
c/compress.mp3,2.950000,0.851519,1.988526,0.951519,12034,4197,silence_separator
c/comprise.mp3,3.080000,0.922857,2.065941,1.022857,12556,4510,silence_separator
c/compromise.mp3,3.270000,1.020408,2.159637,1.120408,13287,4823,silence_separator
c/compulsory.mp3,3.190000,0.978594,2.128844,1.078594,12974,4719,silence_separator
c/compute.mp3,2.690000,0.747483,1.860499,0.847483,10988,3779,silence_separator
c/computer.mp3,2.740000,0.750839,1.907075,0.850839,11197,3779,silence_separator
c/comrade.mp3,2.610000,0.698549,1.842585,0.798549,10675,3570,silence_separator
c/conceal.mp3,2.820000,0.784399,1.934422,0.884399,11511,3883,silence_separator
c/concede.mp3,2.720000,0.754059,1.874422,0.854059,11093,3779,silence_separator
c/conceive.mp3,2.770000,0.792834,1.888889,0.892834,11302,3988,silence_separator
c/concentrate.mp3,3.240000,1.010023,2.145351,1.110023,13183,4823,silence_separator
c/concentration.mp3,3.530000,1.143401,2.269615,1.243401,14333,5346,silence_separator
c/concept.mp3,2.850000,0.816236,1.952834,0.916236,11615,3988,silence_separator
c/conception.mp3,3.160000,0.974739,2.094014,1.074739,12869,4719,silence_separator
c/concern.mp3,2.740000,0.767619,1.874150,0.867619,11197,3883,silence_separator
c/concerning.mp3,2.930000,0.858912,1.980227,0.958912,11929,4197,silence_separator
c/concert.mp3,2.770000,0.765125,1.903991,0.865125,11302,3884,silence_separator
c/concession.mp3,3.030000,0.910930,2.017596,1.010930,12347,4406,silence_separator
c/concise.mp3,3.030000,0.896916,2.035147,0.996916,12347,4406,silence_separator
c/conclude.mp3,2.740000,0.775737,1.889252,0.875737,11197,3883,silence_separator
c/conclusion.mp3,3.080000,0.931565,2.053741,1.031565,12556,4510,silence_separator
c/concrete.mp3,2.900000,0.832109,1.966122,0.932109,11824,4092,silence_separator
c/condemn.mp3,2.610000,0.694286,1.828345,0.794286,10675,3570,silence_separator
c/condense.mp3,2.850000,0.805941,1.950023,0.905941,11615,3988,silence_separator
c/condition.mp3,2.820000,0.805034,1.919819,0.905034,11511,3988,silence_separator
c/conduct.mp3,2.770000,0.762086,1.902993,0.862086,11302,3779,silence_separator
c/conductor.mp3,2.930000,0.848844,1.994739,0.948844,11929,4197,silence_separator
c/confer.mp3,2.720000,0.738050,1.879093,0.838050,11093,3674,silence_separator
c/conference.mp3,3.000000,0.870975,2.020363,0.970975,12243,4302,silence_separator
c/confess.mp3,2.930000,0.849070,1.989070,0.949070,11929,4197,silence_separator
c/confidence.mp3,3.110000,0.938413,2.082494,1.038413,12661,4511,silence_separator
c/confident.mp3,2.930000,0.833787,1.979184,0.933787,11929,4093,silence_separator
c/confidential.mp3,3.370000,1.048481,2.219592,1.148481,13706,4928,silence_separator
c/configuration.mp3,3.600000,1.201542,2.317823,1.301542,14646,5555,silence_separator
c/confine.mp3,2.820000,0.801769,1.918730,0.901769,11511,3988,silence_separator
c/confirm.mp3,2.740000,0.770703,1.892789,0.870703,11197,3883,silence_separator
c/conflict.mp3,2.930000,0.858594,1.995692,0.958594,11929,4197,silence_separator
c/conform.mp3,2.800000,0.794150,1.903583,0.894150,11406,3988,silence_separator
c/confront.mp3,2.900000,0.835918,1.958594,0.935918,11824,4092,silence_separator
c/confuse.mp3,2.980000,0.884535,2.004989,0.984535,12138,4301,silence_separator
c/confusion.mp3,3.030000,0.900091,2.023673,1.000091,12347,4406,silence_separator
c/congratulate.mp3,3.370000,1.062766,2.199955,1.162766,13705,5032,silence_separator
c/congratulation.mp3,3.630000,1.213379,2.330884,1.313379,14750,5659,silence_separator
c/congress.mp3,2.820000,0.804989,1.935692,0.904989,11511,3988,silence_separator
c/conjunction.mp3,3.190000,0.986440,2.110295,1.086440,12974,4719,silence_separator
c/connect.mp3,2.530000,0.658186,1.778186,0.758186,10361,3361,silence_separator
c/connection.mp3,2.850000,0.815692,1.931111,0.915692,11615,3988,silence_separator
c/conquer.mp3,2.560000,0.653424,1.805125,0.753424,10466,3361,silence_separator
c/conquest.mp3,3.000000,0.884762,2.022902,0.984762,12242,4301,silence_separator
c/conscience.mp3,2.980000,0.875646,2.010431,0.975646,12138,4301,silence_separator
c/conscientious.mp3,3.530000,1.154649,2.292608,1.254649,14332,5346,silence_separator
c/conscious.mp3,2.850000,0.819773,1.953469,0.919773,11615,4092,silence_separator
c/consciousness.mp3,3.290000,1.031927,2.171927,1.131927,13392,4928,silence_separator
c/consecutive.mp3,3.190000,0.994512,2.096599,1.094512,12974,4719,silence_separator
c/consensus.mp3,3.320000,1.049615,2.185306,1.149615,13496,4928,silence_separator
c/consent.mp3,2.740000,0.767075,1.885624,0.867075,11197,3883,silence_separator
c/consequence.mp3,3.340000,1.048299,2.196553,1.148299,13601,4928,silence_separator
c/consequent.mp3,3.130000,0.947256,2.076871,1.047256,12765,4615,silence_separator
c/consequently.mp3,3.370000,1.050385,2.211610,1.150385,13706,4928,silence_separator
c/conservation.mp3,3.420000,1.110023,2.231474,1.210023,13914,5241,silence_separator
c/conservative.mp3,3.210000,1.000136,2.112517,1.100136,13078,4823,silence_separator
c/conserve.mp3,2.740000,0.768254,1.875147,0.868254,11197,3883,silence_separator
c/consider.mp3,2.770000,0.763946,1.905079,0.863946,11302,3779,silence_separator
c/considerable.mp3,3.210000,0.978821,2.140091,1.078821,13078,4719,silence_separator
c/considerate.mp3,3.030000,0.920862,2.036372,1.020862,12347,4406,silence_separator
c/consideration.mp3,3.550000,1.170748,2.289433,1.270748,14437,5450,silence_separator
c/consist.mp3,2.850000,0.809887,1.929660,0.909887,11615,3988,silence_separator
c/consistent.mp3,3.060000,0.920454,2.051927,1.020454,12451,4406,silence_separator
c/consolidate.mp3,3.270000,1.021315,2.155011,1.121315,13287,4823,silence_separator
c/conspicuous.mp3,3.450000,1.103401,2.244626,1.203401,14019,5137,silence_separator
c/constant.mp3,2.870000,0.816644,1.954558,0.916644,11720,4092,silence_separator
c/constituent.mp3,3.240000,1.018050,2.138776,1.118050,13183,4823,silence_separator
c/constitution.mp3,3.550000,1.169297,2.294422,1.269297,14437,5450,silence_separator
c/constrain.mp3,2.820000,0.810068,1.919093,0.910068,11511,3988,silence_separator
c/construct.mp3,2.930000,0.854830,1.975782,0.954830,11929,4197,silence_separator
c/construction.mp3,3.320000,1.049478,2.168798,1.149478,13496,4928,silence_separator
c/consult.mp3,2.820000,0.799546,1.915011,0.899546,11511,3988,silence_separator
c/consultant.mp3,3.160000,0.972109,2.091927,1.072109,12869,4615,silence_separator
c/consume.mp3,2.720000,0.755601,1.874376,0.855601,11093,3779,silence_separator
c/consumer.mp3,2.850000,0.801270,1.947392,0.901270,11615,3988,silence_separator
c/consumption.mp3,3.130000,0.959048,2.079683,1.059048,12765,4615,silence_separator
c/contact.mp3,2.930000,0.851111,1.981995,0.951111,11929,4197,silence_separator
c/contain.mp3,2.740000,0.771474,1.874059,0.871474,11197,3883,silence_separator
c/container.mp3,2.820000,0.791791,1.934286,0.891791,11511,3988,silence_separator
c/contaminate.mp3,3.110000,0.948571,2.062812,1.048571,12660,4615,silence_separator
c/contemplate.mp3,3.210000,0.997143,2.129478,1.097143,13078,4719,silence_separator
c/contemporary.mp3,3.210000,0.992744,2.140771,1.092744,13078,4719,silence_separator
c/contempt.mp3,2.770000,0.764671,1.905034,0.864671,11302,3883,silence_separator
c/contend.mp3,2.690000,0.730839,1.876236,0.830839,10988,3674,silence_separator
c/content.mp3,2.850000,0.818685,1.937506,0.918685,11615,4092,silence_separator
c/contest.mp3,2.900000,0.845034,1.981769,0.945034,11824,4197,silence_separator
c/context.mp3,3.030000,0.912517,2.040317,1.012517,12347,4406,silence_separator
c/continent.mp3,2.900000,0.839093,1.959456,0.939093,11825,4093,silence_separator
c/continual.mp3,3.110000,0.923764,2.082630,1.023764,12660,4510,silence_separator
c/continue.mp3,2.930000,0.845533,1.973379,0.945533,11929,4197,silence_separator
c/continuous.mp3,3.290000,1.032880,2.166893,1.132880,13392,4928,silence_separator
c/contract.mp3,2.950000,0.855102,1.983946,0.955102,12034,4197,silence_separator
c/contradict.mp3,3.080000,0.928662,2.069297,1.028662,12556,4510,silence_separator
c/contradiction.mp3,3.470000,1.138367,2.260952,1.238367,14123,5346,silence_separator
c/contrary.mp3,2.930000,0.809388,1.961950,0.909388,11929,3988,silence_separator
c/contrast.mp3,3.060000,0.915873,2.040272,1.015873,12451,4406,silence_separator
c/contribute.mp3,2.980000,0.892698,2.006395,0.992698,12138,4301,silence_separator
c/contribution.mp3,3.450000,1.126395,2.249887,1.226395,14019,5241,silence_separator
c/contrive.mp3,2.870000,0.836145,1.949569,0.936145,11720,4092,silence_separator
c/control.mp3,2.690000,0.720907,1.874422,0.820907,10988,3674,silence_separator
c/controversial.mp3,3.340000,1.042676,2.203492,1.142676,13601,4928,silence_separator
c/controversy.mp3,3.340000,1.050703,2.201905,1.150703,13601,4928,silence_separator
c/convenience.mp3,3.160000,0.969796,2.110522,1.069796,12869,4615,silence_separator
c/convenient.mp3,2.980000,0.878413,2.007392,0.978413,12138,4301,silence_separator
c/convention.mp3,3.000000,0.909116,2.018367,1.009116,12242,4406,silence_separator
c/conventional.mp3,3.110000,0.919955,2.084671,1.019955,12660,4406,silence_separator
c/converge.mp3,2.800000,0.800998,1.919592,0.900998,11406,3988,silence_separator
c/conversation.mp3,3.400000,1.090658,2.216372,1.190658,13810,5137,silence_separator
c/conversely.mp3,3.030000,0.887211,2.052109,0.987211,12347,4301,silence_separator
c/conversion.mp3,2.900000,0.851791,1.963039,0.951791,11824,4197,silence_separator
c/convert.mp3,2.660000,0.724898,1.846531,0.824898,10884,3674,silence_separator
c/convey.mp3,2.480000,0.638231,1.750385,0.738231,10152,3361,silence_separator
c/convict.mp3,2.800000,0.774512,1.916916,0.874512,11407,3884,silence_separator
c/conviction.mp3,2.980000,0.887755,2.005805,0.987755,12138,4301,silence_separator
c/convince.mp3,2.850000,0.800272,1.949977,0.900272,11615,3988,silence_separator
c/cook.mp3,2.400000,0.588617,1.733968,0.688617,9839,3152,silence_separator
c/cool.mp3,2.300000,0.516508,1.665170,0.616508,9422,2839,silence_separator
c/cooperate.mp3,2.980000,0.882132,2.009478,0.982132,12138,4301,silence_separator
c/cooperative.mp3,3.190000,1.002358,2.111020,1.102358,12974,4823,silence_separator
c/coordinate.mp3,2.950000,0.873605,1.997098,0.973605,12033,4301,silence_separator
c/cope.mp3,2.120000,0.435374,1.574467,0.535374,8690,2525,silence_separator
c/copper.mp3,2.430000,0.592517,1.743719,0.692517,9943,3152,silence_separator
c/copy.mp3,2.400000,0.591927,1.727483,0.691927,9839,3152,silence_separator
c/cord.mp3,2.300000,0.535329,1.650884,0.635329,9422,2943,silence_separator
c/cordial.mp3,2.640000,0.680590,1.853515,0.780590,10779,3465,silence_separator
c/core.mp3,2.300000,0.533061,1.665578,0.633061,9422,2943,silence_separator
c/corn.mp3,2.300000,0.542222,1.650522,0.642222,9422,2943,silence_separator
c/corner.mp3,2.460000,0.590884,1.743900,0.690884,10048,3152,silence_separator
c/corporate.mp3,2.690000,0.740317,1.866757,0.840317,10988,3779,silence_separator
c/corporation.mp3,3.190000,0.974694,2.093741,1.074694,12974,4719,silence_separator
c/corps.mp3,2.300000,0.533061,1.665578,0.633061,9422,2943,silence_separator
c/correct.mp3,2.590000,0.678277,1.801134,0.778277,10570,3465,silence_separator
c/correction.mp3,2.950000,0.879274,1.992925,0.979274,12033,4301,silence_separator
c/correlate.mp3,2.740000,0.755465,1.886077,0.855465,11198,3779,silence_separator
c/correspond.mp3,3.060000,0.904535,2.052971,1.004535,12451,4406,silence_separator
c/correspondence.mp3,3.580000,1.178594,2.317234,1.278594,14541,5450,silence_separator
c/correspondent.mp3,3.370000,1.072517,2.198639,1.172517,13705,5032,silence_separator
c/corresponding.mp3,3.290000,1.032517,2.172880,1.132517,13392,4928,silence_separator
c/corridor.mp3,2.740000,0.758413,1.889660,0.858413,11198,3779,silence_separator
c/corrode.mp3,2.430000,0.615556,1.724036,0.715556,9943,3256,silence_separator
c/corrupt.mp3,2.480000,0.628435,1.757596,0.728435,10152,3256,silence_separator
c/cosmic.mp3,2.820000,0.783039,1.935964,0.883039,11511,3883,silence_separator
c/cost.mp3,2.430000,0.608889,1.732381,0.708889,9943,3256,silence_separator
c/costly.mp3,2.770000,0.758685,1.924127,0.858685,11302,3779,silence_separator
c/costume.mp3,2.870000,0.817778,1.953333,0.917778,11720,4092,silence_separator
c/cottage.mp3,2.660000,0.731156,1.847075,0.831156,10884,3674,silence_separator
c/cotton.mp3,2.300000,0.544399,1.668209,0.644399,9421,2943,silence_separator
c/couch.mp3,2.530000,0.664082,1.773832,0.764082,10361,3465,silence_separator
c/cough.mp3,2.380000,0.582721,1.716372,0.682721,9735,3152,silence_separator
c/could.mp3,2.190000,0.488571,1.618005,0.588571,9003,2734,silence_separator
c/council.mp3,2.690000,0.705760,1.873741,0.805760,10988,3570,silence_separator
c/counsel.mp3,2.690000,0.705760,1.873741,0.805760,10988,3570,silence_separator
c/count.mp3,2.350000,0.582358,1.673016,0.682358,9630,3152,silence_separator
c/counter.mp3,2.560000,0.662721,1.805442,0.762721,10466,3465,silence_separator
c/counterpart.mp3,3.130000,0.954195,2.072063,1.054195,12765,4615,silence_separator
c/country.mp3,2.640000,0.696145,1.846848,0.796145,10779,3570,silence_separator
c/countryside.mp3,3.190000,0.975420,2.110839,1.075420,12974,4719,silence_separator
c/county.mp3,2.560000,0.663129,1.805125,0.763129,10466,3465,silence_separator
c/couple.mp3,2.380000,0.562630,1.731156,0.662630,9735,3047,silence_separator
c/courage.mp3,2.640000,0.708980,1.835556,0.808980,10779,3570,silence_separator
c/course.mp3,2.560000,0.680771,1.794240,0.780771,10466,3465,silence_separator
c/court.mp3,2.460000,0.622449,1.746848,0.722449,10048,3256,silence_separator
c/courtesy.mp3,2.800000,0.775692,1.919683,0.875692,11406,3883,silence_separator
c/cousin.mp3,2.530000,0.661542,1.786122,0.761542,10361,3465,silence_separator
c/cover.mp3,2.300000,0.536145,1.683673,0.636145,9421,2943,silence_separator
c/cow.mp3,2.190000,0.503175,1.614603,0.603175,9003,2838,silence_separator
c/coward.mp3,2.350000,0.571474,1.697732,0.671474,9630,3047,silence_separator
c/crack.mp3,2.460000,0.608390,1.759592,0.708390,10048,3256,silence_separator
c/cradle.mp3,2.510000,0.624853,1.796190,0.724853,10257,3256,silence_separator
c/craft.mp3,2.460000,0.599773,1.740408,0.699773,10048,3152,silence_separator
c/crane.mp3,2.400000,0.604717,1.716327,0.704717,9839,3152,silence_separator
c/crash.mp3,2.560000,0.681361,1.789841,0.781361,10466,3465,silence_separator
c/crawl.mp3,2.380000,0.547937,1.709297,0.647937,9735,2943,silence_separator
c/crazy.mp3,2.640000,0.672744,1.834875,0.772744,10780,3466,silence_separator
c/cream.mp3,2.430000,0.595238,1.716100,0.695238,9944,3152,silence_separator
c/create.mp3,2.610000,0.688571,1.826077,0.788571,10675,3570,silence_separator
c/creation.mp3,2.950000,0.856463,1.974195,0.956463,12034,4197,silence_separator
c/creative.mp3,2.800000,0.798186,1.923129,0.898186,11406,3988,silence_separator
c/creature.mp3,2.610000,0.674195,1.827438,0.774195,10675,3466,silence_separator
c/credit.mp3,2.480000,0.641587,1.759683,0.741587,10152,3361,silence_separator
c/creep.mp3,2.300000,0.546893,1.672290,0.646893,9421,2943,silence_separator
c/crew.mp3,2.430000,0.595601,1.730839,0.695601,9943,3152,silence_separator
c/cricket.mp3,2.560000,0.677188,1.803764,0.777188,10466,3465,silence_separator
c/crime.mp3,2.400000,0.578821,1.713605,0.678821,9839,3048,silence_separator
c/criminal.mp3,2.590000,0.674059,1.833107,0.774059,10570,3465,silence_separator
c/cripple.mp3,2.400000,0.561633,1.740317,0.661633,9839,3048,silence_separator
c/crisis.mp3,2.930000,0.859410,1.995102,0.959410,11929,4197,silence_separator
c/crisp.mp3,2.380000,0.564218,1.694467,0.664218,9735,3048,silence_separator
c/criterion.mp3,3.160000,0.981406,2.099048,1.081406,12869,4719,silence_separator
c/critic.mp3,2.510000,0.649751,1.769478,0.749751,10257,3361,silence_separator
c/critical.mp3,2.640000,0.696190,1.862268,0.796190,10779,3570,silence_separator
c/criticism.mp3,3.110000,0.946712,2.083265,1.046712,12660,4510,silence_separator
c/criticize.mp3,3.270000,1.011746,2.156009,1.111746,13287,4823,silence_separator
c/crop.mp3,2.300000,0.539728,1.671610,0.639728,9421,2943,silence_separator
c/cross.mp3,2.560000,0.660181,1.797778,0.760181,10466,3466,silence_separator
c/crow.mp3,2.300000,0.533878,1.673469,0.633878,9421,2943,silence_separator
c/crowd.mp3,2.380000,0.563900,1.696054,0.663900,9735,3048,silence_separator
c/crown.mp3,2.430000,0.604172,1.726531,0.704172,9944,3152,silence_separator
c/crucial.mp3,2.660000,0.700998,1.867755,0.800998,10884,3570,silence_separator
c/crude.mp3,2.380000,0.584036,1.700998,0.684036,9735,3152,silence_separator
c/cruel.mp3,2.380000,0.554195,1.713696,0.654195,9735,2943,silence_separator
c/cruise.mp3,2.640000,0.716054,1.838413,0.816054,10779,3674,silence_separator
c/crush.mp3,2.400000,0.598685,1.706621,0.698685,9839,3152,silence_separator
c/crust.mp3,2.480000,0.635057,1.758413,0.735057,10152,3361,silence_separator
c/cry.mp3,2.270000,0.519184,1.649841,0.619184,9317,2839,silence_separator
c/crystal.mp3,2.690000,0.713424,1.876508,0.813424,10988,3674,silence_separator
c/cube.mp3,2.140000,0.477551,1.557052,0.577551,8794,2734,silence_separator
c/cubic.mp3,2.610000,0.667664,1.811565,0.767664,10675,3466,silence_separator
c/cucumber.mp3,2.900000,0.827256,1.982177,0.927256,11824,4092,silence_separator
c/cue.mp3,2.320000,0.542313,1.684036,0.642313,9526,2943,silence_separator
c/culminate.mp3,2.850000,0.812608,1.932154,0.912608,11615,3988,silence_separator
c/cultivate.mp3,2.930000,0.848662,1.980907,0.948662,11929,4197,silence_separator
c/culture.mp3,2.660000,0.707347,1.865896,0.807347,10884,3570,silence_separator
c/cumulative.mp3,3.370000,1.066032,2.182857,1.166032,13706,5033,silence_separator
c/cunning.mp3,2.430000,0.610159,1.723084,0.710159,9943,3256,silence_separator
c/cup.mp3,2.170000,0.471020,1.611020,0.571020,8899,2629,silence_separator
c/cupboard.mp3,2.320000,0.546667,1.677959,0.646667,9526,2943,silence_separator
c/curb.mp3,2.090000,0.457415,1.536961,0.557415,8585,2629,silence_separator
c/cure.mp3,2.300000,0.534512,1.668753,0.634512,9422,2943,silence_separator
c/curiosity.mp3,3.290000,1.010431,2.171519,1.110431,13392,4824,silence_separator
c/curious.mp3,2.950000,0.843946,1.997052,0.943946,12034,4197,silence_separator
c/curl.mp3,2.300000,0.527528,1.665397,0.627528,9422,2839,silence_separator
c/currency.mp3,2.740000,0.752381,1.893107,0.852381,11197,3779,silence_separator
c/current.mp3,2.430000,0.608844,1.726939,0.708844,9943,3256,silence_separator
c/curriculum.mp3,2.980000,0.878912,2.007710,0.978912,12138,4301,silence_separator
c/curse.mp3,2.300000,0.547755,1.652200,0.647755,9421,2943,silence_separator
c/curt.mp3,2.300000,0.547574,1.668889,0.647574,9421,2943,silence_separator
c/curtain.mp3,2.270000,0.533605,1.652789,0.633605,9317,2943,silence_separator
c/curve.mp3,2.250000,0.524399,1.628118,0.624399,9212,2838,silence_separator
c/cushion.mp3,2.560000,0.683311,1.792109,0.783311,10466,3465,silence_separator
c/custom.mp3,2.690000,0.733424,1.861043,0.833424,10988,3674,silence_separator
c/customary.mp3,3.110000,0.934921,2.083129,1.034921,12660,4510,silence_separator
c/customer.mp3,2.770000,0.767075,1.919955,0.867075,11302,3883,silence_separator
c/cut.mp3,2.400000,0.592698,1.715510,0.692698,9839,3152,silence_separator
c/cycle.mp3,2.660000,0.687800,1.876689,0.787800,10884,3570,silence_separator
c/cylinder.mp3,2.900000,0.826032,1.981859,0.926032,11824,4092,silence_separator
c/cynical.mp3,2.820000,0.772063,1.953152,0.872063,11511,3884,silence_separator
d/daily.mp3,2.510000,0.632971,1.791791,0.732971,10257,3256,silence_separator
d/dairy.mp3,2.400000,0.582812,1.730748,0.682812,9839,3152,silence_separator
d/dam.mp3,2.320000,0.538367,1.690703,0.638367,9526,2943,silence_separator
d/damage.mp3,2.720000,0.737596,1.866621,0.837596,11093,3675,silence_separator
d/damn.mp3,2.320000,0.538367,1.690703,0.638367,9526,2943,silence_separator
d/damp.mp3,2.250000,0.506939,1.643311,0.606939,9212,2838,silence_separator
d/dance.mp3,2.560000,0.660952,1.807528,0.760952,10466,3465,silence_separator
d/danger.mp3,2.640000,0.690930,1.855011,0.790930,10779,3570,silence_separator
d/dangerous.mp3,2.950000,0.858005,2.001814,0.958005,12033,4197,silence_separator
d/dare.mp3,2.320000,0.541587,1.691474,0.641587,9526,2943,silence_separator
d/daring.mp3,2.460000,0.615873,1.747256,0.715873,10048,3256,silence_separator
d/dark.mp3,2.380000,0.548345,1.697687,0.648345,9735,2943,silence_separator
d/darling.mp3,2.610000,0.693016,1.833379,0.793016,10675,3570,silence_separator
d/dash.mp3,2.480000,0.616100,1.750839,0.716100,10153,3257,silence_separator
d/data.mp3,2.320000,0.546621,1.687256,0.646621,9526,2943,silence_separator
d/date.mp3,2.380000,0.579138,1.715737,0.679138,9735,3047,silence_separator
d/daughter.mp3,2.460000,0.603356,1.760499,0.703356,10048,3152,silence_separator
d/dawn.mp3,2.350000,0.571791,1.690975,0.671791,9630,3047,silence_separator
d/day.mp3,2.300000,0.521043,1.672698,0.621043,9422,2839,silence_separator
d/daylight.mp3,2.770000,0.763311,1.909524,0.863311,11302,3779,silence_separator
d/dazzle.mp3,2.560000,0.641814,1.808435,0.741814,10466,3361,silence_separator
d/dead.mp3,2.270000,0.523810,1.647664,0.623810,9317,2839,silence_separator
d/deadly.mp3,2.510000,0.611973,1.781406,0.711973,10257,3257,silence_separator
d/deaf.mp3,2.480000,0.601723,1.755420,0.701723,10153,3152,silence_separator
d/deal.mp3,2.300000,0.507392,1.680454,0.607392,9422,2839,silence_separator
d/dear.mp3,2.250000,0.495964,1.652381,0.595964,9213,2734,silence_separator
d/death.mp3,2.350000,0.535873,1.694286,0.635873,9631,2943,silence_separator
d/debate.mp3,2.510000,0.628934,1.767664,0.728934,10257,3257,silence_separator
d/debt.mp3,2.430000,0.599637,1.722086,0.699637,9944,3152,silence_separator
d/decade.mp3,2.590000,0.670476,1.798503,0.770476,10571,3466,silence_separator
d/decay.mp3,2.560000,0.671383,1.787574,0.771383,10466,3465,silence_separator
d/deceit.mp3,2.610000,0.704172,1.831247,0.804172,10675,3570,silence_separator
d/deceive.mp3,2.660000,0.736372,1.833152,0.836372,10884,3674,silence_separator
d/december.mp3,2.770000,0.766395,1.924717,0.866395,11302,3883,silence_separator
d/decent.mp3,2.690000,0.716916,1.865442,0.816916,10989,3675,silence_separator
d/decide.mp3,2.690000,0.729615,1.867483,0.829615,10988,3674,silence_separator
d/decimal.mp3,2.720000,0.718050,1.886803,0.818050,11093,3675,silence_separator
d/decision.mp3,2.850000,0.814739,1.937778,0.914739,11615,3988,silence_separator
d/decisive.mp3,3.060000,0.931565,2.038685,1.031565,12451,4510,silence_separator
d/deck.mp3,2.350000,0.542540,1.695782,0.642540,9631,2943,silence_separator
d/declaration.mp3,3.190000,0.976463,2.112608,1.076463,12974,4719,silence_separator
d/declare.mp3,2.720000,0.733107,1.880499,0.833107,11093,3674,silence_separator
d/decline.mp3,2.820000,0.799274,1.924853,0.899274,11511,3988,silence_separator
d/decorate.mp3,2.800000,0.779773,1.915828,0.879773,11407,3884,silence_separator
d/decrease.mp3,2.850000,0.821814,1.954739,0.921814,11616,4093,silence_separator
d/dedicate.mp3,2.950000,0.859456,2.001769,0.959456,12033,4197,silence_separator
d/deduce.mp3,2.690000,0.733243,1.860998,0.833243,10988,3674,silence_separator
d/deed.mp3,2.250000,0.511066,1.642358,0.611066,9213,2839,silence_separator
d/deem.mp3,2.220000,0.506077,1.616417,0.606077,9108,2839,silence_separator
d/deep.mp3,2.190000,0.468662,1.633515,0.568662,9004,2630,silence_separator
d/deepen.mp3,2.510000,0.637732,1.781134,0.737732,10257,3361,silence_separator
d/deer.mp3,2.250000,0.495964,1.652381,0.595964,9213,2734,silence_separator
d/defeat.mp3,2.640000,0.709433,1.836009,0.809433,10779,3570,silence_separator
d/defect.mp3,2.800000,0.778095,1.930658,0.878095,11407,3884,silence_separator
d/defence.mp3,2.900000,0.814649,1.975601,0.914649,11825,3988,silence_separator
d/defend.mp3,2.660000,0.720680,1.866168,0.820680,10884,3674,silence_separator
d/deficiency.mp3,3.290000,1.022222,2.172880,1.122222,13392,4823,silence_separator
d/deficit.mp3,2.950000,0.852744,1.988481,0.952744,12034,4197,silence_separator
d/define.mp3,2.720000,0.756100,1.871247,0.856100,11093,3779,silence_separator
d/definite.mp3,2.770000,0.755782,1.885578,0.855782,11302,3779,silence_separator
d/definitely.mp3,2.980000,0.858821,2.020363,0.958821,12138,4197,silence_separator
d/definition.mp3,3.080000,0.929569,2.046077,1.029569,12556,4511,silence_separator
d/defy.mp3,2.560000,0.668345,1.786259,0.768345,10466,3465,silence_separator
d/degenerate.mp3,3.110000,0.932290,2.066485,1.032290,12660,4510,silence_separator
d/degrade.mp3,2.660000,0.727846,1.851293,0.827846,10884,3674,silence_separator
d/degree.mp3,2.560000,0.661134,1.806757,0.761134,10466,3465,silence_separator
d/delay.mp3,2.460000,0.612381,1.741950,0.712381,10048,3256,silence_separator
d/delegate.mp3,2.850000,0.793243,1.931383,0.893243,11616,3988,silence_separator
d/delegation.mp3,3.270000,1.005714,2.140544,1.105714,13288,4824,silence_separator
d/delete.mp3,2.480000,0.640408,1.757732,0.740408,10152,3361,silence_separator
d/deliberate.mp3,2.900000,0.851927,1.968753,0.951927,11824,4197,silence_separator
d/delicate.mp3,2.900000,0.827302,1.959320,0.927302,11825,4093,silence_separator
d/delicious.mp3,3.080000,0.938005,2.068934,1.038005,12556,4510,silence_separator
d/delight.mp3,2.660000,0.721769,1.850567,0.821769,10884,3674,silence_separator
d/deliver.mp3,2.640000,0.696644,1.840499,0.796644,10780,3570,silence_separator
d/delivery.mp3,2.820000,0.793515,1.938050,0.893515,11511,3988,silence_separator
d/delta.mp3,2.480000,0.617007,1.772154,0.717007,10153,3257,silence_separator
d/demand.mp3,2.610000,0.706440,1.833107,0.806440,10675,3570,silence_separator
d/democracy.mp3,3.130000,0.935556,2.090476,1.035556,12765,4511,silence_separator
d/democratic.mp3,3.210000,0.983175,2.120726,1.083175,13079,4719,silence_separator
d/demonstrate.mp3,3.110000,0.938322,2.074785,1.038322,12661,4511,silence_separator
d/denial.mp3,2.690000,0.714875,1.876961,0.814875,10988,3674,silence_separator
d/denote.mp3,2.460000,0.635737,1.722494,0.735737,10048,3361,silence_separator
d/denounce.mp3,2.740000,0.761723,1.886757,0.861723,11197,3779,silence_separator
d/dense.mp3,2.480000,0.606395,1.752018,0.706395,10153,3152,silence_separator
d/density.mp3,2.690000,0.721905,1.882449,0.821905,10988,3674,silence_separator
d/dentist.mp3,2.770000,0.767029,1.904535,0.867029,11302,3884,silence_separator
d/deny.mp3,2.430000,0.604218,1.721134,0.704218,9943,3152,silence_separator
d/depart.mp3,2.720000,0.747710,1.856190,0.847710,11093,3779,silence_separator
d/department.mp3,2.950000,0.877279,1.988163,0.977279,12033,4301,silence_separator
d/departure.mp3,2.930000,0.848163,1.997370,0.948163,11929,4197,silence_separator
d/depend.mp3,2.640000,0.709433,1.840816,0.809433,10779,3570,silence_separator
d/dependent.mp3,2.950000,0.865125,1.988526,0.965125,12033,4197,silence_separator
d/depict.mp3,2.720000,0.738776,1.878866,0.838776,11093,3779,silence_separator
d/deposit.mp3,2.980000,0.890068,2.003311,0.990068,12138,4301,silence_separator
d/depress.mp3,2.870000,0.820544,1.939728,0.920544,11720,4092,silence_separator
d/depression.mp3,2.870000,0.827574,1.943129,0.927574,11720,4092,silence_separator
d/deprive.mp3,2.820000,0.798141,1.914014,0.898141,11511,3988,silence_separator
d/depth.mp3,2.250000,0.494059,1.650612,0.594059,9213,2734,silence_separator
d/depute.mp3,2.640000,0.714286,1.832154,0.814286,10779,3674,silence_separator
d/derive.mp3,2.690000,0.745941,1.861134,0.845941,10988,3779,silence_separator
d/descend.mp3,2.660000,0.720771,1.862494,0.820771,10884,3674,silence_separator
d/descendant.mp3,3.000000,0.899002,2.029342,0.999002,12242,4406,silence_separator
d/descent.mp3,2.660000,0.724263,1.852653,0.824263,10884,3674,silence_separator
d/describe.mp3,2.610000,0.717732,1.824218,0.817732,10675,3674,silence_separator
d/description.mp3,3.080000,0.931927,2.049751,1.031927,12556,4510,silence_separator
d/desert.mp3,2.590000,0.663220,1.799320,0.763220,10571,3466,silence_separator
d/deserve.mp3,2.560000,0.686667,1.801723,0.786667,10466,3570,silence_separator
d/design.mp3,2.660000,0.725986,1.850839,0.825986,10884,3674,silence_separator
d/designate.mp3,3.000000,0.886848,2.026531,0.986848,12242,4301,silence_separator
d/desirable.mp3,3.000000,0.872880,2.039955,0.972880,12242,4301,silence_separator
d/desire.mp3,2.820000,0.780363,1.932154,0.880363,11511,3883,silence_separator
d/desk.mp3,2.480000,0.607800,1.758050,0.707800,10153,3257,silence_separator
d/despair.mp3,2.740000,0.737596,1.881769,0.837596,11198,3675,silence_separator
d/despatch.mp3,3.060000,0.896009,2.051610,0.996009,12452,4406,silence_separator
d/desperate.mp3,2.770000,0.771066,1.903039,0.871066,11302,3884,silence_separator
d/despise.mp3,3.130000,0.951156,2.100091,1.051156,12765,4615,silence_separator
d/despite.mp3,2.820000,0.794603,1.928844,0.894603,11511,3988,silence_separator
d/destination.mp3,3.340000,1.057370,2.183401,1.157370,13601,5033,silence_separator
d/destined.mp3,2.690000,0.717007,1.879456,0.817007,10989,3675,silence_separator
d/destiny.mp3,2.770000,0.746667,1.904853,0.846667,11302,3779,silence_separator
d/destroy.mp3,2.740000,0.767619,1.880091,0.867619,11197,3883,silence_separator
d/destruction.mp3,3.160000,0.978141,2.090023,1.078141,12869,4719,silence_separator
d/destructive.mp3,3.110000,0.953243,2.069705,1.053243,12660,4615,silence_separator
d/detach.mp3,2.930000,0.853923,1.993515,0.953923,11929,4197,silence_separator
d/detail.mp3,2.690000,0.721950,1.881678,0.821950,10989,3675,silence_separator
d/detect.mp3,2.770000,0.776825,1.903764,0.876825,11302,3883,silence_separator
d/detection.mp3,3.060000,0.919864,2.036825,1.019864,12451,4406,silence_separator
d/detective.mp3,3.060000,0.932154,2.036508,1.032154,12451,4510,silence_separator
d/deteriorate.mp3,3.370000,1.067120,2.200227,1.167120,13705,5032,silence_separator
d/determination.mp3,3.530000,1.161043,2.270839,1.261043,14332,5450,silence_separator
d/determine.mp3,2.820000,0.797370,1.922132,0.897370,11511,3988,silence_separator
d/develop.mp3,2.590000,0.657959,1.807891,0.757959,10571,3361,silence_separator
d/development.mp3,3.130000,0.954649,2.085170,1.054649,12765,4615,silence_separator
d/deviate.mp3,2.740000,0.744490,1.895283,0.844490,11198,3779,silence_separator
d/device.mp3,2.740000,0.758549,1.907302,0.858549,11197,3779,silence_separator
d/devil.mp3,2.380000,0.539184,1.727755,0.639184,9735,2943,silence_separator
d/devise.mp3,2.820000,0.796689,1.934014,0.896689,11511,3988,silence_separator
d/devote.mp3,2.510000,0.664898,1.774104,0.764898,10257,3465,silence_separator
d/dew.mp3,2.300000,0.522902,1.672880,0.622902,9422,2839,silence_separator
d/diagnose.mp3,3.110000,0.918549,2.066395,1.018549,12661,4406,silence_separator
d/diagram.mp3,2.850000,0.802268,1.947528,0.902268,11616,3988,silence_separator
d/dial.mp3,2.430000,0.573651,1.750658,0.673651,9944,3048,silence_separator
d/dialect.mp3,2.850000,0.810522,1.950703,0.910522,11616,3988,silence_separator
d/dialog.mp3,2.820000,0.789977,1.931519,0.889977,11511,3884,silence_separator
d/diameter.mp3,2.870000,0.792608,1.960136,0.892608,11720,3988,silence_separator
d/diamond.mp3,2.530000,0.635102,1.797279,0.735102,10362,3361,silence_separator
d/diary.mp3,2.640000,0.690023,1.842358,0.790023,10780,3570,silence_separator
d/dictate.mp3,2.850000,0.783628,1.933424,0.883628,11616,3884,silence_separator
d/dictation.mp3,3.000000,0.897007,2.010567,0.997007,12242,4406,silence_separator
d/dictionary.mp3,3.110000,0.914966,2.086712,1.014966,12661,4406,silence_separator
d/die.mp3,2.270000,0.513288,1.652063,0.613288,9317,2839,silence_separator
d/diet.mp3,2.480000,0.628980,1.748889,0.728980,10153,3257,silence_separator
d/differ.mp3,2.380000,0.567483,1.714694,0.667483,9735,3048,silence_separator
d/difference.mp3,2.820000,0.785850,1.939501,0.885850,11511,3884,silence_separator
d/different.mp3,2.660000,0.706712,1.853333,0.806712,10884,3570,silence_separator
d/differentiate.mp3,3.370000,1.069433,2.218821,1.169433,13706,5033,silence_separator
d/difficult.mp3,2.800000,0.785034,1.922222,0.885034,11407,3884,silence_separator
d/difficulty.mp3,3.130000,0.922268,2.104399,1.022268,12765,4511,silence_separator
d/diffuse.mp3,2.820000,0.799093,1.938458,0.899093,11511,3988,silence_separator
d/dig.mp3,2.120000,0.433379,1.567166,0.533379,8690,2525,silence_separator
d/digest.mp3,2.900000,0.826712,1.973515,0.926712,11825,4093,silence_separator
d/digital.mp3,2.660000,0.682404,1.860408,0.782404,10884,3466,silence_separator
d/dignity.mp3,2.660000,0.699637,1.865986,0.799637,10884,3570,silence_separator
d/dilemma.mp3,2.660000,0.715011,1.853923,0.815011,10884,3675,silence_separator
d/diligent.mp3,2.950000,0.844263,1.999320,0.944263,12034,4197,silence_separator
d/dilute.mp3,2.720000,0.754059,1.881587,0.854059,11093,3779,silence_separator
d/dim.mp3,1.020000,0.385170,0.441633,0.413401,4302,2003,silence_separator
d/dimension.mp3,2.900000,0.853107,1.966531,0.953107,11824,4197,silence_separator
d/diminish.mp3,2.850000,0.835147,1.937052,0.935147,11615,4092,silence_separator
d/dine.mp3,2.400000,0.577642,1.720862,0.677642,9839,3048,silence_separator
d/dinner.mp3,2.320000,0.518413,1.679365,0.618413,9526,2839,silence_separator
d/dip.mp3,2.170000,0.449388,1.594014,0.549388,8899,2525,silence_separator
d/diploma.mp3,2.800000,0.793061,1.914467,0.893061,11406,3988,silence_separator
d/diplomatic.mp3,3.240000,0.982721,2.146440,1.082721,13183,4719,silence_separator
d/direct.mp3,2.640000,0.703764,1.830567,0.803764,10779,3570,silence_separator
d/direction.mp3,2.900000,0.837778,1.953288,0.937778,11825,4093,silence_separator
d/directly.mp3,2.900000,0.823175,1.981723,0.923175,11824,4092,silence_separator
d/director.mp3,2.770000,0.775011,1.922494,0.875011,11302,3883,silence_separator
d/directory.mp3,2.950000,0.855011,2.001088,0.955011,12033,4197,silence_separator
d/dirt.mp3,2.320000,0.556190,1.668889,0.656190,9526,3047,silence_separator
d/dirty.mp3,2.320000,0.546032,1.696372,0.646032,9526,2943,silence_separator
d/disable.mp3,2.720000,0.720907,1.881134,0.820907,11093,3675,silence_separator
d/disadvantage.mp3,3.580000,1.149297,2.305986,1.249297,14542,5346,silence_separator
d/disagree.mp3,2.850000,0.794240,1.953016,0.894240,11616,3988,silence_separator
d/disappear.mp3,2.930000,0.834331,1.998639,0.934331,11929,4093,silence_separator
d/disappoint.mp3,3.080000,0.924626,2.070839,1.024626,12556,4511,silence_separator
d/disaster.mp3,3.060000,0.900136,2.054376,1.000136,12451,4406,silence_separator
d/disastrous.mp3,3.290000,1.026531,2.170385,1.126531,13392,4928,silence_separator
d/discard.mp3,2.660000,0.716145,1.852653,0.816145,10884,3675,silence_separator
d/discern.mp3,2.590000,0.689705,1.805397,0.789705,10570,3570,silence_separator
d/discharge.mp3,3.030000,0.893560,2.038005,0.993560,12347,4302,silence_separator
d/discipline.mp3,2.930000,0.841270,1.984853,0.941270,11929,4093,silence_separator
d/disclose.mp3,2.950000,0.864671,1.998413,0.964671,12033,4197,silence_separator
d/discount.mp3,2.870000,0.825805,1.957007,0.925805,11720,4093,silence_separator
d/discourage.mp3,3.030000,0.913832,2.041451,1.013832,12347,4406,silence_separator
d/discover.mp3,2.770000,0.766893,1.918821,0.866893,11302,3883,silence_separator
d/discovery.mp3,3.030000,0.898685,2.043220,0.998685,12347,4406,silence_separator
d/discrepancy.mp3,3.320000,1.027483,2.182086,1.127483,13497,4928,silence_separator
d/discrete.mp3,2.820000,0.792971,1.921950,0.892971,11511,3988,silence_separator
d/discriminate.mp3,3.130000,0.945397,2.077415,1.045397,12765,4511,silence_separator
d/discuss.mp3,2.930000,0.839184,1.973651,0.939184,11929,4093,silence_separator
d/discussion.mp3,2.980000,0.893968,2.005397,0.993968,12138,4301,silence_separator
d/disease.mp3,2.770000,0.771429,1.905442,0.871429,11302,3883,silence_separator
d/disguise.mp3,3.060000,0.895147,2.042222,0.995147,12452,4406,silence_separator
d/disgust.mp3,2.900000,0.829478,1.969615,0.929478,11825,4093,silence_separator
d/dish.mp3,2.350000,0.566485,1.684943,0.666485,9631,3048,silence_separator
d/dishonour.mp3,2.820000,0.793333,1.937370,0.893333,11511,3988,silence_separator
d/disk.mp3,2.350000,0.568934,1.687755,0.668934,9631,3048,silence_separator
d/dislike.mp3,2.820000,0.797596,1.955737,0.897596,11511,3988,silence_separator
d/dismay.mp3,2.530000,0.639773,1.766213,0.739773,10362,3361,silence_separator
d/dismiss.mp3,2.870000,0.827937,1.965850,0.927937,11720,4092,silence_separator
d/disorder.mp3,2.800000,0.775283,1.923991,0.875283,11406,3883,silence_separator
d/dispatch.mp3,3.060000,0.896009,2.051610,0.996009,12452,4406,silence_separator
d/disperse.mp3,2.930000,0.848526,1.981270,0.948526,11929,4197,silence_separator
d/displace.mp3,3.000000,0.883855,2.013651,0.983855,12243,4302,silence_separator
d/display.mp3,2.820000,0.792744,1.939864,0.892744,11511,3988,silence_separator
d/displease.mp3,3.000000,0.872698,2.013333,0.972698,12243,4302,silence_separator
d/disposal.mp3,3.060000,0.903673,2.071474,1.003673,12451,4406,silence_separator
d/dispose.mp3,2.930000,0.865760,1.981950,0.965760,11929,4197,silence_separator
d/disposition.mp3,3.290000,1.036916,2.161361,1.136916,13392,4928,silence_separator
d/dispute.mp3,2.820000,0.798413,1.924218,0.898413,11511,3988,silence_separator
d/disregard.mp3,3.060000,0.890340,2.043084,0.990340,12452,4302,silence_separator
d/disrupt.mp3,2.720000,0.743719,1.880680,0.843719,11093,3779,silence_separator
d/dissatisfy.mp3,3.420000,1.105986,2.233243,1.205986,13914,5241,silence_separator
d/dissipate.mp3,2.950000,0.855374,1.993832,0.955374,12034,4197,silence_separator
d/dissolve.mp3,2.640000,0.725442,1.827574,0.825442,10779,3674,silence_separator
d/distance.mp3,2.900000,0.829841,1.982993,0.929841,11825,4093,silence_separator
d/distant.mp3,2.660000,0.711474,1.852381,0.811474,10884,3570,silence_separator
d/distil.mp3,2.720000,0.720045,1.885170,0.820045,11093,3675,silence_separator
d/distinct.mp3,2.740000,0.730930,1.884490,0.830930,11198,3675,silence_separator
d/distinction.mp3,3.130000,0.950204,2.076735,1.050204,12765,4615,silence_separator
d/distinguish.mp3,3.160000,0.989615,2.101905,1.089615,12869,4719,silence_separator
d/distort.mp3,2.770000,0.783583,1.905896,0.883583,11302,3883,silence_separator
d/distract.mp3,2.930000,0.850249,1.982222,0.950249,11929,4197,silence_separator
d/distress.mp3,3.000000,0.893560,2.026304,0.993560,12242,4301,silence_separator
d/distribute.mp3,3.060000,0.922494,2.043946,1.022494,12451,4510,silence_separator
d/distribution.mp3,3.340000,1.072698,2.190930,1.172698,13601,5032,silence_separator
d/district.mp3,2.800000,0.772245,1.925170,0.872245,11407,3884,silence_separator
d/disturb.mp3,2.530000,0.688163,1.762404,0.788163,10361,3570,silence_separator
d/disturbance.mp3,3.160000,0.976553,2.116508,1.076553,12869,4719,silence_separator
d/ditch.mp3,2.430000,0.598866,1.729478,0.698866,9944,3152,silence_separator
d/dive.mp3,2.480000,0.623537,1.749615,0.723537,10153,3257,silence_separator
d/diverse.mp3,2.770000,0.771791,1.903719,0.871791,11302,3883,silence_separator
d/diversion.mp3,2.870000,0.830295,1.953379,0.930295,11720,4092,silence_separator
d/divert.mp3,2.640000,0.708163,1.829615,0.808163,10779,3570,silence_separator
d/divide.mp3,2.590000,0.677823,1.816463,0.777823,10570,3465,silence_separator
d/divine.mp3,2.640000,0.708345,1.831610,0.808345,10779,3570,silence_separator
d/division.mp3,2.800000,0.796689,1.921995,0.896689,11406,3988,silence_separator
d/divorce.mp3,2.800000,0.796871,1.914150,0.896871,11406,3988,silence_separator
d/dizzy.mp3,2.400000,0.565261,1.722948,0.665261,9839,3048,silence_separator
d/do.mp3,2.300000,0.522902,1.672880,0.622902,9422,2839,silence_separator
d/dock.mp3,2.380000,0.570748,1.719048,0.670748,9735,3048,silence_separator
d/doctor.mp3,2.590000,0.661179,1.827075,0.761179,10571,3466,silence_separator
d/doctrine.mp3,2.690000,0.728027,1.855918,0.828027,10989,3675,silence_separator
d/document.mp3,3.000000,0.887075,2.033696,0.987075,12243,4302,silence_separator
d/dog.mp3,2.300000,0.520726,1.661406,0.620726,9422,2839,silence_separator
d/dollar.mp3,2.460000,0.597279,1.758912,0.697279,10048,3152,silence_separator
d/domain.mp3,2.590000,0.686757,1.805896,0.786757,10570,3570,silence_separator
d/dome.mp3,2.270000,0.537732,1.660454,0.637732,9317,2943,silence_separator
d/domestic.mp3,3.060000,0.918639,2.054649,1.018639,12451,4406,silence_separator
d/dominant.mp3,2.770000,0.766667,1.912109,0.866667,11302,3884,silence_separator
d/dominate.mp3,2.770000,0.759546,1.903492,0.859546,11302,3779,silence_separator
d/donate.mp3,2.560000,0.661361,1.775964,0.761361,10466,3466,silence_separator
d/donkey.mp3,2.660000,0.695283,1.873107,0.795283,10884,3570,silence_separator
d/doom.mp3,2.270000,0.522268,1.645805,0.622268,9317,2839,silence_separator
d/door.mp3,2.300000,0.528435,1.668707,0.628435,9421,2838,silence_separator
d/dorm.mp3,2.320000,0.553605,1.667120,0.653605,9526,2943,silence_separator
d/dormitory.mp3,3.080000,0.908889,2.057596,1.008889,12556,4406,silence_separator
d/dose.mp3,2.380000,0.580499,1.689297,0.680499,9735,3048,silence_separator
d/dot.mp3,2.380000,0.578141,1.698912,0.678141,9735,3047,silence_separator
d/double.mp3,2.320000,0.515510,1.695556,0.615510,9526,2839,silence_separator
d/doubt.mp3,2.380000,0.578957,1.697596,0.678957,9735,3047,silence_separator
d/doubtful.mp3,2.660000,0.690113,1.883129,0.790113,10884,3570,silence_separator
d/doubtless.mp3,2.770000,0.764218,1.902268,0.864218,11302,3884,silence_separator
d/down.mp3,2.380000,0.573832,1.694150,0.673832,9735,3048,silence_separator
d/downstairs.mp3,3.270000,1.020045,2.155737,1.120045,13288,4824,silence_separator
d/downward.mp3,2.530000,0.648889,1.789433,0.748889,10361,3361,silence_separator
d/dozen.mp3,2.530000,0.655238,1.794603,0.755238,10361,3361,silence_separator
d/draft.mp3,2.510000,0.647075,1.775465,0.747075,10257,3361,silence_separator
d/drag.mp3,2.460000,0.611973,1.745306,0.711973,10048,3256,silence_separator
d/dragon.mp3,2.560000,0.674694,1.809116,0.774694,10466,3465,silence_separator
d/drain.mp3,2.460000,0.625079,1.729841,0.725079,10048,3256,silence_separator
d/drainage.mp3,2.800000,0.791020,1.907166,0.891020,11406,3988,silence_separator
d/drama.mp3,2.530000,0.649569,1.790249,0.749569,10361,3361,silence_separator
d/dramatic.mp3,2.980000,0.870884,2.006032,0.970884,12138,4301,silence_separator
d/dramatization.mp3,3.580000,1.190612,2.303311,1.290612,14541,5555,silence_separator
d/drastic.mp3,2.900000,0.829025,1.982268,0.929025,11824,4092,silence_separator
d/draw.mp3,2.220000,0.512834,1.611247,0.612834,9108,2838,silence_separator
d/drawback.mp3,2.800000,0.772971,1.937551,0.872971,11406,3883,silence_separator
d/drawer.mp3,2.380000,0.581134,1.710748,0.681134,9735,3047,silence_separator
d/drawing.mp3,2.510000,0.652154,1.773333,0.752154,10257,3361,silence_separator
d/dread.mp3,2.300000,0.548163,1.669524,0.648163,9421,2943,silence_separator
d/dream.mp3,2.380000,0.592472,1.697460,0.692472,9735,3152,silence_separator
d/dress.mp3,2.560000,0.670703,1.801542,0.770703,10466,3465,silence_separator
d/drift.mp3,2.400000,0.586440,1.713107,0.686440,9839,3152,silence_separator
d/drill.mp3,2.320000,0.540227,1.682132,0.640227,9526,2943,silence_separator
d/drink.mp3,2.460000,0.610113,1.755692,0.710113,10048,3256,silence_separator
d/drip.mp3,2.250000,0.512336,1.639456,0.612336,9212,2838,silence_separator
d/drive.mp3,2.530000,0.659592,1.771791,0.759592,10361,3361,silence_separator
d/driver.mp3,2.510000,0.643946,1.775737,0.743946,10257,3361,silence_separator
d/drop.mp3,2.300000,0.528934,1.673061,0.628934,9421,2838,silence_separator
d/drought.mp3,2.460000,0.628753,1.743356,0.728753,10048,3256,silence_separator
d/drown.mp3,2.460000,0.630794,1.746122,0.730794,10048,3256,silence_separator
d/drug.mp3,2.400000,0.596100,1.725306,0.696100,9839,3152,silence_separator
d/drum.mp3,2.350000,0.563356,1.699501,0.663356,9630,3047,silence_separator
d/drunk.mp3,2.430000,0.598050,1.747619,0.698050,9943,3152,silence_separator
d/dry.mp3,2.350000,0.571701,1.687846,0.671701,9630,3047,silence_separator
d/dual.mp3,2.270000,0.501859,1.678458,0.601859,9317,2734,silence_separator
d/dubious.mp3,2.800000,0.775601,1.923900,0.875601,11407,3884,silence_separator
d/duck.mp3,2.350000,0.553469,1.699501,0.653469,9630,2943,silence_separator
d/due.mp3,2.300000,0.522902,1.672880,0.622902,9422,2839,silence_separator
d/dull.mp3,2.250000,0.502540,1.657098,0.602540,9212,2734,silence_separator
d/dumb.mp3,2.270000,0.521088,1.659728,0.621088,9317,2838,silence_separator
d/dump.mp3,2.140000,0.460907,1.603311,0.560907,8794,2629,silence_separator
d/duplicate.mp3,2.950000,0.853696,1.989615,0.953696,12034,4197,silence_separator
d/durable.mp3,2.560000,0.637732,1.816735,0.737732,10466,3361,silence_separator
d/duration.mp3,2.870000,0.833379,1.948844,0.933379,11720,4092,silence_separator
d/during.mp3,2.320000,0.539955,1.667800,0.639955,9526,2943,silence_separator
d/dusk.mp3,2.350000,0.560408,1.677370,0.660408,9631,3048,silence_separator
d/dust.mp3,2.380000,0.561950,1.693968,0.661950,9735,3048,silence_separator
d/duty.mp3,2.320000,0.528118,1.688707,0.628118,9526,2839,silence_separator
d/dwell.mp3,2.300000,0.537234,1.673469,0.637234,9421,2943,silence_separator
d/dwelling.mp3,2.640000,0.703311,1.843810,0.803311,10779,3570,silence_separator
d/dye.mp3,2.270000,0.513288,1.652063,0.613288,9317,2839,silence_separator
d/dying.mp3,2.380000,0.561723,1.707710,0.661723,9735,3048,silence_separator
d/dynamic.mp3,2.900000,0.815238,1.956644,0.915238,11825,3988,silence_separator
e/each.mp3,2.270000,0.530204,1.637143,0.630204,9317,2943,silence_separator
e/eager.mp3,2.380000,0.589206,1.705624,0.689206,9735,3152,silence_separator
e/eagle.mp3,2.380000,0.572018,1.720952,0.672018,9735,3048,silence_separator
e/ear.mp3,2.220000,0.498866,1.624853,0.598866,9108,2734,silence_separator
e/early.mp3,2.350000,0.558141,1.703039,0.658141,9630,3047,silence_separator
e/earn.mp3,2.040000,0.430068,1.510476,0.530068,8376,2525,silence_separator
e/earnest.mp3,2.510000,0.651293,1.772517,0.751293,10257,3361,silence_separator
e/earnings.mp3,2.800000,0.777234,1.918549,0.877234,11406,3883,silence_separator
e/earth.mp3,2.060000,0.419955,1.546984,0.519955,8481,2420,silence_separator
e/earthquake.mp3,2.850000,0.820272,1.949478,0.920272,11615,4092,silence_separator
e/ease.mp3,2.400000,0.603129,1.714376,0.703129,9839,3152,silence_separator
e/easily.mp3,2.690000,0.726576,1.878730,0.826576,10988,3674,silence_separator
e/east.mp3,2.170000,0.480000,1.593787,0.580000,8899,2734,silence_separator
e/easter.mp3,2.610000,0.684853,1.833288,0.784853,10675,3465,silence_separator
e/eastern.mp3,2.640000,0.721406,1.827075,0.821406,10779,3674,silence_separator
e/easy.mp3,2.460000,0.610023,1.757914,0.710023,10048,3256,silence_separator
e/eat.mp3,2.220000,0.500680,1.613515,0.600680,9108,2734,silence_separator
e/eccentric.mp3,3.130000,0.953243,2.098050,1.053243,12765,4615,silence_separator
e/echo.mp3,2.480000,0.630068,1.772517,0.730068,10152,3256,silence_separator
e/eclipse.mp3,2.820000,0.801678,1.935465,0.901678,11511,3988,silence_separator
e/ecology.mp3,3.160000,0.959138,2.109932,1.059138,12869,4615,silence_separator
e/economic.mp3,3.060000,0.923900,2.051156,1.023900,12451,4510,silence_separator
e/economical.mp3,3.240000,1.007029,2.125986,1.107029,13183,4824,silence_separator
e/economics.mp3,3.340000,1.076599,2.165351,1.176599,13601,5033,silence_separator
e/economy.mp3,3.060000,0.895737,2.050023,0.995737,12452,4406,silence_separator
e/edge.mp3,2.380000,0.584580,1.697098,0.684580,9735,3152,silence_separator
e/edible.mp3,2.510000,0.623039,1.782449,0.723039,10257,3256,silence_separator
e/edit.mp3,2.320000,0.551429,1.670204,0.651429,9526,2943,silence_separator
e/edition.mp3,2.800000,0.791610,1.907347,0.891610,11406,3988,silence_separator
e/editor.mp3,2.560000,0.663039,1.802404,0.763039,10466,3465,silence_separator
e/editorial.mp3,3.190000,0.964218,2.123220,1.064218,12974,4615,silence_separator
e/educate.mp3,2.900000,0.836780,1.967664,0.936780,11824,4092,silence_separator
e/education.mp3,3.240000,1.012154,2.130295,1.112154,13183,4823,silence_separator
e/effect.mp3,2.740000,0.762993,1.894649,0.862993,11197,3779,silence_separator
e/effective.mp3,2.980000,0.887029,1.999184,0.987029,12138,4301,silence_separator
e/efficiency.mp3,3.290000,1.025986,2.176508,1.125986,13392,4928,silence_separator
e/efficient.mp3,2.950000,0.860091,1.991565,0.960091,12034,4197,silence_separator
e/effort.mp3,2.510000,0.649342,1.747029,0.749342,10257,3361,silence_separator
e/egg.mp3,2.220000,0.530385,1.614558,0.630385,9108,2943,silence_separator
e/ego.mp3,2.460000,0.626440,1.728889,0.726440,10048,3257,silence_separator
e/eight.mp3,2.250000,0.520680,1.626440,0.620680,9212,2838,silence_separator
e/eighteen.mp3,2.590000,0.698730,1.797415,0.798730,10570,3570,silence_separator
e/eighth.mp3,2.120000,0.448526,1.556689,0.548526,8690,2525,silence_separator
e/eighty.mp3,2.190000,0.486122,1.618730,0.586122,9003,2734,silence_separator
e/either.mp3,2.350000,0.561406,1.670839,0.661406,9631,3048,silence_separator
e/eject.mp3,2.640000,0.710930,1.843628,0.810930,10779,3570,silence_separator
e/elaborate.mp3,2.950000,0.843492,1.968390,0.943492,12033,4197,silence_separator
e/elapse.mp3,2.740000,0.760680,1.892109,0.860680,11197,3779,silence_separator
e/elastic.mp3,3.060000,0.922812,2.056417,1.022812,12451,4510,silence_separator
e/elbow.mp3,2.480000,0.627755,1.766757,0.727755,10152,3256,silence_separator
e/elder.mp3,2.380000,0.564853,1.706168,0.664853,9735,3047,silence_separator
e/elderly.mp3,2.740000,0.747755,1.904671,0.847755,11197,3779,silence_separator
e/elect.mp3,2.610000,0.680272,1.808209,0.780272,10675,3466,silence_separator
e/election.mp3,2.930000,0.861088,1.980635,0.961088,11929,4197,silence_separator
e/electric.mp3,2.980000,0.878503,2.009252,0.978503,12138,4301,silence_separator
e/electrical.mp3,3.030000,0.880045,2.044263,0.980045,12347,4302,silence_separator
e/electrician.mp3,3.320000,1.050658,2.171066,1.150658,13496,4928,silence_separator
e/electricity.mp3,3.400000,1.084218,2.233968,1.184218,13810,5137,silence_separator
e/electron.mp3,3.060000,0.921406,2.040816,1.021406,12451,4510,silence_separator
e/electronic.mp3,3.290000,1.030658,2.164943,1.130658,13392,4928,silence_separator
e/electronics.mp3,3.580000,1.179955,2.321315,1.279955,14541,5450,silence_separator
e/elegant.mp3,2.800000,0.791565,1.923492,0.891565,11406,3988,silence_separator
e/element.mp3,2.770000,0.770476,1.898549,0.870476,11302,3884,silence_separator
e/elementary.mp3,3.270000,1.014240,2.163628,1.114240,13287,4823,silence_separator
e/elephant.mp3,2.850000,0.824853,1.953878,0.924853,11615,4092,silence_separator
e/elevate.mp3,2.800000,0.792426,1.929297,0.892426,11406,3988,silence_separator
e/elevator.mp3,2.870000,0.801950,1.956599,0.901950,11720,3988,silence_separator
e/eleven.mp3,2.740000,0.771202,1.897460,0.871202,11197,3883,silence_separator
e/eleventh.mp3,2.820000,0.775918,1.936508,0.875918,11511,3883,silence_separator
e/elicit.mp3,2.870000,0.827755,1.949070,0.927755,11720,4092,silence_separator
e/eligible.mp3,2.930000,0.832517,1.996009,0.932517,11929,4092,silence_separator
e/eliminate.mp3,2.980000,0.880045,2.009433,0.980045,12138,4301,silence_separator
e/elimination.mp3,3.370000,1.089841,2.205714,1.189841,13705,5137,silence_separator
e/elite.mp3,2.480000,0.634240,1.754512,0.734240,10152,3361,silence_separator
e/eloquent.mp3,2.900000,0.832290,1.966168,0.932290,11824,4092,silence_separator
e/else.mp3,2.320000,0.560499,1.687302,0.660499,9526,3047,silence_separator
e/elsewhere.mp3,2.770000,0.763492,1.903900,0.863492,11302,3779,silence_separator
e/embark.mp3,2.740000,0.752336,1.891066,0.852336,11197,3779,silence_separator
e/embarrass.mp3,2.870000,0.825760,1.964580,0.925760,11720,4092,silence_separator
e/embassy.mp3,2.740000,0.747302,1.885714,0.847302,11197,3779,silence_separator
e/embed.mp3,2.510000,0.649433,1.768027,0.749433,10257,3361,silence_separator
e/embody.mp3,2.660000,0.714240,1.860454,0.814240,10884,3674,silence_separator
e/embrace.mp3,2.770000,0.777324,1.903764,0.877324,11302,3883,silence_separator
e/emerge.mp3,2.610000,0.711247,1.821995,0.811247,10675,3570,silence_separator
e/emergency.mp3,3.240000,0.997188,2.143991,1.097188,13183,4719,silence_separator
e/emit.mp3,2.480000,0.642585,1.752472,0.742585,10152,3361,silence_separator
e/emotion.mp3,2.820000,0.807846,1.926621,0.907846,11511,3988,silence_separator
e/emotional.mp3,3.000000,0.887392,2.035102,0.987392,12242,4301,silence_separator
e/emperor.mp3,2.560000,0.660000,1.797279,0.760000,10466,3465,silence_separator
e/emphasis.mp3,3.130000,0.953379,2.091565,1.053379,12765,4615,silence_separator
e/emphasize.mp3,3.240000,1.005533,2.139048,1.105533,13183,4823,silence_separator
e/empire.mp3,2.800000,0.777052,1.938050,0.877052,11406,3883,silence_separator
e/empirical.mp3,3.030000,0.872653,2.044263,0.972653,12347,4302,silence_separator
e/employ.mp3,2.820000,0.812290,1.920408,0.912290,11511,3988,silence_separator
e/employee.mp3,2.930000,0.847075,1.999048,0.947075,11929,4197,silence_separator
e/employer.mp3,2.900000,0.825941,1.984671,0.925941,11824,4092,silence_separator
e/employment.mp3,3.080000,0.922404,2.055556,1.022404,12556,4510,silence_separator
e/empty.mp3,2.510000,0.634875,1.786667,0.734875,10257,3361,silence_separator
e/enable.mp3,2.610000,0.672653,1.831338,0.772653,10675,3466,silence_separator
e/enclose.mp3,2.950000,0.859683,1.987438,0.959683,12034,4197,silence_separator
e/enclosure.mp3,3.000000,0.880045,2.034467,0.980045,12243,4302,silence_separator
e/encounter.mp3,2.980000,0.853061,2.008163,0.953061,12138,4197,silence_separator
e/encourage.mp3,3.060000,0.908390,2.033878,1.008390,12452,4406,silence_separator
e/end.mp3,2.190000,0.477324,1.609342,0.577324,9003,2734,silence_separator
e/endeavor.mp3,2.720000,0.740000,1.880227,0.840000,11093,3779,silence_separator
e/ending.mp3,2.430000,0.610748,1.722041,0.710748,9943,3256,silence_separator
e/endless.mp3,2.640000,0.713560,1.850884,0.813560,10779,3674,silence_separator
e/endow.mp3,2.590000,0.691882,1.822540,0.791882,10570,3570,silence_separator
e/endurance.mp3,2.980000,0.875828,2.009070,0.975828,12138,4301,silence_separator
e/endure.mp3,2.560000,0.666712,1.800771,0.766712,10466,3465,silence_separator
e/enemy.mp3,2.530000,0.642721,1.786893,0.742721,10361,3361,silence_separator
e/energetic.mp3,3.210000,0.985125,2.131293,1.085125,13078,4719,silence_separator
e/energy.mp3,2.720000,0.739365,1.889841,0.839365,11093,3779,silence_separator
e/enforce.mp3,2.980000,0.894558,2.008299,0.994558,12138,4301,silence_separator
e/engage.mp3,2.900000,0.824580,1.964807,0.924580,11825,4093,silence_separator
e/engagement.mp3,3.190000,0.968254,2.109705,1.068254,12974,4615,silence_separator
e/engine.mp3,2.480000,0.642222,1.755692,0.742222,10152,3361,silence_separator
e/engineer.mp3,2.850000,0.815011,1.950476,0.915011,11615,3988,silence_separator
e/engineering.mp3,3.110000,0.942676,2.066032,1.042676,12660,4510,silence_separator
e/england.mp3,2.610000,0.683401,1.828934,0.783401,10675,3466,silence_separator
e/english.mp3,2.690000,0.734422,1.846077,0.834422,10989,3675,silence_separator
e/enhance.mp3,2.770000,0.764943,1.908481,0.864943,11302,3883,silence_separator
e/enjoy.mp3,2.690000,0.729887,1.859683,0.829887,10989,3675,silence_separator
e/enlarge.mp3,2.850000,0.826440,1.933061,0.926440,11615,4092,silence_separator
e/enlighten.mp3,2.720000,0.759320,1.875601,0.859320,11093,3779,silence_separator
e/enormous.mp3,2.950000,0.859274,1.998503,0.959274,12033,4197,silence_separator
e/enough.mp3,2.590000,0.689841,1.822902,0.789841,10570,3570,silence_separator
e/enrich.mp3,2.640000,0.714921,1.832971,0.814921,10779,3674,silence_separator
e/enroll.mp3,2.590000,0.663673,1.821451,0.763673,10570,3465,silence_separator
e/ensue.mp3,2.610000,0.691565,1.817460,0.791565,10675,3570,silence_separator
e/ensure.mp3,2.690000,0.723401,1.872290,0.823401,10989,3675,silence_separator
e/entail.mp3,2.720000,0.723583,1.877551,0.823583,11093,3675,silence_separator
e/enter.mp3,2.430000,0.603673,1.745850,0.703673,9943,3152,silence_separator
e/enterprise.mp3,3.290000,1.026440,2.166803,1.126440,13392,4928,silence_separator
e/entertain.mp3,3.060000,0.930748,2.034104,1.030748,12451,4510,silence_separator
e/entertainment.mp3,3.370000,1.073515,2.196100,1.173515,13705,5032,silence_separator
e/enthusiasm.mp3,3.420000,1.080544,2.225941,1.180544,13915,5137,silence_separator
e/enthusiastic.mp3,3.870000,1.315646,2.456689,1.415646,15690,6077,silence_separator
e/entire.mp3,2.900000,0.814150,1.982313,0.914150,11825,3988,silence_separator
e/entitle.mp3,2.820000,0.778095,1.944807,0.878095,11511,3884,silence_separator
e/entity.mp3,2.640000,0.702132,1.843628,0.802132,10779,3570,silence_separator
e/entrance.mp3,2.820000,0.805760,1.930476,0.905760,11511,3988,silence_separator
e/entrepreneur.mp3,3.130000,0.941315,2.091746,1.041315,12765,4510,silence_separator
e/entry.mp3,2.610000,0.687619,1.827075,0.787619,10675,3570,silence_separator
e/envelope.mp3,2.610000,0.693469,1.825034,0.793469,10675,3570,silence_separator
e/environment.mp3,3.210000,1.006304,2.133107,1.106304,13078,4823,silence_separator
e/envisage.mp3,3.060000,0.930839,2.057234,1.030839,12451,4510,silence_separator
e/envy.mp3,2.380000,0.577959,1.714785,0.677959,9735,3047,silence_separator
e/episode.mp3,2.800000,0.785170,1.904807,0.885170,11406,3883,silence_separator
e/epoch.mp3,2.480000,0.630476,1.747664,0.730476,10152,3256,silence_separator
e/equal.mp3,2.510000,0.632517,1.769841,0.732517,10257,3256,silence_separator
e/equality.mp3,3.000000,0.857415,2.020816,0.957415,12243,4197,silence_separator
e/equation.mp3,2.930000,0.842404,1.958186,0.942404,11929,4093,silence_separator
e/equator.mp3,2.770000,0.742177,1.902585,0.842177,11302,3779,silence_separator
e/equilibrium.mp3,3.130000,0.975737,2.070068,1.075737,12765,4720,silence_separator
e/equip.mp3,1.200000,0.533968,0.614830,0.574399,5033,2630,silence_separator
e/equipment.mp3,2.980000,0.876100,2.007891,0.976100,12138,4302,silence_separator
e/equivalent.mp3,3.160000,0.971746,2.101905,1.071746,12869,4615,silence_separator
e/era.mp3,2.220000,0.504671,1.626712,0.604671,9108,2838,silence_separator
e/erect.mp3,2.560000,0.678458,1.804807,0.778458,10466,3465,silence_separator
e/erosion.mp3,2.800000,0.777052,1.901497,0.877052,11407,3884,silence_separator
e/erroneous.mp3,3.030000,0.904354,2.039365,1.004354,12347,4406,silence_separator
e/error.mp3,2.320000,0.559864,1.687211,0.659864,9526,3047,silence_separator
e/erupt.mp3,2.480000,0.634558,1.759274,0.734558,10152,3361,silence_separator
e/escape.mp3,2.590000,0.687483,1.819365,0.787483,10570,3570,silence_separator
e/escort.mp3,2.850000,0.820454,1.936916,0.920454,11615,4092,silence_separator
e/especially.mp3,3.160000,0.935102,2.113878,1.035102,12870,4511,silence_separator
e/essay.mp3,2.460000,0.624898,1.744172,0.724898,10048,3256,silence_separator
e/essence.mp3,2.740000,0.764626,1.885941,0.864626,11197,3883,silence_separator
e/essential.mp3,2.950000,0.835420,2.009206,0.935420,12034,4093,silence_separator
e/establish.mp3,3.110000,0.954966,2.068798,1.054966,12660,4615,silence_separator
e/establishment.mp3,3.550000,1.150113,2.279274,1.250113,14437,5346,silence_separator
e/estate.mp3,2.800000,0.776553,1.925896,0.876553,11407,3884,silence_separator
e/esthetic.mp3,2.900000,0.835692,1.964308,0.935692,11824,4092,silence_separator
e/estimate.mp3,2.900000,0.838957,1.965170,0.938957,11824,4092,silence_separator
e/eternal.mp3,2.740000,0.748753,1.906712,0.848753,11197,3779,silence_separator
e/ethics.mp3,2.740000,0.762041,1.886712,0.862041,11197,3779,silence_separator
e/ethnic.mp3,2.640000,0.710612,1.841361,0.810612,10779,3570,silence_separator
e/europe.mp3,2.320000,0.521542,1.683492,0.621542,9526,2839,silence_separator
e/european.mp3,2.980000,0.874785,1.994739,0.974785,12138,4302,silence_separator
e/evaluate.mp3,3.190000,0.982948,2.114104,1.082948,12974,4719,silence_separator
e/evaporate.mp3,2.980000,0.877415,2.009206,0.977415,12138,4301,silence_separator
e/eve.mp3,2.060000,0.444354,1.525125,0.544354,8481,2525,silence_separator
e/even.mp3,2.380000,0.578367,1.685215,0.678367,9735,3047,silence_separator
e/evening.mp3,2.480000,0.630612,1.762540,0.730612,10152,3256,silence_separator
e/event.mp3,2.560000,0.673152,1.807256,0.773152,10466,3465,silence_separator
e/eventually.mp3,3.060000,0.903220,2.058776,1.003220,12452,4406,silence_separator
e/ever.mp3,2.300000,0.534150,1.668254,0.634150,9421,2943,silence_separator
e/every.mp3,2.380000,0.571156,1.707120,0.671156,9735,3047,silence_separator
e/everybody.mp3,2.870000,0.813696,1.969206,0.913696,11720,3988,silence_separator
e/everyday.mp3,2.770000,0.769070,1.905760,0.869070,11302,3883,silence_separator
e/everyone.mp3,2.850000,0.817596,1.934286,0.917596,11615,4092,silence_separator
e/everything.mp3,2.900000,0.849070,1.965397,0.949070,11824,4197,silence_separator
e/everywhere.mp3,2.820000,0.794467,1.937370,0.894467,11511,3988,silence_separator
e/evidence.mp3,2.850000,0.810431,1.950159,0.910431,11615,3988,silence_separator
e/evident.mp3,2.690000,0.737188,1.861814,0.837188,10988,3674,silence_separator
e/evil.mp3,2.350000,0.551927,1.711202,0.651927,9630,2943,silence_separator
e/evoke.mp3,2.560000,0.660952,1.804671,0.760952,10466,3465,silence_separator
e/evolution.mp3,3.080000,0.938050,2.052744,1.038050,12556,4510,silence_separator
e/evolve.mp3,2.660000,0.729070,1.845850,0.829070,10884,3674,silence_separator
e/exact.mp3,2.820000,0.804308,1.936553,0.904308,11511,3988,silence_separator
e/exactly.mp3,3.000000,0.867075,2.035283,0.967075,12243,4197,silence_separator
e/exaggerate.mp3,3.240000,0.995556,2.138005,1.095556,13183,4719,silence_separator
e/exam.mp3,2.690000,0.711474,1.856372,0.811474,10989,3570,silence_separator
e/examination.mp3,3.580000,1.180000,2.300272,1.280000,14542,5451,silence_separator
e/examine.mp3,2.870000,0.826984,1.955374,0.926984,11720,4092,silence_separator
e/example.mp3,2.900000,0.807755,1.990249,0.907755,11825,3988,silence_separator
e/exceed.mp3,2.690000,0.737551,1.862630,0.837551,10988,3674,silence_separator
e/exceedingly.mp3,3.320000,1.030794,2.189615,1.130794,13496,4928,silence_separator
e/excellent.mp3,2.870000,0.828571,1.949977,0.928571,11720,4092,silence_separator
e/except.mp3,2.690000,0.750249,1.879048,0.850249,10988,3779,silence_separator
e/exception.mp3,3.130000,0.966259,2.085941,1.066259,12765,4615,silence_separator
e/exceptional.mp3,3.270000,1.009615,2.167755,1.109615,13287,4823,silence_separator
e/excess.mp3,2.950000,0.865351,2.008254,0.965351,12033,4197,silence_separator
e/excessive.mp3,3.060000,0.934059,2.036871,1.034059,12451,4510,silence_separator
e/exchange.mp3,3.060000,0.913605,2.034240,1.013605,12452,4406,silence_separator
e/excite.mp3,2.800000,0.786667,1.921587,0.886667,11406,3883,silence_separator
e/exciting.mp3,2.900000,0.834376,1.966122,0.934376,11824,4092,silence_separator
e/exclaim.mp3,2.870000,0.826213,1.953605,0.926213,11720,4092,silence_separator
e/exclude.mp3,2.820000,0.809070,1.929932,0.909070,11511,3988,silence_separator
e/exclusive.mp3,3.270000,1.029388,2.141587,1.129388,13287,4928,silence_separator
e/exclusively.mp3,3.500000,1.133741,2.289388,1.233741,14228,5346,silence_separator
e/excursion.mp3,3.060000,0.916009,2.035283,1.016009,12451,4406,silence_separator
e/excuse.mp3,3.000000,0.892381,2.024580,0.992381,12242,4301,silence_separator
e/execute.mp3,3.080000,0.943175,2.064172,1.043175,12556,4510,silence_separator
e/execution.mp3,3.290000,1.041315,2.156508,1.141315,13392,4928,silence_separator
e/executive.mp3,3.240000,1.003447,2.120363,1.103447,13183,4824,silence_separator
e/exemplify.mp3,3.340000,1.047937,2.179637,1.147937,13601,4928,silence_separator
e/exempt.mp3,2.770000,0.757959,1.906712,0.857959,11302,3779,silence_separator
e/exercise.mp3,3.420000,1.094014,2.228345,1.194014,13914,5137,silence_separator
e/exert.mp3,2.660000,0.708027,1.848934,0.808027,10884,3570,silence_separator
e/exhaust.mp3,2.980000,0.871429,2.004943,0.971429,12138,4302,silence_separator
e/exhibit.mp3,2.870000,0.825034,1.955420,0.925034,11720,4092,silence_separator
e/exhibition.mp3,3.210000,0.994331,2.113197,1.094331,13078,4719,silence_separator
e/exile.mp3,2.720000,0.732880,1.889524,0.832880,11093,3674,silence_separator
e/exist.mp3,2.870000,0.808073,1.947211,0.908073,11720,3988,silence_separator
e/existence.mp3,3.290000,1.018821,2.165896,1.118821,13392,4824,silence_separator
e/exit.mp3,2.660000,0.719955,1.846621,0.819955,10884,3674,silence_separator
e/exotic.mp3,2.900000,0.822177,1.979138,0.922177,11825,4093,silence_separator
e/expand.mp3,2.850000,0.811927,1.953787,0.911927,11615,3988,silence_separator
e/expansion.mp3,3.160000,0.978095,2.100544,1.078095,12869,4719,silence_separator
e/expect.mp3,2.870000,0.823991,1.952789,0.923991,11720,4092,silence_separator
e/expectation.mp3,3.600000,1.199410,2.321134,1.299410,14646,5555,silence_separator
e/expedition.mp3,3.270000,1.026304,2.140590,1.126304,13287,4928,silence_separator
e/expel.mp3,2.740000,0.748299,1.906712,0.848299,11197,3779,silence_separator
e/expend.mp3,2.820000,0.795873,1.935601,0.895873,11511,3988,silence_separator
e/expenditure.mp3,3.240000,0.996145,2.160499,1.096145,13183,4719,silence_separator
e/expense.mp3,3.060000,0.915283,2.053515,1.015283,12451,4406,silence_separator
e/expensive.mp3,3.130000,0.962268,2.068073,1.062268,12765,4615,silence_separator
e/experience.mp3,3.420000,1.092562,2.233197,1.192562,13914,5137,silence_separator
e/experiment.mp3,3.190000,0.984762,2.115737,1.084762,12974,4719,silence_separator
e/experimental.mp3,3.500000,1.117551,2.292834,1.217551,14228,5241,silence_separator
e/expert.mp3,2.740000,0.776553,1.883129,0.876553,11197,3883,silence_separator
e/expertise.mp3,3.370000,1.075964,2.213333,1.175964,13705,5032,silence_separator
e/expire.mp3,2.950000,0.856327,2.011927,0.956327,12033,4197,silence_separator
e/explain.mp3,2.900000,0.860590,1.961179,0.960590,11824,4197,silence_separator
e/explanation.mp3,3.450000,1.118866,2.235238,1.218866,14019,5241,silence_separator
e/explicit.mp3,3.190000,0.987574,2.113651,1.087574,12974,4719,silence_separator
e/explode.mp3,2.870000,0.823401,1.948798,0.923401,11720,4092,silence_separator
e/exploit.mp3,2.950000,0.865170,1.991565,0.965170,12033,4197,silence_separator
e/explore.mp3,2.900000,0.841587,1.979728,0.941587,11824,4092,silence_separator
e/explosion.mp3,3.130000,0.964263,2.085850,1.064263,12765,4615,silence_separator
e/explosive.mp3,3.210000,1.011020,2.113741,1.111020,13078,4823,silence_separator
e/export.mp3,2.900000,0.835828,1.957324,0.935828,11824,4092,silence_separator
e/expose.mp3,3.000000,0.897506,2.024717,0.997506,12242,4406,silence_separator
e/exposition.mp3,3.340000,1.072200,2.189206,1.172200,13601,5032,silence_separator
e/exposure.mp3,3.030000,0.875283,2.030113,0.975283,12347,4302,silence_separator
e/express.mp3,3.060000,0.919955,2.052744,1.019955,12451,4406,silence_separator
e/expression.mp3,3.060000,0.925896,2.037370,1.025896,12451,4510,silence_separator
e/exquisite.mp3,3.160000,0.969977,2.094830,1.069977,12869,4615,silence_separator
e/extend.mp3,2.820000,0.789615,1.934376,0.889615,11511,3883,silence_separator
e/extension.mp3,3.190000,0.985714,2.115374,1.085714,12974,4719,silence_separator
e/extensive.mp3,3.210000,1.009433,2.112698,1.109433,13078,4823,silence_separator
e/extent.mp3,2.870000,0.822902,1.951701,0.922902,11720,4092,silence_separator
e/exterior.mp3,3.080000,0.916599,2.071383,1.016599,12556,4406,silence_separator
e/external.mp3,2.900000,0.813515,1.980227,0.913515,11824,3988,silence_separator
e/extinct.mp3,2.740000,0.742993,1.894422,0.842993,11197,3779,silence_separator
e/extinguish.mp3,3.270000,1.025442,2.142358,1.125442,13287,4928,silence_separator
e/extra.mp3,2.590000,0.689478,1.817324,0.789478,10570,3570,silence_separator
e/extract.mp3,2.930000,0.851293,1.975828,0.951293,11929,4197,silence_separator
e/extraordinary.mp3,3.400000,1.078866,2.232426,1.178866,13810,5137,silence_separator
e/extravagant.mp3,3.370000,1.076780,2.203946,1.176780,13705,5032,silence_separator
e/extreme.mp3,2.800000,0.800000,1.906032,0.900000,11406,3988,silence_separator
e/extremely.mp3,3.130000,0.936553,2.097052,1.036553,12765,4510,silence_separator
e/eye.mp3,2.320000,0.540499,1.677778,0.640499,9526,2943,silence_separator
e/eyesight.mp3,2.770000,0.769524,1.907483,0.869524,11302,3883,silence_separator
f/fabricate.mp3,3.060000,0.887075,2.082766,0.987075,12451,4301,silence_separator
f/facet.mp3,2.800000,0.768118,1.930658,0.868118,11406,3883,silence_separator
f/facilitate.mp3,3.370000,1.068254,2.222086,1.168254,13706,5033,silence_separator
f/facility.mp3,3.000000,0.871882,2.048889,0.971882,12243,4302,silence_separator
f/fact.mp3,2.480000,0.605170,1.771882,0.705170,10152,3152,silence_separator
f/factor.mp3,2.720000,0.712018,1.908617,0.812018,11093,3674,silence_separator
f/factory.mp3,2.850000,0.785397,1.965170,0.885397,11615,3883,silence_separator
f/faculty.mp3,2.930000,0.813787,2.024626,0.913787,11929,3988,silence_separator
f/fade.mp3,2.350000,0.542268,1.710113,0.642268,9630,2943,silence_separator
f/fahrenheit.mp3,2.950000,0.837778,2.015057,0.937778,12033,4092,silence_separator
f/fail.mp3,2.400000,0.580726,1.734195,0.680726,9839,3048,silence_separator
f/failure.mp3,2.660000,0.699637,1.883175,0.799637,10884,3570,silence_separator
f/faint.mp3,2.400000,0.580408,1.713968,0.680408,9839,3048,silence_separator
f/fair.mp3,2.430000,0.569433,1.741814,0.669433,9943,3047,silence_separator
f/fairly.mp3,2.690000,0.705261,1.875828,0.805261,10989,3570,silence_separator
f/faith.mp3,2.250000,0.483175,1.673651,0.583175,9212,2734,silence_separator
f/faithful.mp3,2.740000,0.726077,1.914739,0.826077,11198,3675,silence_separator
f/fake.mp3,2.460000,0.583855,1.784036,0.683855,10048,3152,silence_separator
f/fall.mp3,2.400000,0.556961,1.744263,0.656961,9839,3047,silence_separator
f/false.mp3,2.610000,0.666349,1.842721,0.766349,10675,3465,silence_separator
f/fame.mp3,2.320000,0.528027,1.660363,0.628027,9526,2838,silence_separator
f/familiar.mp3,2.950000,0.843129,2.042222,0.943129,12034,4197,silence_separator
f/family.mp3,2.690000,0.700544,1.897596,0.800544,10989,3570,silence_separator
f/famine.mp3,2.510000,0.624308,1.790295,0.724308,10257,3256,silence_separator
f/famous.mp3,2.740000,0.754694,1.919229,0.854694,11198,3779,silence_separator
f/fan.mp3,2.430000,0.599773,1.738503,0.699773,9944,3152,silence_separator
f/fancy.mp3,2.770000,0.749342,1.912880,0.849342,11302,3779,silence_separator
f/fantastic.mp3,3.420000,1.085351,2.250567,1.185351,13915,5137,silence_separator
f/fantasy.mp3,3.000000,0.867483,2.047392,0.967483,12243,4197,silence_separator
f/far.mp3,2.400000,0.559138,1.754649,0.659138,9839,3047,silence_separator
f/fare.mp3,2.430000,0.569433,1.741814,0.669433,9943,3047,silence_separator
f/farewell.mp3,2.690000,0.694875,1.895646,0.794875,10988,3570,silence_separator
f/farm.mp3,2.400000,0.580544,1.763673,0.680544,9839,3047,silence_separator
f/farmer.mp3,2.530000,0.594966,1.793696,0.694966,10362,3152,silence_separator
f/farther.mp3,2.560000,0.611020,1.810204,0.711020,10466,3257,silence_separator
f/fascinate.mp3,2.950000,0.848027,2.012290,0.948027,12033,4197,silence_separator
f/fashion.mp3,2.690000,0.721088,1.873061,0.821088,10988,3674,silence_separator
f/fashionable.mp3,3.080000,0.884898,2.080590,0.984898,12556,4301,silence_separator
f/fast.mp3,2.560000,0.667755,1.836281,0.767755,10466,3466,silence_separator
f/fasten.mp3,2.720000,0.724807,1.914649,0.824807,11093,3674,silence_separator
f/fatal.mp3,2.460000,0.574785,1.790884,0.674785,10048,3047,silence_separator
f/fate.mp3,2.460000,0.591837,1.743356,0.691837,10048,3152,silence_separator
f/father.mp3,2.530000,0.617324,1.796009,0.717324,10361,3256,silence_separator
f/fatigue.mp3,2.640000,0.685760,1.836916,0.785760,10779,3465,silence_separator
f/fault.mp3,2.510000,0.622041,1.786803,0.722041,10257,3256,silence_separator
f/faulty.mp3,2.720000,0.721361,1.892517,0.821361,11093,3675,silence_separator
f/favour.mp3,2.480000,0.599048,1.786803,0.699048,10152,3152,silence_separator
f/favourable.mp3,2.820000,0.767574,1.977596,0.867574,11511,3883,silence_separator
f/favourite.mp3,2.740000,0.728027,1.891202,0.828027,11197,3674,silence_separator
f/fax.mp3,2.610000,0.669569,1.845170,0.769569,10675,3465,silence_separator
f/fear.mp3,2.320000,0.517324,1.720862,0.617324,9526,2838,silence_separator
f/fearful.mp3,2.690000,0.672109,1.853968,0.772109,10989,3466,silence_separator
f/feasible.mp3,2.820000,0.755102,1.954195,0.855102,11511,3779,silence_separator
f/feast.mp3,2.320000,0.555873,1.670159,0.655873,9526,3048,silence_separator
f/feather.mp3,2.480000,0.597642,1.793651,0.697642,10152,3152,silence_separator
f/feature.mp3,2.590000,0.645170,1.826168,0.745170,10570,3361,silence_separator
f/february.mp3,3.000000,0.848435,2.046213,0.948435,12242,4197,silence_separator
f/federal.mp3,2.610000,0.632698,1.851383,0.732698,10675,3257,silence_separator
f/federation.mp3,3.130000,0.941905,2.090794,1.041905,12765,4510,silence_separator
f/fee.mp3,2.220000,0.490884,1.652109,0.590884,9108,2734,silence_separator
f/feeble.mp3,2.530000,0.609660,1.823764,0.709660,10361,3256,silence_separator
f/feed.mp3,2.350000,0.543401,1.688526,0.643401,9631,2943,silence_separator
f/feedback.mp3,2.850000,0.759501,1.956463,0.859501,11616,3779,silence_separator
f/feel.mp3,2.400000,0.554014,1.750884,0.654014,9839,2943,silence_separator
f/feeling.mp3,2.590000,0.660272,1.815828,0.760272,10570,3465,silence_separator
f/fellow.mp3,2.610000,0.673515,1.831610,0.773515,10675,3466,silence_separator
f/fellowship.mp3,2.930000,0.818141,2.006576,0.918141,11929,4092,silence_separator
f/female.mp3,2.640000,0.682222,1.854422,0.782222,10779,3465,silence_separator
f/feminine.mp3,2.720000,0.729388,1.864263,0.829388,11093,3674,silence_separator
f/fence.mp3,2.560000,0.643129,1.803492,0.743129,10466,3361,silence_separator
f/ferry.mp3,2.480000,0.603311,1.791202,0.703311,10153,3152,silence_separator
f/fertile.mp3,2.510000,0.601406,1.793515,0.701406,10257,3152,silence_separator
f/fertilize.mp3,3.270000,1.002948,2.169388,1.102948,13288,4824,silence_separator
f/fertilizer.mp3,3.190000,0.960272,2.132608,1.060272,12974,4615,silence_separator
f/festival.mp3,2.870000,0.785896,1.979002,0.885896,11720,3883,silence_separator
f/fetch.mp3,2.530000,0.636508,1.802222,0.736508,10361,3361,silence_separator
f/fever.mp3,2.480000,0.592063,1.773333,0.692063,10152,3152,silence_separator
f/few.mp3,2.400000,0.576100,1.725125,0.676100,9839,3048,silence_separator
f/fibre.mp3,2.510000,0.602086,1.802494,0.702086,10257,3152,silence_separator
f/fiction.mp3,2.770000,0.766485,1.917914,0.866485,11302,3884,silence_separator
f/field.mp3,2.430000,0.563900,1.738503,0.663900,9943,3047,silence_separator
f/fierce.mp3,2.530000,0.630567,1.789705,0.730567,10361,3256,silence_separator
f/fifteen.mp3,2.800000,0.785986,1.930204,0.885986,11407,3884,silence_separator
f/fifth.mp3,2.220000,0.403673,1.660544,0.503673,9108,2421,silence_separator
f/fifty.mp3,2.660000,0.699819,1.863084,0.799819,10884,3570,silence_separator
f/fight.mp3,2.480000,0.588617,1.778277,0.688617,10152,3152,silence_separator
f/figure.mp3,2.590000,0.651111,1.841497,0.751111,10571,3361,silence_separator
f/file.mp3,2.400000,0.552200,1.744989,0.652200,9839,2943,silence_separator
f/fill.mp3,2.350000,0.527392,1.709070,0.627392,9630,2838,silence_separator
f/film.mp3,2.350000,0.546032,1.692744,0.646032,9630,2943,silence_separator
f/filter.mp3,2.660000,0.683583,1.871882,0.783583,10884,3465,silence_separator
f/final.mp3,2.560000,0.631474,1.845714,0.731474,10466,3256,silence_separator
f/finally.mp3,2.800000,0.736463,1.897098,0.836463,11407,3675,silence_separator
f/finance.mp3,2.930000,0.843583,2.006213,0.943583,11929,4197,silence_separator
f/financial.mp3,3.030000,0.872109,2.064127,0.972109,12347,4301,silence_separator
f/find.mp3,2.430000,0.564853,1.741270,0.664853,9943,3047,silence_separator
f/finding.mp3,2.590000,0.676145,1.824853,0.776145,10571,3466,silence_separator
f/fine.mp3,2.430000,0.587982,1.763810,0.687982,9943,3152,silence_separator
f/finger.mp3,2.590000,0.646848,1.826803,0.746848,10570,3361,silence_separator
f/finish.mp3,2.660000,0.714376,1.850794,0.814376,10884,3675,silence_separator
f/finite.mp3,2.770000,0.753968,1.920045,0.853968,11302,3779,silence_separator
f/fire.mp3,2.560000,0.621406,1.814195,0.721406,10466,3256,silence_separator
f/fireman.mp3,2.740000,0.729388,1.903855,0.829388,11198,3675,silence_separator
f/firm.mp3,2.270000,0.506485,1.648844,0.606485,9317,2838,silence_separator
f/first.mp3,2.480000,0.630748,1.775193,0.730748,10153,3257,silence_separator
f/fish.mp3,2.380000,0.549070,1.720227,0.649070,9735,2943,silence_separator
f/fisherman.mp3,2.850000,0.784898,1.923084,0.884898,11615,3883,silence_separator
f/fist.mp3,2.430000,0.592925,1.751383,0.692925,9944,3152,silence_separator
f/fit.mp3,2.380000,0.546440,1.691066,0.646440,9734,2943,silence_separator
f/fitting.mp3,2.460000,0.592245,1.761678,0.692245,10048,3152,silence_separator
f/five.mp3,2.530000,0.638186,1.771202,0.738186,10361,3361,silence_separator
f/fix.mp3,2.560000,0.660272,1.819909,0.760272,10466,3466,silence_separator
f/fixture.mp3,2.820000,0.769206,1.961134,0.869206,11511,3884,silence_separator
f/flag.mp3,2.530000,0.635782,1.799456,0.735782,10361,3361,silence_separator
f/flame.mp3,2.560000,0.651701,1.792381,0.751701,10466,3361,silence_separator
f/flank.mp3,2.530000,0.642993,1.791429,0.742993,10362,3361,silence_separator
f/flap.mp3,2.430000,0.574830,1.766803,0.674830,9943,3047,silence_separator
f/flare.mp3,2.530000,0.629161,1.789206,0.729161,10362,3257,silence_separator
f/flash.mp3,2.640000,0.688209,1.827120,0.788209,10779,3570,silence_separator
f/flat.mp3,2.640000,0.681224,1.844898,0.781224,10779,3465,silence_separator
f/flatter.mp3,2.560000,0.646803,1.826349,0.746803,10466,3361,silence_separator
f/flavour.mp3,2.660000,0.701814,1.864853,0.801814,10884,3570,silence_separator
f/flaw.mp3,2.510000,0.652608,1.769342,0.752608,10257,3361,silence_separator
f/flee.mp3,2.400000,0.578413,1.732698,0.678413,9839,3048,silence_separator
f/fleet.mp3,2.560000,0.661814,1.806395,0.761814,10466,3466,silence_separator
f/flesh.mp3,2.560000,0.655283,1.799365,0.755283,10466,3361,silence_separator
f/flexible.mp3,2.980000,0.842268,2.036871,0.942268,12138,4092,silence_separator
f/flight.mp3,2.640000,0.680816,1.831111,0.780816,10780,3466,silence_separator
f/fling.mp3,2.480000,0.625488,1.761633,0.725488,10153,3257,silence_separator
f/float.mp3,2.510000,0.641905,1.762902,0.741905,10257,3361,silence_separator
f/flock.mp3,2.560000,0.625714,1.818730,0.725714,10466,3256,silence_separator
f/flood.mp3,2.480000,0.624807,1.771973,0.724807,10153,3257,silence_separator
f/floor.mp3,2.590000,0.675964,1.826757,0.775964,10571,3466,silence_separator
f/flour.mp3,2.640000,0.684490,1.858639,0.784490,10780,3466,silence_separator
f/flourish.mp3,2.770000,0.757098,1.900227,0.857098,11302,3779,silence_separator
f/flow.mp3,2.590000,0.672472,1.834376,0.772472,10571,3466,silence_separator
f/flower.mp3,2.640000,0.684490,1.858639,0.784490,10780,3466,silence_separator
f/flu.mp3,2.510000,0.631111,1.785850,0.731111,10257,3257,silence_separator
f/fluctuate.mp3,3.130000,0.945760,2.088526,1.045760,12765,4511,silence_separator
f/fluent.mp3,2.610000,0.688844,1.819184,0.788844,10675,3570,silence_separator
f/fluid.mp3,2.480000,0.629297,1.778821,0.729297,10153,3257,silence_separator
f/flush.mp3,2.510000,0.640454,1.769977,0.740454,10257,3361,silence_separator
f/flutter.mp3,2.480000,0.606349,1.776054,0.706349,10153,3152,silence_separator
f/fly.mp3,2.530000,0.654376,1.791519,0.754376,10362,3361,silence_separator
f/foam.mp3,2.380000,0.557914,1.724898,0.657914,9734,3047,silence_separator
f/focus.mp3,2.800000,0.764762,1.932109,0.864762,11406,3883,silence_separator
f/fog.mp3,2.430000,0.573061,1.764807,0.673061,9943,3047,silence_separator
f/foil.mp3,2.530000,0.614830,1.825533,0.714830,10362,3257,silence_separator
f/fold.mp3,2.430000,0.555102,1.763401,0.655102,9943,2943,silence_separator
f/folk.mp3,2.430000,0.568844,1.754649,0.668844,9943,3047,silence_separator
f/follow.mp3,2.640000,0.686259,1.847438,0.786259,10780,3570,silence_separator
f/following.mp3,2.740000,0.731882,1.892653,0.831882,11198,3675,silence_separator
f/fond.mp3,2.430000,0.571655,1.749025,0.671655,9943,3047,silence_separator
f/food.mp3,2.350000,0.545760,1.717914,0.645760,9630,2943,silence_separator
f/fool.mp3,2.460000,0.582222,1.778050,0.682222,10048,3152,silence_separator
f/foolish.mp3,2.640000,0.707392,1.855510,0.807392,10779,3570,silence_separator
f/foot.mp3,2.430000,0.565578,1.746848,0.665578,9944,3048,silence_separator
f/football.mp3,2.660000,0.664308,1.855329,0.764308,10884,3466,silence_separator
f/footstep.mp3,2.820000,0.777460,1.953469,0.877460,11511,3884,silence_separator
f/for.mp3,2.480000,0.608209,1.796599,0.708209,10152,3256,silence_separator
f/forbid.mp3,2.530000,0.633016,1.798957,0.733016,10362,3257,silence_separator
f/forbidden.mp3,2.660000,0.706077,1.859501,0.806077,10884,3570,silence_separator
f/force.mp3,2.590000,0.653243,1.826803,0.753243,10571,3361,silence_separator
f/forecast.mp3,3.110000,0.926395,2.080227,1.026395,12660,4510,silence_separator
f/forehead.mp3,2.640000,0.669887,1.832290,0.769887,10780,3466,silence_separator
f/foreign.mp3,2.530000,0.648163,1.805669,0.748163,10362,3361,silence_separator
f/foreigner.mp3,2.640000,0.691293,1.856100,0.791293,10780,3570,silence_separator
f/foremost.mp3,2.900000,0.812971,1.989887,0.912971,11824,3988,silence_separator
f/foresee.mp3,2.720000,0.727937,1.901361,0.827937,11093,3675,silence_separator
f/forest.mp3,2.660000,0.689705,1.847075,0.789705,10884,3570,silence_separator
f/forever.mp3,2.720000,0.724717,1.900862,0.824717,11093,3675,silence_separator
f/forget.mp3,2.720000,0.741406,1.887619,0.841406,11093,3779,silence_separator
f/forgive.mp3,2.720000,0.741587,1.867846,0.841587,11093,3779,silence_separator
f/fork.mp3,2.530000,0.619002,1.846531,0.719002,10362,3257,silence_separator
f/form.mp3,2.380000,0.546485,1.712517,0.646485,9735,2943,silence_separator
f/formal.mp3,2.590000,0.640454,1.828889,0.740454,10570,3361,silence_separator
f/format.mp3,2.740000,0.741315,1.906077,0.841315,11197,3779,silence_separator
f/formation.mp3,3.060000,0.903311,2.055374,1.003311,12451,4406,silence_separator
f/former.mp3,2.560000,0.643401,1.810113,0.743401,10466,3361,silence_separator
f/formidable.mp3,2.980000,0.825351,2.057551,0.925351,12138,4093,silence_separator
f/formula.mp3,2.930000,0.825805,2.020544,0.925805,11929,4092,silence_separator
f/formulate.mp3,3.080000,0.889297,2.086349,0.989297,12556,4302,silence_separator
f/fort.mp3,2.590000,0.655510,1.841769,0.755510,10570,3361,silence_separator
f/forth.mp3,2.430000,0.534104,1.722177,0.634104,9943,2943,silence_separator
f/forthcoming.mp3,3.160000,0.944444,2.117098,1.044444,12869,4510,silence_separator
f/fortnight.mp3,2.900000,0.816508,1.972245,0.916508,11824,4092,silence_separator
f/fortunate.mp3,2.900000,0.816009,2.001134,0.916009,11824,3988,silence_separator
f/fortunately.mp3,3.240000,0.969116,2.161315,1.069116,13183,4614,silence_separator
f/fortune.mp3,2.740000,0.726077,1.909977,0.826077,11198,3675,silence_separator
f/forty.mp3,2.480000,0.600998,1.798095,0.700998,10152,3152,silence_separator
f/forum.mp3,2.380000,0.534558,1.672018,0.634558,9734,2943,silence_separator
f/forward.mp3,2.560000,0.659320,1.828209,0.759320,10466,3361,silence_separator
f/fossil.mp3,2.690000,0.691474,1.892018,0.791474,10989,3570,silence_separator
f/foster.mp3,2.800000,0.743991,1.937914,0.843991,11406,3779,silence_separator
f/foul.mp3,2.350000,0.526984,1.697234,0.626984,9630,2838,silence_separator
f/found.mp3,2.350000,0.532154,1.707302,0.632154,9630,2943,silence_separator
f/foundation.mp3,3.080000,0.912109,2.061723,1.012109,12556,4406,silence_separator
f/fountain.mp3,2.720000,0.731383,1.886485,0.831383,11093,3675,silence_separator
f/four.mp3,2.480000,0.608209,1.796599,0.708209,10152,3256,silence_separator
f/fourteen.mp3,2.820000,0.779229,1.919093,0.879229,11511,3884,silence_separator
f/fourth.mp3,2.430000,0.534104,1.722177,0.634104,9943,2943,silence_separator
f/fox.mp3,2.640000,0.679184,1.834875,0.779184,10779,3465,silence_separator
f/fraction.mp3,2.900000,0.813878,1.992154,0.913878,11824,3988,silence_separator
f/fracture.mp3,2.850000,0.770340,1.975556,0.870340,11615,3883,silence_separator
f/fragile.mp3,2.720000,0.695465,1.905805,0.795465,11093,3570,silence_separator
f/fragment.mp3,2.870000,0.802494,1.987166,0.902494,11720,3988,silence_separator
f/frame.mp3,2.460000,0.613696,1.766122,0.713696,10048,3257,silence_separator
f/framework.mp3,2.900000,0.815828,1.983265,0.915828,11824,3988,silence_separator
f/france.mp3,2.690000,0.719728,1.867755,0.819728,10989,3675,silence_separator
f/frank.mp3,2.530000,0.630295,1.796825,0.730295,10362,3257,silence_separator
f/fraud.mp3,2.460000,0.597188,1.754921,0.697188,10048,3152,silence_separator
f/free.mp3,2.400000,0.571474,1.720544,0.671474,9839,3048,silence_separator
f/freedom.mp3,2.560000,0.648299,1.812018,0.748299,10466,3361,silence_separator
f/freely.mp3,2.690000,0.705986,1.879456,0.805986,10989,3570,silence_separator
f/freeze.mp3,2.660000,0.714739,1.854558,0.814739,10884,3675,silence_separator
f/freight.mp3,2.590000,0.667846,1.825941,0.767846,10571,3466,silence_separator
f/french.mp3,2.590000,0.667891,1.821995,0.767891,10570,3465,silence_separator
f/frequency.mp3,3.110000,0.931973,2.081678,1.031973,12661,4511,silence_separator
f/frequent.mp3,2.870000,0.805624,1.959683,0.905624,11720,3988,silence_separator
f/frequently.mp3,3.030000,0.883946,2.041542,0.983946,12347,4302,silence_separator
f/fresh.mp3,2.590000,0.660635,1.797324,0.760635,10570,3465,silence_separator
f/friction.mp3,2.820000,0.790567,1.941769,0.890567,11511,3988,silence_separator
f/friday.mp3,2.610000,0.662494,1.833696,0.762494,10675,3465,silence_separator
f/fridge.mp3,2.640000,0.684989,1.839093,0.784989,10779,3465,silence_separator
f/friend.mp3,2.430000,0.595011,1.751066,0.695011,9944,3152,silence_separator
f/friendly.mp3,2.770000,0.745805,1.939048,0.845805,11302,3779,silence_separator
f/friendship.mp3,2.770000,0.744853,1.913424,0.844853,11302,3779,silence_separator
f/frighten.mp3,2.510000,0.640635,1.794921,0.740635,10257,3361,silence_separator
f/fringe.mp3,2.560000,0.663220,1.794467,0.763220,10466,3466,silence_separator
f/frog.mp3,2.510000,0.591247,1.815556,0.691247,10257,3152,silence_separator
f/from.mp3,2.300000,0.516780,1.664127,0.616780,9421,2838,silence_separator
f/front.mp3,2.510000,0.644807,1.781587,0.744807,10257,3361,silence_separator
f/frontier.mp3,2.800000,0.756372,1.937324,0.856372,11406,3779,silence_separator
f/frost.mp3,2.610000,0.680544,1.838957,0.780544,10675,3466,silence_separator
f/frown.mp3,2.510000,0.622358,1.767528,0.722358,10257,3256,silence_separator
f/fruit.mp3,2.460000,0.620181,1.765533,0.720181,10048,3257,silence_separator
f/fruitful.mp3,2.720000,0.716599,1.890476,0.816599,11093,3675,silence_separator
f/frustrate.mp3,2.930000,0.831020,1.980771,0.931020,11929,4093,silence_separator
f/fry.mp3,2.430000,0.585034,1.726349,0.685034,9943,3152,silence_separator
f/fuel.mp3,2.400000,0.553787,1.740408,0.653787,9839,2943,silence_separator
f/fulfil.mp3,2.850000,0.779637,1.963492,0.879637,11615,3883,silence_separator
f/full.mp3,2.400000,0.535918,1.748345,0.635918,9839,2943,silence_separator
f/fun.mp3,2.320000,0.527528,1.665306,0.627528,9526,2838,silence_separator
f/function.mp3,2.740000,0.748707,1.910204,0.848707,11197,3779,silence_separator
f/fund.mp3,2.350000,0.529887,1.687800,0.629887,9630,2943,silence_separator
f/fundamental.mp3,3.240000,0.963356,2.168163,1.063356,13183,4614,silence_separator
f/funeral.mp3,2.720000,0.716100,1.904943,0.816100,11093,3674,silence_separator
f/funny.mp3,2.380000,0.541678,1.702540,0.641678,9734,2943,silence_separator
f/fur.mp3,2.250000,0.498776,1.661995,0.598776,9213,2734,silence_separator
f/furious.mp3,3.000000,0.862268,2.032562,0.962268,12242,4197,silence_separator
f/furnace.mp3,2.720000,0.740181,1.876825,0.840181,11093,3779,silence_separator
f/furnish.mp3,2.690000,0.734603,1.848299,0.834603,10989,3675,silence_separator
f/furniture.mp3,2.900000,0.825669,1.978639,0.925669,11825,4093,silence_separator
f/further.mp3,2.530000,0.622222,1.797914,0.722222,10361,3256,silence_separator
f/furthermore.mp3,2.950000,0.838367,1.993379,0.938367,12034,4093,silence_separator
f/fuse.mp3,2.590000,0.670204,1.807029,0.770204,10571,3466,silence_separator
f/fusion.mp3,2.720000,0.744308,1.895918,0.844308,11093,3779,silence_separator
f/fuss.mp3,2.400000,0.561769,1.716100,0.661769,9839,3047,silence_separator
f/future.mp3,2.720000,0.719864,1.904308,0.819864,11093,3674,silence_separator
g/gain.mp3,2.250000,0.512063,1.619864,0.612063,9213,2839,silence_separator
g/galaxy.mp3,2.980000,0.850567,2.011655,0.950567,12138,4197,silence_separator
g/gallery.mp3,2.690000,0.706893,1.880000,0.806893,10989,3570,silence_separator
g/gallon.mp3,2.480000,0.625578,1.761723,0.725578,10153,3257,silence_separator
g/gamble.mp3,2.530000,0.610476,1.800181,0.710476,10362,3257,silence_separator
g/game.mp3,2.250000,0.516825,1.641315,0.616825,9213,2839,silence_separator
g/gang.mp3,2.300000,0.527347,1.653469,0.627347,9422,2839,silence_separator
g/gaol.mp3,2.320000,0.540272,1.687438,0.640272,9526,2943,silence_separator
g/gap.mp3,2.250000,0.507619,1.651610,0.607619,9213,2839,silence_separator
g/garage.mp3,2.660000,0.759093,1.820499,0.859093,10884,3779,silence_separator
g/garbage.mp3,2.800000,0.786122,1.921497,0.886122,11407,3884,silence_separator
g/garden.mp3,2.400000,0.572018,1.711655,0.672018,9839,3048,silence_separator
g/gardener.mp3,2.530000,0.642540,1.806893,0.742540,10361,3361,silence_separator
g/garment.mp3,2.660000,0.710249,1.846621,0.810249,10884,3570,silence_separator
g/gas.mp3,2.510000,0.644263,1.776236,0.744263,10257,3361,silence_separator
g/gaseous.mp3,2.870000,0.811293,1.956100,0.911293,11720,3988,silence_separator
g/gasoline.mp3,2.900000,0.832971,1.971111,0.932971,11825,4093,silence_separator
g/gasp.mp3,2.380000,0.567120,1.698639,0.667120,9735,3048,silence_separator
g/gate.mp3,2.380000,0.567166,1.712698,0.667166,9735,3048,silence_separator
g/gather.mp3,2.430000,0.574875,1.741497,0.674875,9944,3048,silence_separator
g/gauge.mp3,2.560000,0.681723,1.809932,0.781723,10466,3465,silence_separator
g/gay.mp3,2.190000,0.483719,1.602449,0.583719,9004,2734,silence_separator
g/gaze.mp3,2.510000,0.635193,1.768889,0.735193,10257,3361,silence_separator
g/gear.mp3,2.220000,0.503492,1.646531,0.603492,9108,2838,silence_separator
g/gene.mp3,2.300000,0.543265,1.645941,0.643265,9422,2943,silence_separator
g/general.mp3,2.610000,0.682857,1.850340,0.782857,10675,3465,silence_separator
g/generalize.mp3,3.340000,1.055601,2.203220,1.155601,13601,5032,silence_separator
g/generally.mp3,2.900000,0.805215,1.981088,0.905215,11825,3988,silence_separator
g/generate.mp3,2.800000,0.785714,1.924717,0.885714,11406,3883,silence_separator
g/generation.mp3,3.130000,0.963900,2.087166,1.063900,12765,4615,silence_separator
g/generator.mp3,2.900000,0.813197,1.977596,0.913197,11825,3988,silence_separator
g/generous.mp3,2.820000,0.803175,1.939637,0.903175,11511,3988,silence_separator
g/genetic.mp3,2.850000,0.806213,1.953787,0.906213,11615,3988,silence_separator
g/genius.mp3,2.740000,0.738277,1.891247,0.838277,11198,3779,silence_separator
g/gentle.mp3,2.610000,0.676100,1.848889,0.776100,10675,3465,silence_separator
g/gentleman.mp3,2.820000,0.792472,1.929388,0.892472,11511,3988,silence_separator
g/gently.mp3,2.590000,0.676236,1.833016,0.776236,10570,3465,silence_separator
g/genuine.mp3,2.720000,0.757098,1.882993,0.857098,11093,3779,silence_separator
g/geography.mp3,3.060000,0.912744,2.058095,1.012744,12451,4406,silence_separator
g/geology.mp3,3.110000,0.925215,2.085306,1.025215,12660,4510,silence_separator
g/geometry.mp3,3.110000,0.938821,2.083673,1.038821,12660,4510,silence_separator
g/germ.mp3,2.220000,0.505896,1.628254,0.605896,9108,2838,silence_separator
g/german.mp3,2.510000,0.650658,1.774240,0.750658,10257,3361,silence_separator
g/germany.mp3,2.660000,0.705896,1.865805,0.805896,10884,3570,silence_separator
g/gesture.mp3,2.720000,0.731338,1.892562,0.831338,11093,3674,silence_separator
g/get.mp3,2.380000,0.586848,1.716553,0.686848,9735,3152,silence_separator
g/ghost.mp3,2.320000,0.526939,1.669615,0.626939,9526,2839,silence_separator
g/giant.mp3,2.460000,0.627166,1.746576,0.727166,10048,3256,silence_separator
g/gift.mp3,2.270000,0.528753,1.671882,0.628753,9317,2838,silence_separator
g/gigantic.mp3,3.240000,0.978231,2.141361,1.078231,13183,4719,silence_separator
g/girl.mp3,2.220000,0.496871,1.640635,0.596871,9108,2734,silence_separator
g/give.mp3,2.220000,0.513832,1.617370,0.613832,9108,2838,silence_separator
g/given.mp3,2.380000,0.562948,1.699864,0.662948,9735,3048,silence_separator
g/glad.mp3,2.460000,0.611338,1.749297,0.711338,10048,3256,silence_separator
g/glance.mp3,2.640000,0.701905,1.837778,0.801905,10779,3570,silence_separator
g/glare.mp3,2.460000,0.622086,1.760544,0.722086,10048,3256,silence_separator
g/glass.mp3,2.560000,0.665533,1.799138,0.765533,10466,3466,silence_separator
g/gleam.mp3,2.380000,0.597007,1.691882,0.697007,9735,3152,silence_separator
g/glide.mp3,2.480000,0.624082,1.778639,0.724082,10152,3256,silence_separator
g/glimpse.mp3,2.590000,0.669478,1.820136,0.769478,10570,3465,silence_separator
g/glitter.mp3,2.430000,0.588707,1.744626,0.688707,9943,3152,silence_separator
g/global.mp3,2.530000,0.636145,1.809070,0.736145,10361,3361,silence_separator
g/globe.mp3,2.190000,0.512744,1.595737,0.612744,9003,2838,silence_separator
g/gloomy.mp3,2.510000,0.632653,1.774921,0.732653,10257,3256,silence_separator
g/glorious.mp3,3.030000,0.906712,2.039909,1.006712,12347,4406,silence_separator
g/glory.mp3,2.560000,0.662404,1.804807,0.762404,10466,3465,silence_separator
g/glove.mp3,2.430000,0.616281,1.731927,0.716281,9943,3256,silence_separator
g/glow.mp3,2.380000,0.574603,1.700091,0.674603,9735,3047,silence_separator
g/glue.mp3,2.300000,0.541633,1.670794,0.641633,9421,2943,silence_separator
g/go.mp3,2.220000,0.489342,1.619909,0.589342,9108,2734,silence_separator
g/goal.mp3,2.300000,0.507710,1.696009,0.607710,9422,2839,silence_separator
g/goat.mp3,2.270000,0.522132,1.637732,0.622132,9317,2839,silence_separator
g/god.mp3,2.300000,0.525578,1.651655,0.625578,9422,2839,silence_separator
g/gold.mp3,2.250000,0.482268,1.654966,0.582268,9213,2734,silence_separator
g/golden.mp3,2.510000,0.625850,1.773152,0.725850,10257,3257,silence_separator
g/golf.mp3,2.380000,0.569297,1.716735,0.669297,9735,3048,silence_separator
g/good.mp3,2.190000,0.480726,1.626440,0.580726,9004,2734,silence_separator
g/goodbye.mp3,2.510000,0.638050,1.773878,0.738050,10257,3361,silence_separator
g/goodness.mp3,2.660000,0.705850,1.852063,0.805850,10884,3570,silence_separator
g/goods.mp3,2.430000,0.583537,1.729524,0.683537,9944,3152,silence_separator
g/goose.mp3,2.400000,0.598095,1.717460,0.698095,9839,3152,silence_separator
g/gorgeous.mp3,2.820000,0.792744,1.937007,0.892744,11511,3988,silence_separator
g/gossip.mp3,2.640000,0.708435,1.857914,0.808435,10780,3570,silence_separator
g/govern.mp3,2.400000,0.583946,1.716190,0.683946,9839,3152,silence_separator
g/government.mp3,2.850000,0.811156,1.957052,0.911156,11616,3988,silence_separator
g/governor.mp3,2.610000,0.662857,1.853469,0.762857,10675,3466,silence_separator
g/gown.mp3,2.350000,0.565351,1.687347,0.665351,9630,3047,silence_separator
g/grab.mp3,2.270000,0.505624,1.655329,0.605624,9317,2839,silence_separator
g/grace.mp3,2.560000,0.659728,1.807800,0.759728,10466,3466,silence_separator
g/graceful.mp3,2.770000,0.739637,1.918912,0.839637,11302,3779,silence_separator
g/gracious.mp3,2.900000,0.825624,1.959138,0.925624,11825,4093,silence_separator
g/grade.mp3,2.400000,0.596100,1.737460,0.696100,9839,3152,silence_separator
g/gradual.mp3,2.660000,0.690159,1.858503,0.790159,10884,3570,silence_separator
g/gradually.mp3,2.850000,0.781179,1.943265,0.881179,11616,3884,silence_separator
g/graduate.mp3,2.850000,0.788889,1.931202,0.888889,11616,3884,silence_separator
g/grain.mp3,2.430000,0.593832,1.713333,0.693832,9944,3152,silence_separator
g/grammar.mp3,2.460000,0.597234,1.759501,0.697234,10048,3152,silence_separator
g/grammatical.mp3,3.080000,0.920499,2.082268,1.020499,12556,4406,silence_separator
g/gramme.mp3,2.430000,0.588934,1.728481,0.688934,9944,3152,silence_separator
g/grand.mp3,2.400000,0.571474,1.712608,0.671474,9839,3048,silence_separator
g/granddaughter.mp3,2.930000,0.828526,1.994558,0.928526,11929,4093,silence_separator
g/grandfather.mp3,2.950000,0.848571,2.011066,0.948571,12034,4197,silence_separator
g/grandmother.mp3,2.850000,0.780952,1.951066,0.880952,11616,3884,silence_separator
g/grandson.mp3,2.850000,0.803401,1.935374,0.903401,11616,3988,silence_separator
g/grant.mp3,2.400000,0.591927,1.710249,0.691927,9839,3152,silence_separator
g/grape.mp3,2.300000,0.522812,1.665215,0.622812,9422,2839,silence_separator
g/graph.mp3,2.480000,0.611927,1.768980,0.711927,10153,3257,silence_separator
g/grasp.mp3,2.480000,0.608662,1.756100,0.708662,10153,3257,silence_separator
g/grass.mp3,2.560000,0.676145,1.802268,0.776145,10466,3465,silence_separator
g/grateful.mp3,2.720000,0.709524,1.884943,0.809524,11093,3570,silence_separator
g/gratitude.mp3,3.000000,0.893741,2.024172,0.993741,12242,4301,silence_separator
g/grave.mp3,2.480000,0.629796,1.739683,0.729796,10153,3257,silence_separator
g/gravity.mp3,2.660000,0.692018,1.859002,0.792018,10884,3570,silence_separator
g/gray.mp3,2.300000,0.533605,1.665488,0.633605,9422,2943,silence_separator
g/graze.mp3,2.660000,0.712472,1.842313,0.812472,10884,3675,silence_separator
g/grease.mp3,2.480000,0.627891,1.758912,0.727891,10152,3256,silence_separator
g/great.mp3,2.480000,0.610567,1.753379,0.710567,10153,3257,silence_separator
g/greatly.mp3,2.660000,0.701723,1.858503,0.801723,10884,3570,silence_separator
g/greedy.mp3,2.400000,0.567347,1.722948,0.667347,9839,3048,silence_separator
g/greek.mp3,2.430000,0.592971,1.739728,0.692971,9944,3152,silence_separator
g/green.mp3,2.400000,0.586757,1.699410,0.686757,9839,3152,silence_separator
g/greenhouse.mp3,2.820000,0.790476,1.936780,0.890476,11511,3988,silence_separator
g/greet.mp3,2.460000,0.605760,1.743039,0.705760,10048,3152,silence_separator
g/greeting.mp3,2.530000,0.651565,1.785488,0.751565,10362,3361,silence_separator
g/grey.mp3,2.300000,0.533605,1.665488,0.633605,9422,2943,silence_separator
g/grief.mp3,2.480000,0.620000,1.757324,0.720000,10152,3256,silence_separator
g/grieve.mp3,2.480000,0.624717,1.747392,0.724717,10153,3257,silence_separator
g/grim.mp3,2.380000,0.567392,1.700590,0.667392,9735,3048,silence_separator
g/grin.mp3,2.350000,0.557642,1.684898,0.657642,9631,3048,silence_separator
g/grind.mp3,2.460000,0.603673,1.740181,0.703673,10048,3152,silence_separator
g/grip.mp3,2.250000,0.493243,1.648571,0.593243,9213,2734,silence_separator
g/groan.mp3,2.380000,0.577188,1.693197,0.677188,9735,3048,silence_separator
g/grocer.mp3,2.640000,0.686349,1.843084,0.786349,10780,3570,silence_separator
g/grocery.mp3,2.770000,0.767528,1.927392,0.867528,11302,3883,silence_separator
g/grope.mp3,2.250000,0.492336,1.634376,0.592336,9213,2734,silence_separator
g/gross.mp3,2.480000,0.643673,1.760680,0.743673,10152,3361,silence_separator
g/ground.mp3,2.380000,0.568073,1.712109,0.668073,9735,3048,silence_separator
g/group.mp3,2.270000,0.513061,1.650385,0.613061,9317,2839,silence_separator
g/grow.mp3,2.300000,0.543900,1.672381,0.643900,9421,2943,silence_separator
g/growth.mp3,2.430000,0.580590,1.724354,0.680590,9944,3048,silence_separator
g/guarantee.mp3,2.870000,0.807075,1.958277,0.907075,11720,3988,silence_separator
g/guard.mp3,2.250000,0.504399,1.639456,0.604399,9213,2839,silence_separator
g/guardian.mp3,2.690000,0.731610,1.861224,0.831610,10989,3675,silence_separator
g/guess.mp3,2.460000,0.614150,1.745669,0.714150,10048,3256,silence_separator
g/guest.mp3,2.430000,0.606667,1.732517,0.706667,9943,3152,silence_separator
g/guidance.mp3,2.640000,0.703084,1.851655,0.803084,10780,3570,silence_separator
g/guide.mp3,2.320000,0.523356,1.684127,0.623356,9526,2839,silence_separator
g/guideline.mp3,2.820000,0.789070,1.940680,0.889070,11511,3884,silence_separator
g/guilty.mp3,2.530000,0.640680,1.805442,0.740680,10361,3361,silence_separator
g/gulf.mp3,2.380000,0.569342,1.703129,0.669342,9735,3048,silence_separator
g/gum.mp3,2.220000,0.490794,1.626667,0.590794,9108,2734,silence_separator
g/gun.mp3,2.220000,0.500635,1.629751,0.600635,9108,2734,silence_separator
g/gunpowder.mp3,2.870000,0.800091,1.961859,0.900091,11720,3988,silence_separator
g/guy.mp3,2.190000,0.479184,1.608617,0.579184,9004,2734,silence_separator
g/gymnasium.mp3,3.110000,0.939773,2.086984,1.039773,12660,4510,silence_separator
h/habit.mp3,2.510000,0.641179,1.783039,0.741179,10257,3361,silence_separator
h/habitual.mp3,2.930000,0.837642,2.002630,0.937642,11929,4093,silence_separator
h/hair.mp3,2.300000,0.523583,1.680907,0.623583,9422,2839,silence_separator
h/haircut.mp3,2.720000,0.748481,1.883583,0.848481,11093,3779,silence_separator
h/half.mp3,2.380000,0.558231,1.721905,0.658231,9735,3048,silence_separator
h/hall.mp3,2.220000,0.483311,1.658095,0.583311,9108,2734,silence_separator
h/halt.mp3,2.380000,0.571293,1.719955,0.671293,9735,3048,silence_separator
h/hamburger.mp3,2.820000,0.763855,1.942177,0.863855,11511,3779,silence_separator
h/hammer.mp3,2.350000,0.540680,1.707256,0.640680,9631,2943,silence_separator
h/hamper.mp3,2.460000,0.588798,1.759909,0.688798,10048,3152,silence_separator
h/hand.mp3,2.250000,0.498277,1.650703,0.598277,9213,2734,silence_separator
h/handbook.mp3,2.740000,0.752381,1.900227,0.852381,11198,3779,silence_separator
h/handful.mp3,2.770000,0.745896,1.930522,0.845896,11302,3779,silence_separator
h/handicap.mp3,3.080000,0.913107,2.070522,1.013107,12556,4406,silence_separator
h/handkerchief.mp3,3.110000,0.938005,2.088481,1.038005,12661,4511,silence_separator
h/handle.mp3,2.530000,0.629388,1.821995,0.729388,10362,3257,silence_separator
h/handsome.mp3,2.640000,0.692200,1.855374,0.792200,10780,3570,silence_separator
h/handwriting.mp3,2.850000,0.800998,1.956871,0.900998,11616,3988,silence_separator
h/handy.mp3,2.460000,0.594331,1.764308,0.694331,10048,3152,silence_separator
h/hang.mp3,2.220000,0.496054,1.635601,0.596054,9108,2734,silence_separator
h/happen.mp3,2.480000,0.623628,1.776871,0.723628,10153,3257,silence_separator
h/happiness.mp3,3.030000,0.888435,2.044308,0.988435,12347,4302,silence_separator
h/happy.mp3,2.460000,0.590612,1.754512,0.690612,10048,3152,silence_separator
h/harbour.mp3,2.430000,0.581723,1.755782,0.681723,9944,3152,silence_separator
h/hard.mp3,2.220000,0.489252,1.643583,0.589252,9108,2734,silence_separator
h/harden.mp3,2.350000,0.552109,1.695601,0.652109,9631,2943,silence_separator
h/hardly.mp3,2.690000,0.704308,1.885533,0.804308,10989,3570,silence_separator
h/hardship.mp3,2.770000,0.740907,1.913333,0.840907,11302,3779,silence_separator
h/hardware.mp3,2.720000,0.724263,1.888390,0.824263,11093,3675,silence_separator
h/hare.mp3,2.300000,0.523583,1.680952,0.623583,9422,2839,silence_separator
h/harm.mp3,2.350000,0.562494,1.704535,0.662494,9631,3048,silence_separator
h/harmful.mp3,2.690000,0.698367,1.893651,0.798367,10989,3570,silence_separator
h/harmony.mp3,2.610000,0.662404,1.844762,0.762404,10675,3466,silence_separator
h/harness.mp3,2.690000,0.713379,1.871519,0.813379,10989,3675,silence_separator
h/harsh.mp3,2.380000,0.600136,1.699501,0.700136,9735,3152,silence_separator
h/harvest.mp3,2.720000,0.734694,1.888526,0.834694,11093,3675,silence_separator
h/haste.mp3,2.350000,0.557098,1.702494,0.657098,9631,3048,silence_separator
h/hasten.mp3,2.610000,0.685170,1.828027,0.785170,10675,3466,silence_separator
h/hasty.mp3,2.690000,0.723946,1.885533,0.823946,10989,3675,silence_separator
h/hat.mp3,2.380000,0.568163,1.721995,0.668163,9735,3048,silence_separator
h/hatch.mp3,2.460000,0.609796,1.751519,0.709796,10048,3257,silence_separator
h/hate.mp3,2.350000,0.562222,1.701451,0.662222,9631,3048,silence_separator
h/hateful.mp3,2.640000,0.673787,1.858821,0.773787,10780,3466,silence_separator
h/hatred.mp3,2.510000,0.636417,1.781361,0.736417,10257,3361,silence_separator
h/haul.mp3,2.220000,0.483311,1.658050,0.583311,9108,2734,silence_separator
h/haunt.mp3,2.320000,0.541315,1.679592,0.641315,9526,2943,silence_separator
h/have.mp3,2.220000,0.502902,1.618367,0.602902,9108,2734,silence_separator
h/hawk.mp3,2.400000,0.569206,1.744943,0.669206,9839,3048,silence_separator
h/hay.mp3,2.190000,0.478005,1.619093,0.578005,9004,2734,silence_separator
h/hazard.mp3,2.530000,0.634966,1.802721,0.734966,10362,3361,silence_separator
h/he.mp3,2.190000,0.475102,1.596009,0.575102,9004,2630,silence_separator
h/head.mp3,2.190000,0.479819,1.619138,0.579819,9004,2734,silence_separator
h/headache.mp3,2.530000,0.630204,1.790794,0.730204,10362,3257,silence_separator
h/heading.mp3,2.320000,0.544717,1.688844,0.644717,9526,2943,silence_separator
h/headline.mp3,2.740000,0.741587,1.901678,0.841587,11198,3779,silence_separator
h/headmaster.mp3,3.160000,0.941224,2.116145,1.041224,12870,4511,silence_separator
h/headquarters.mp3,3.210000,0.988980,2.135329,1.088980,13079,4719,silence_separator
h/heal.mp3,2.300000,0.513515,1.676508,0.613515,9422,2839,silence_separator
h/health.mp3,2.300000,0.524535,1.681361,0.624535,9422,2839,silence_separator
h/healthy.mp3,2.560000,0.652653,1.814195,0.752653,10466,3361,silence_separator
h/heap.mp3,2.170000,0.467846,1.613469,0.567846,8899,2630,silence_separator
h/hear.mp3,2.190000,0.475828,1.630385,0.575828,9004,2630,silence_separator
h/hearing.mp3,2.430000,0.595329,1.735964,0.695329,9944,3152,silence_separator
h/heart.mp3,2.380000,0.571429,1.710431,0.671429,9735,3048,silence_separator
h/heat.mp3,2.320000,0.556190,1.676463,0.656190,9526,3048,silence_separator
h/heating.mp3,2.430000,0.591791,1.736735,0.691791,9944,3152,silence_separator
h/heave.mp3,2.220000,0.506168,1.614467,0.606168,9108,2839,silence_separator
h/heaven.mp3,2.350000,0.557778,1.705306,0.657778,9631,3048,silence_separator
h/heavily.mp3,2.690000,0.701723,1.883356,0.801723,10989,3570,silence_separator
h/heavy.mp3,2.380000,0.558322,1.723583,0.658322,9735,3048,silence_separator
h/hedge.mp3,2.480000,0.621361,1.763265,0.721361,10153,3257,silence_separator
h/heel.mp3,2.300000,0.513515,1.676508,0.613515,9422,2839,silence_separator
h/height.mp3,2.350000,0.562313,1.711066,0.662313,9631,3048,silence_separator
h/heighten.mp3,2.380000,0.565850,1.709025,0.665850,9735,3048,silence_separator
h/heir.mp3,2.220000,0.498821,1.626893,0.598821,9108,2734,silence_separator
h/helicopter.mp3,3.190000,0.957778,2.135510,1.057778,12974,4615,silence_separator
h/hell.mp3,2.190000,0.466621,1.638186,0.566621,9004,2630,silence_separator
h/hello.mp3,2.510000,0.633968,1.793605,0.733968,10257,3361,silence_separator
h/helmet.mp3,2.610000,0.679320,1.828390,0.779320,10675,3466,silence_separator
h/help.mp3,2.250000,0.475782,1.649025,0.575782,9212,2629,silence_separator
h/helpful.mp3,2.720000,0.719229,1.900227,0.819229,11093,3675,silence_separator
h/helpless.mp3,2.870000,0.797415,1.961859,0.897415,11720,3988,silence_separator
h/hemisphere.mp3,2.950000,0.846712,2.017188,0.946712,12034,4197,silence_separator
h/hen.mp3,2.250000,0.507120,1.650476,0.607120,9213,2839,silence_separator
h/hence.mp3,2.460000,0.602041,1.750658,0.702041,10048,3152,silence_separator
h/henceforth.mp3,2.870000,0.785125,1.974059,0.885125,11720,3884,silence_separator
h/her.mp3,2.120000,0.431837,1.572426,0.531837,8690,2525,silence_separator
h/herd.mp3,2.170000,0.458005,1.609025,0.558005,8899,2630,silence_separator
h/here.mp3,2.190000,0.475828,1.630385,0.575828,9004,2630,silence_separator
h/heritage.mp3,3.030000,0.898367,2.032200,0.998367,12347,4406,silence_separator
h/hero.mp3,2.460000,0.606213,1.759773,0.706213,10048,3152,silence_separator
h/heroic.mp3,2.820000,0.793787,1.940227,0.893787,11511,3988,silence_separator
h/heroine.mp3,2.660000,0.705125,1.854376,0.805125,10884,3570,silence_separator
h/hers.mp3,2.400000,0.581950,1.700862,0.681950,9839,3152,silence_separator
h/herself.mp3,2.820000,0.805170,1.937551,0.905170,11511,3988,silence_separator
h/hesitate.mp3,2.980000,0.867574,2.016916,0.967574,12138,4197,silence_separator
h/hi.mp3,2.220000,0.500181,1.635510,0.600181,9108,2734,silence_separator
h/hide.mp3,2.270000,0.504036,1.664580,0.604036,9317,2839,silence_separator
h/hierarchy.mp3,3.060000,0.889932,2.065714,0.989932,12452,4302,silence_separator
h/high.mp3,2.220000,0.500181,1.635510,0.600181,9108,2734,silence_separator
h/highlight.mp3,2.720000,0.740317,1.884580,0.840317,11093,3779,silence_separator
h/highly.mp3,2.480000,0.603900,1.781406,0.703900,10153,3152,silence_separator
h/highway.mp3,2.400000,0.591474,1.724898,0.691474,9839,3152,silence_separator
h/hill.mp3,2.270000,0.506984,1.680590,0.606984,9317,2839,silence_separator
h/hillside.mp3,2.800000,0.776871,1.925986,0.876871,11407,3884,silence_separator
h/him.mp3,2.140000,0.451247,1.576236,0.551247,8795,2630,silence_separator
h/himself.mp3,2.930000,0.821315,1.985488,0.921315,11929,4092,silence_separator
h/hinder.mp3,2.400000,0.567211,1.736417,0.667211,9839,3048,silence_separator
h/hinge.mp3,2.380000,0.572925,1.703492,0.672925,9735,3048,silence_separator
h/hint.mp3,2.300000,0.517143,1.660181,0.617143,9422,2839,silence_separator
h/hire.mp3,2.430000,0.573152,1.759637,0.673152,9943,3047,silence_separator
h/his.mp3,2.380000,0.577687,1.704354,0.677687,9735,3047,silence_separator
h/historian.mp3,2.980000,0.877415,2.018776,0.977415,12138,4302,silence_separator
h/historic.mp3,2.980000,0.866621,2.006848,0.966621,12138,4197,silence_separator
h/historical.mp3,3.160000,0.941224,2.117415,1.041224,12870,4511,silence_separator
h/history.mp3,2.640000,0.685760,1.837778,0.785760,10780,3466,silence_separator
h/hit.mp3,2.220000,0.501088,1.636100,0.601088,9108,2734,silence_separator
h/hitherto.mp3,2.870000,0.797914,1.958549,0.897914,11720,3988,silence_separator
h/hobby.mp3,2.350000,0.534104,1.705488,0.634104,9630,2943,silence_separator
h/hoist.mp3,2.560000,0.655556,1.798413,0.755556,10466,3361,silence_separator
h/hold.mp3,2.300000,0.493515,1.688299,0.593515,9421,2734,silence_separator
h/hole.mp3,2.300000,0.495646,1.688209,0.595646,9421,2734,silence_separator
h/holiday.mp3,2.720000,0.728662,1.884535,0.828662,11093,3675,silence_separator
h/hollow.mp3,2.560000,0.642540,1.819138,0.742540,10466,3361,silence_separator
h/holy.mp3,2.480000,0.606848,1.789433,0.706848,10153,3152,silence_separator
h/home.mp3,2.270000,0.521905,1.669615,0.621905,9317,2839,silence_separator
h/homogeneous.mp3,3.500000,1.119955,2.283129,1.219955,14228,5242,silence_separator
h/honest.mp3,2.510000,0.640771,1.768209,0.740771,10257,3361,silence_separator
h/honesty.mp3,2.800000,0.771746,1.918231,0.871746,11406,3883,silence_separator
h/honey.mp3,2.320000,0.530068,1.694331,0.630068,9526,2943,silence_separator
h/honeymoon.mp3,2.800000,0.779773,1.915510,0.879773,11407,3884,silence_separator
h/honour.mp3,2.220000,0.499728,1.633832,0.599728,9108,2734,silence_separator
h/honourable.mp3,2.740000,0.744671,1.908118,0.844671,11197,3779,silence_separator
h/hook.mp3,2.320000,0.523855,1.701315,0.623855,9526,2838,silence_separator
h/hope.mp3,2.190000,0.447392,1.624671,0.547392,9003,2525,silence_separator
h/hopeful.mp3,2.660000,0.675556,1.879002,0.775556,10884,3465,silence_separator
h/hopeless.mp3,2.820000,0.798005,1.947029,0.898005,11511,3988,silence_separator
h/horizon.mp3,2.870000,0.814739,1.956281,0.914739,11720,3988,silence_separator
h/horizontal.mp3,3.210000,0.966712,2.152018,1.066712,13079,4615,silence_separator
h/horn.mp3,2.270000,0.531610,1.646168,0.631610,9317,2943,silence_separator
h/horrible.mp3,2.640000,0.664218,1.858730,0.764218,10779,3465,silence_separator
h/horror.mp3,2.380000,0.549705,1.737823,0.649705,9734,2943,silence_separator
h/horse.mp3,2.460000,0.616009,1.739365,0.716009,10048,3257,silence_separator
h/horsepower.mp3,2.950000,0.842132,2.020907,0.942132,12034,4093,silence_separator
h/hose.mp3,2.250000,0.529252,1.624671,0.629252,9213,2943,silence_separator
h/hospital.mp3,2.820000,0.778730,1.963084,0.878730,11511,3884,silence_separator
h/hospitality.mp3,3.530000,1.123265,2.298050,1.223265,14333,5242,silence_separator
h/host.mp3,2.350000,0.551882,1.697959,0.651882,9631,2943,silence_separator
h/hostage.mp3,2.930000,0.842585,1.989161,0.942585,11929,4197,silence_separator
h/hostess.mp3,2.900000,0.830249,1.993651,0.930249,11825,4093,silence_separator
h/hostile.mp3,2.690000,0.703810,1.902404,0.803810,10989,3570,silence_separator
h/hot.mp3,2.320000,0.542676,1.673469,0.642676,9526,2943,silence_separator
h/hotel.mp3,2.660000,0.706395,1.872200,0.806395,10884,3570,silence_separator
h/hour.mp3,2.300000,0.530567,1.671973,0.630567,9421,2943,silence_separator
h/house.mp3,2.170000,0.482857,1.579637,0.582857,8899,2734,silence_separator
h/household.mp3,2.740000,0.733605,1.900454,0.833605,11198,3675,silence_separator
h/housewife.mp3,2.980000,0.857642,2.033424,0.957642,12138,4197,silence_separator
h/hover.mp3,2.350000,0.534603,1.717234,0.634603,9630,2943,silence_separator
h/how.mp3,2.140000,0.464263,1.593333,0.564263,8795,2630,silence_separator
h/however.mp3,2.610000,0.669433,1.836825,0.769433,10675,3466,silence_separator
h/hug.mp3,2.190000,0.466803,1.606621,0.566803,9004,2630,silence_separator
h/huge.mp3,2.590000,0.690612,1.808571,0.790612,10570,3570,silence_separator
h/human.mp3,2.480000,0.626440,1.763900,0.726440,10153,3257,silence_separator
h/humanity.mp3,2.980000,0.862268,2.022812,0.962268,12138,4197,silence_separator
h/humble.mp3,2.460000,0.580726,1.773333,0.680726,10048,3048,silence_separator
h/humid.mp3,2.350000,0.552608,1.695193,0.652608,9631,2943,silence_separator
h/humidity.mp3,2.900000,0.816281,1.977551,0.916281,11825,3988,silence_separator
h/humorous.mp3,2.930000,0.833016,1.984036,0.933016,11929,4093,silence_separator
h/humour.mp3,2.480000,0.604399,1.761769,0.704399,10153,3152,silence_separator
h/hundred.mp3,2.430000,0.584218,1.739773,0.684218,9944,3152,silence_separator
h/hunger.mp3,2.480000,0.608889,1.789342,0.708889,10153,3257,silence_separator
h/hungry.mp3,2.640000,0.686848,1.857642,0.786848,10780,3570,silence_separator
h/hunt.mp3,2.350000,0.558413,1.693107,0.658413,9631,3048,silence_separator
h/hurl.mp3,2.250000,0.496100,1.655737,0.596100,9213,2734,silence_separator
h/hurricane.mp3,2.900000,0.838050,1.969796,0.938050,11825,4093,silence_separator
h/hurry.mp3,2.380000,0.557370,1.728073,0.657370,9735,3048,silence_separator
h/hurt.mp3,2.320000,0.544263,1.676054,0.644263,9526,2943,silence_separator
h/husband.mp3,2.610000,0.678277,1.832200,0.778277,10675,3466,silence_separator
h/hut.mp3,2.350000,0.554059,1.694104,0.654059,9631,2943,silence_separator
h/hydrogen.mp3,2.930000,0.846395,1.989388,0.946395,11929,4197,silence_separator
h/hypothesis.mp3,3.530000,1.136599,2.288299,1.236599,14333,5346,silence_separator
h/hysterical.mp3,3.160000,0.940091,2.119456,1.040091,12870,4511,silence_separator
i/i.mp3,1.150000,0.503855,0.503855,0.503855,4824,2421,energy_valley
i/ice.mp3,2.320000,0.547483,1.692200,0.647483,9526,2943,silence_separator
i/idea.mp3,2.660000,0.700363,1.854422,0.800363,10884,3570,silence_separator
i/ideal.mp3,2.610000,0.667302,1.835193,0.767302,10675,3466,silence_separator
i/identical.mp3,3.030000,0.873515,2.052426,0.973515,12347,4302,silence_separator
i/identification.mp3,3.890000,1.323946,2.454603,1.423946,15795,6078,silence_separator
i/identify.mp3,3.190000,0.977098,2.113288,1.077098,12974,4719,silence_separator
i/identity.mp3,3.000000,0.878639,2.038912,0.978639,12243,4302,silence_separator
i/ideology.mp3,3.370000,1.046621,2.216735,1.146621,13706,4928,silence_separator
i/idiom.mp3,2.460000,0.616327,1.745533,0.716327,10048,3256,silence_separator
i/idle.mp3,2.320000,0.520408,1.675737,0.620408,9526,2839,silence_separator
i/if.mp3,2.060000,0.434286,1.539274,0.534286,8481,2525,silence_separator
i/ignite.mp3,2.690000,0.729297,1.861542,0.829297,10988,3674,silence_separator
i/ignorance.mp3,2.950000,0.860136,1.990159,0.960136,12033,4197,silence_separator
i/ignorant.mp3,2.740000,0.765941,1.887392,0.865941,11197,3883,silence_separator
i/ignore.mp3,2.640000,0.706576,1.849841,0.806576,10779,3570,silence_separator
i/ill.mp3,1.070000,0.399002,0.492744,0.445873,4511,2107,silence_separator
i/illegal.mp3,2.720000,0.730703,1.893424,0.830703,11093,3674,silence_separator
i/illness.mp3,2.610000,0.688526,1.828753,0.788526,10675,3570,silence_separator
i/illuminate.mp3,3.000000,0.902086,2.026032,1.002086,12242,4406,silence_separator
i/illusion.mp3,2.800000,0.773832,1.901361,0.873832,11407,3884,silence_separator
i/illustrate.mp3,3.060000,0.915465,2.042721,1.015465,12452,4406,silence_separator
i/illustration.mp3,3.270000,1.014739,2.136961,1.114739,13288,4824,silence_separator
i/image.mp3,2.530000,0.674875,1.781995,0.774875,10361,3465,silence_separator
i/imaginary.mp3,3.320000,1.037959,2.190113,1.137959,13496,4928,silence_separator
i/imagination.mp3,3.530000,1.162676,2.278231,1.262676,14332,5450,silence_separator
i/imaginative.mp3,3.470000,1.134512,2.244717,1.234512,14123,5346,silence_separator
i/imagine.mp3,2.870000,0.834150,1.951610,0.934150,11720,4092,silence_separator
i/imitate.mp3,2.900000,0.841859,1.973787,0.941859,11824,4092,silence_separator
i/imitation.mp3,3.190000,0.976054,2.096372,1.076054,12974,4719,silence_separator
i/immediate.mp3,2.870000,0.816009,1.945397,0.916009,11720,3988,silence_separator
i/immediately.mp3,3.240000,0.979683,2.136327,1.079683,13183,4719,silence_separator
i/immense.mp3,2.740000,0.758186,1.895374,0.858186,11197,3779,silence_separator
i/immerse.mp3,2.660000,0.729524,1.850884,0.829524,10884,3674,silence_separator
i/immigrant.mp3,2.800000,0.797868,1.924399,0.897868,11406,3988,silence_separator
i/immune.mp3,2.530000,0.664082,1.774512,0.764082,10361,3465,silence_separator
i/impact.mp3,2.820000,0.793333,1.922086,0.893333,11511,3988,silence_separator
i/impair.mp3,2.660000,0.725669,1.856281,0.825669,10884,3674,silence_separator
i/impart.mp3,2.740000,0.775374,1.885714,0.875374,11197,3883,silence_separator
i/impatient.mp3,3.030000,0.916236,2.036553,1.016236,12347,4406,silence_separator
i/imperative.mp3,3.270000,1.030612,2.144354,1.130612,13287,4928,silence_separator
i/imperial.mp3,3.000000,0.875510,2.036327,0.975510,12242,4301,silence_separator
i/impetus.mp3,2.900000,0.838866,1.976599,0.938866,11824,4092,silence_separator
i/implement.mp3,2.870000,0.834512,1.947528,0.934512,11720,4092,silence_separator
i/implication.mp3,3.370000,1.085261,2.200590,1.185261,13705,5137,silence_separator
i/implicit.mp3,3.060000,0.910522,2.037506,1.010522,12451,4406,silence_separator
i/imply.mp3,2.740000,0.767982,1.885533,0.867982,11197,3883,silence_separator
i/import.mp3,2.690000,0.743492,1.860091,0.843492,10988,3779,silence_separator
i/importance.mp3,3.000000,0.892290,2.024717,0.992290,12242,4301,silence_separator
i/important.mp3,2.900000,0.850658,1.967256,0.950658,11824,4197,silence_separator
i/impose.mp3,2.800000,0.792018,1.905261,0.892018,11406,3988,silence_separator
i/impossible.mp3,3.130000,0.948662,2.099546,1.048662,12765,4615,silence_separator
i/impress.mp3,2.930000,0.853878,1.976825,0.953878,11929,4197,silence_separator
i/impression.mp3,2.980000,0.891655,2.009025,0.991655,12138,4301,silence_separator
i/impressive.mp3,3.060000,0.929252,2.038776,1.029252,12451,4510,silence_separator
i/imprison.mp3,2.900000,0.843311,1.966168,0.943311,11824,4197,silence_separator
i/improve.mp3,2.800000,0.781995,1.920862,0.881995,11406,3883,silence_separator
i/improvement.mp3,3.080000,0.920590,2.052698,1.020590,12556,4406,silence_separator
i/impulse.mp3,2.740000,0.760635,1.890839,0.860635,11197,3779,silence_separator
i/in.mp3,2.060000,0.440363,1.542404,0.540363,8481,2525,silence_separator
i/inaugurate.mp3,3.210000,0.997279,2.133379,1.097279,13078,4719,silence_separator
i/incentive.mp3,3.030000,0.902313,2.024354,1.002313,12347,4406,silence_separator
i/inch.mp3,2.220000,0.504218,1.617506,0.604218,9108,2838,silence_separator
i/incidence.mp3,2.980000,0.866032,2.008027,0.966032,12138,4197,silence_separator
i/incident.mp3,2.820000,0.776689,1.914286,0.876689,11511,3884,silence_separator
i/incidentally.mp3,3.290000,1.020635,2.175283,1.120635,13392,4823,silence_separator
i/incline.mp3,2.900000,0.845850,1.970295,0.945850,11824,4197,silence_separator
i/include.mp3,2.770000,0.758095,1.886122,0.858095,11302,3779,silence_separator
i/inclusive.mp3,3.160000,0.963084,2.076508,1.063084,12870,4615,silence_separator
i/income.mp3,2.640000,0.692154,1.827392,0.792154,10780,3570,silence_separator
i/incorporate.mp3,3.160000,0.959320,2.089932,1.059320,12870,4615,silence_separator
i/incorrect.mp3,2.870000,0.822222,1.955828,0.922222,11720,4092,silence_separator
i/increase.mp3,2.850000,0.821633,1.953560,0.921633,11615,4092,silence_separator
i/increasingly.mp3,3.370000,1.052834,2.215011,1.152834,13706,5033,silence_separator
i/incredible.mp3,3.080000,0.909388,2.077506,1.009388,12556,4406,silence_separator
i/incur.mp3,2.610000,0.673968,1.828753,0.773968,10675,3466,silence_separator
i/indeed.mp3,2.590000,0.674467,1.797642,0.774467,10571,3466,silence_separator
i/indefinite.mp3,3.080000,0.937778,2.055465,1.037778,12556,4510,silence_separator
i/independence.mp3,3.400000,1.069342,2.212154,1.169342,13810,5033,silence_separator
i/independent.mp3,3.240000,1.018141,2.144717,1.118141,13183,4823,silence_separator
i/index.mp3,2.820000,0.790431,1.938458,0.890431,11511,3988,silence_separator
i/india.mp3,2.590000,0.681451,1.819864,0.781451,10570,3465,silence_separator
i/indian.mp3,2.610000,0.699229,1.822041,0.799229,10675,3570,silence_separator
i/indicate.mp3,2.930000,0.845261,1.981497,0.945261,11929,4197,silence_separator
i/indication.mp3,3.210000,0.983855,2.105351,1.083855,13079,4719,silence_separator
i/indicative.mp3,3.080000,0.942540,2.059546,1.042540,12556,4510,silence_separator
i/indifferent.mp3,2.950000,0.867528,1.999683,0.967528,12033,4197,silence_separator
i/indignant.mp3,3.000000,0.898367,2.025760,0.998367,12242,4406,silence_separator
i/indignation.mp3,3.270000,1.012018,2.138594,1.112018,13288,4824,silence_separator
i/indirect.mp3,2.800000,0.787937,1.922494,0.887937,11406,3883,silence_separator
i/indispensable.mp3,3.450000,1.102857,2.262404,1.202857,14019,5137,silence_separator
i/individual.mp3,3.080000,0.910249,2.069025,1.010249,12556,4406,silence_separator
i/indoors.mp3,2.770000,0.774739,1.905442,0.874739,11302,3883,silence_separator
i/induce.mp3,2.740000,0.754150,1.888345,0.854150,11198,3779,silence_separator
i/indulge.mp3,2.800000,0.790658,1.902585,0.890658,11407,3988,silence_separator
i/industrial.mp3,3.130000,0.946304,2.118095,1.046304,12765,4510,silence_separator
i/industrialize.mp3,3.840000,1.284989,2.444807,1.384989,15586,5869,silence_separator
i/industry.mp3,2.930000,0.842993,1.978639,0.942993,11929,4197,silence_separator
i/inefficient.mp3,3.160000,0.960181,2.096190,1.060181,12870,4615,silence_separator
i/inertia.mp3,2.690000,0.726304,1.861134,0.826304,10989,3675,silence_separator
i/inevitable.mp3,3.130000,0.945034,2.099048,1.045034,12765,4510,silence_separator
i/inexpensive.mp3,3.400000,1.086621,2.200363,1.186621,13810,5137,silence_separator
i/infant.mp3,2.720000,0.756236,1.881043,0.856236,11093,3779,silence_separator
i/infect.mp3,2.900000,0.824626,1.960726,0.924626,11825,4093,silence_separator
i/infectious.mp3,3.270000,1.013832,2.146122,1.113832,13288,4824,silence_separator
i/infer.mp3,2.690000,0.710522,1.859365,0.810522,10989,3570,silence_separator
i/inference.mp3,2.850000,0.810522,1.950295,0.910522,11615,3988,silence_separator
i/inferior.mp3,3.030000,0.888753,2.049070,0.988753,12347,4302,silence_separator
i/infinite.mp3,2.690000,0.729660,1.856281,0.829660,10989,3675,silence_separator
i/inflation.mp3,3.080000,0.942993,2.057415,1.042993,12556,4510,silence_separator
i/inflict.mp3,2.900000,0.821315,1.957098,0.921315,11825,4093,silence_separator
i/influence.mp3,3.080000,0.917234,2.063537,1.017234,12556,4406,silence_separator
i/influential.mp3,3.240000,0.990159,2.160454,1.090159,13183,4719,silence_separator
i/inform.mp3,2.800000,0.794558,1.903810,0.894558,11407,3988,silence_separator
i/information.mp3,3.240000,1.012245,2.127029,1.112245,13183,4823,silence_separator
i/ingenious.mp3,3.160000,0.950839,2.091111,1.050839,12870,4615,silence_separator
i/ingredient.mp3,3.190000,0.975556,2.114195,1.075556,12974,4719,silence_separator
i/inhabit.mp3,2.850000,0.817098,1.938730,0.917098,11615,4092,silence_separator
i/inhabitant.mp3,3.270000,1.030249,2.159773,1.130249,13287,4928,silence_separator
i/inherit.mp3,2.800000,0.781361,1.904535,0.881361,11406,3883,silence_separator
i/inhibit.mp3,2.770000,0.786893,1.906893,0.886893,11302,3883,silence_separator
i/initial.mp3,2.660000,0.695918,1.852971,0.795918,10884,3570,silence_separator
i/initiate.mp3,3.000000,0.901406,2.026077,1.001406,12242,4406,silence_separator
i/initiative.mp3,3.060000,0.929660,2.038095,1.029660,12451,4510,silence_separator
i/inject.mp3,2.740000,0.756327,1.883628,0.856327,11198,3779,silence_separator
i/injection.mp3,3.080000,0.937868,2.058458,1.037868,12556,4510,silence_separator
i/injure.mp3,2.430000,0.606213,1.746349,0.706213,9943,3152,silence_separator
i/injury.mp3,2.610000,0.691474,1.833651,0.791474,10675,3570,silence_separator
i/ink.mp3,2.190000,0.477868,1.609705,0.577868,9004,2734,silence_separator
i/inland.mp3,2.610000,0.703719,1.828571,0.803719,10675,3570,silence_separator
i/inlet.mp3,2.590000,0.686576,1.801134,0.786576,10570,3570,silence_separator
i/inn.mp3,2.060000,0.440363,1.542404,0.540363,8481,2525,silence_separator
i/inner.mp3,2.250000,0.512608,1.642177,0.612608,9212,2838,silence_separator
i/innocent.mp3,2.850000,0.823311,1.944399,0.923311,11615,4092,silence_separator
i/innovation.mp3,3.060000,0.912744,2.033696,1.012744,12452,4406,silence_separator
i/innumerable.mp3,3.060000,0.887574,2.044399,0.987574,12452,4302,silence_separator
i/input.mp3,2.660000,0.721678,1.854376,0.821678,10884,3674,silence_separator
i/inquire.mp3,2.870000,0.799864,1.957914,0.899864,11720,3988,silence_separator
i/inquiry.mp3,2.870000,0.809342,1.961179,0.909342,11720,3988,silence_separator
i/insane.mp3,2.800000,0.802540,1.907574,0.902540,11406,3988,silence_separator
i/insect.mp3,2.740000,0.764036,1.896916,0.864036,11197,3779,silence_separator
i/insert.mp3,2.660000,0.718866,1.852608,0.818866,10884,3674,silence_separator
i/inside.mp3,2.740000,0.738821,1.884626,0.838821,11198,3779,silence_separator
i/insight.mp3,2.770000,0.758413,1.899184,0.858413,11302,3779,silence_separator
i/insist.mp3,2.870000,0.838231,1.970340,0.938231,11720,4092,silence_separator
i/inspect.mp3,2.900000,0.836916,1.967029,0.936916,11824,4092,silence_separator
i/inspection.mp3,3.190000,0.988662,2.119955,1.088662,12974,4719,silence_separator
i/inspiration.mp3,3.240000,0.998639,2.122857,1.098639,13183,4719,silence_separator
i/inspire.mp3,2.980000,0.854331,2.022993,0.954331,12138,4197,silence_separator
i/install.mp3,2.820000,0.777143,1.949206,0.877143,11511,3884,silence_separator
i/installation.mp3,3.320000,1.044943,2.167075,1.144943,13497,4928,silence_separator
i/installment.mp3,3.160000,0.960998,2.089977,1.060998,12870,4615,silence_separator
i/instance.mp3,2.850000,0.804626,1.940816,0.904626,11616,3988,silence_separator
i/instant.mp3,2.720000,0.742222,1.870340,0.842222,11093,3779,silence_separator
i/instantaneous.mp3,3.710000,1.223900,2.372426,1.323900,15064,5660,silence_separator
i/instantly.mp3,2.950000,0.860998,2.013016,0.960998,12033,4197,silence_separator
i/instead.mp3,2.850000,0.799909,1.935918,0.899909,11616,3988,silence_separator
i/instinct.mp3,2.800000,0.773424,1.915420,0.873424,11407,3884,silence_separator
i/institute.mp3,3.130000,0.944172,2.074785,1.044172,12765,4511,silence_separator
i/institution.mp3,3.370000,1.078503,2.192290,1.178503,13706,5137,silence_separator
i/instruct.mp3,2.850000,0.811293,1.949977,0.911293,11616,3988,silence_separator
i/instruction.mp3,3.270000,1.027574,2.143719,1.127574,13287,4928,silence_separator
i/instrument.mp3,2.950000,0.874694,1.996417,0.974694,12033,4301,silence_separator
i/instrumental.mp3,3.240000,0.983673,2.149660,1.083673,13183,4719,silence_separator
i/insufficient.mp3,3.340000,1.066122,2.188844,1.166122,13601,5032,silence_separator
i/insulate.mp3,2.870000,0.814739,1.946077,0.914739,11720,3988,silence_separator
i/insult.mp3,2.690000,0.732154,1.856553,0.832154,10989,3675,silence_separator
i/insurance.mp3,3.030000,0.897551,2.036644,0.997551,12347,4406,silence_separator
i/insure.mp3,2.690000,0.723401,1.872290,0.823401,10989,3675,silence_separator
i/intact.mp3,2.850000,0.799274,1.934376,0.899274,11616,3988,silence_separator
i/integral.mp3,2.720000,0.734059,1.894512,0.834059,11093,3674,silence_separator
i/integrate.mp3,2.930000,0.844036,1.975692,0.944036,11929,4197,silence_separator
i/integrity.mp3,3.060000,0.895057,2.047302,0.995057,12452,4406,silence_separator
i/intellect.mp3,2.930000,0.855329,1.981542,0.955329,11929,4197,silence_separator
i/intellectual.mp3,3.290000,1.007302,2.165941,1.107302,13392,4824,silence_separator
i/intelligence.mp3,3.470000,1.112653,2.252698,1.212653,14124,5242,silence_separator
i/intelligent.mp3,3.270000,0.993923,2.140136,1.093923,13288,4719,silence_separator
i/intelligible.mp3,3.400000,1.057370,2.225261,1.157370,13810,5033,silence_separator
i/intend.mp3,2.720000,0.725533,1.873878,0.825533,11093,3675,silence_separator
i/intense.mp3,2.950000,0.842585,1.987574,0.942585,12034,4197,silence_separator
i/intensify.mp3,3.400000,1.081678,2.213605,1.181678,13810,5137,silence_separator
i/intensity.mp3,3.110000,0.916281,2.073605,1.016281,12661,4406,silence_separator
i/intensive.mp3,3.110000,0.948571,2.066485,1.048571,12661,4615,silence_separator
i/intent.mp3,2.740000,0.761043,1.886621,0.861043,11198,3779,silence_separator
i/intention.mp3,3.080000,0.921678,2.053288,1.021678,12556,4511,silence_separator
i/intentional.mp3,3.210000,0.976327,2.138095,1.076327,13079,4719,silence_separator
i/interact.mp3,2.930000,0.843537,1.981179,0.943537,11929,4197,silence_separator
i/interaction.mp3,3.270000,1.035918,2.157914,1.135918,13287,4928,silence_separator
i/interest.mp3,2.740000,0.767664,1.885850,0.867664,11197,3883,silence_separator
i/interesting.mp3,2.950000,0.872336,1.991066,0.972336,12033,4301,silence_separator
i/interfere.mp3,2.950000,0.854195,1.997279,0.954195,12033,4197,silence_separator
i/interference.mp3,3.340000,1.050159,2.191791,1.150159,13601,4928,silence_separator
i/interim.mp3,2.530000,0.662902,1.786440,0.762902,10361,3465,silence_separator
i/interior.mp3,3.000000,0.858231,2.019456,0.958231,12243,4197,silence_separator
i/intermediate.mp3,3.270000,1.028571,2.162630,1.128571,13287,4928,silence_separator
i/intermittent.mp3,3.060000,0.927528,2.054921,1.027528,12451,4510,silence_separator
i/internal.mp3,2.850000,0.795011,1.955601,0.895011,11615,3988,silence_separator
i/international.mp3,3.340000,1.047166,2.206984,1.147166,13601,4928,silence_separator
i/interpret.mp3,3.030000,0.913741,2.026032,1.013741,12347,4406,silence_separator
i/interpretation.mp3,3.630000,1.190658,2.314059,1.290658,14751,5555,silence_separator
i/interpreter.mp3,3.080000,0.929569,2.070975,1.029569,12556,4510,silence_separator
i/interrupt.mp3,2.740000,0.759138,1.891429,0.859138,11197,3779,silence_separator
i/interruption.mp3,3.160000,0.978231,2.096009,1.078231,12869,4719,silence_separator
i/intersection.mp3,3.400000,1.096825,2.217778,1.196825,13810,5137,silence_separator
i/interval.mp3,2.740000,0.746349,1.905397,0.846349,11197,3779,silence_separator
i/intervene.mp3,2.870000,0.837460,1.954875,0.937460,11720,4092,silence_separator
i/interview.mp3,2.820000,0.799274,1.939002,0.899274,11511,3988,silence_separator
i/intimate.mp3,2.800000,0.759274,1.885306,0.859274,11407,3779,silence_separator
i/intimidate.mp3,3.160000,0.957959,2.091156,1.057959,12870,4615,silence_separator
i/into.mp3,2.560000,0.675238,1.790884,0.775238,10466,3465,silence_separator
i/intricate.mp3,2.950000,0.877143,1.998231,0.977143,12033,4301,silence_separator
i/intrigue.mp3,2.660000,0.712109,1.836735,0.812109,10884,3675,silence_separator
i/intrinsic.mp3,3.130000,0.960862,2.098095,1.060862,12765,4615,silence_separator
i/introduce.mp3,3.130000,0.956327,2.095329,1.056327,12765,4615,silence_separator
i/introduction.mp3,3.400000,1.090884,2.217460,1.190884,13810,5137,silence_separator
i/intuition.mp3,3.110000,0.937596,2.060181,1.037596,12661,4511,silence_separator
i/invade.mp3,2.610000,0.686984,1.807982,0.786984,10675,3570,silence_separator
i/invalid.mp3,2.690000,0.721497,1.852653,0.821497,10989,3675,silence_separator
i/invaluable.mp3,3.160000,0.937370,2.109977,1.037370,12870,4511,silence_separator
i/invariably.mp3,3.320000,1.024082,2.184943,1.124082,13497,4824,silence_separator
i/invasion.mp3,2.930000,0.867574,1.982766,0.967574,11929,4197,silence_separator
i/invent.mp3,2.660000,0.710295,1.842676,0.810295,10884,3570,silence_separator
i/invention.mp3,3.030000,0.908435,2.025261,1.008435,12347,4406,silence_separator
i/inventor.mp3,2.900000,0.822313,1.984036,0.922313,11824,4092,silence_separator
i/inventory.mp3,3.060000,0.902132,2.057687,1.002132,12451,4406,silence_separator
i/invert.mp3,2.640000,0.699637,1.828526,0.799637,10780,3570,silence_separator
i/invest.mp3,2.770000,0.760000,1.901043,0.860000,11302,3779,silence_separator
i/investigate.mp3,3.340000,1.059819,2.207302,1.159819,13601,5032,silence_separator
i/investigation.mp3,3.680000,1.215873,2.343356,1.315873,14959,5660,silence_separator
i/investment.mp3,3.190000,0.977370,2.112971,1.077370,12974,4719,silence_separator
i/invisible.mp3,2.950000,0.855329,2.009524,0.955329,12033,4197,silence_separator
i/invitation.mp3,3.210000,0.981633,2.107166,1.081633,13079,4719,silence_separator
i/invite.mp3,2.640000,0.701451,1.843583,0.801451,10780,3570,silence_separator
i/involve.mp3,2.740000,0.759365,1.870748,0.859365,11198,3779,silence_separator
i/inward.mp3,2.350000,0.564762,1.689070,0.664762,9630,3047,silence_separator
i/iron.mp3,2.350000,0.567347,1.685714,0.667347,9631,3048,silence_separator
i/irony.mp3,2.560000,0.663129,1.823311,0.763129,10466,3465,silence_separator
i/irregular.mp3,2.950000,0.838367,2.003946,0.938367,12034,4093,silence_separator
i/irrespective.mp3,3.340000,1.067891,2.181270,1.167891,13601,5033,silence_separator
i/irrigation.mp3,3.190000,0.972517,2.097551,1.072517,12974,4615,silence_separator
i/irritate.mp3,2.950000,0.859819,1.999229,0.959819,12033,4197,silence_separator
i/island.mp3,2.510000,0.639410,1.774014,0.739410,10257,3361,silence_separator
i/isolate.mp3,2.950000,0.850975,1.985986,0.950975,12034,4197,silence_separator
i/issue.mp3,2.460000,0.617052,1.744127,0.717052,10048,3256,silence_separator
i/it.mp3,1.960000,0.383764,1.486939,0.483764,8063,2316,silence_separator
i/italian.mp3,2.870000,0.821678,1.947528,0.921678,11720,4093,silence_separator
i/italy.mp3,2.590000,0.677234,1.811338,0.777234,10570,3465,silence_separator
i/item.mp3,2.350000,0.573061,1.700952,0.673061,9630,3047,silence_separator
i/its.mp3,2.170000,0.478005,1.599093,0.578005,8899,2734,silence_separator
i/itself.mp3,2.800000,0.780816,1.928707,0.880816,11406,3883,silence_separator
i/ivory.mp3,2.480000,0.625624,1.774785,0.725624,10152,3256,silence_separator
j/jacket.mp3,2.660000,0.711973,1.847211,0.811973,10884,3674,silence_separator
j/jail.mp3,2.320000,0.540272,1.687438,0.640272,9526,2943,silence_separator
j/jam.mp3,2.320000,0.551066,1.680771,0.651066,9526,2943,silence_separator
j/january.mp3,2.950000,0.860363,2.012336,0.960363,12033,4197,silence_separator
j/japan.mp3,2.690000,0.746304,1.863175,0.846304,10988,3779,silence_separator
j/japanese.mp3,3.060000,0.919909,2.053016,1.019909,12451,4406,silence_separator
j/jar.mp3,2.270000,0.523265,1.650340,0.623265,9317,2838,silence_separator
j/jaw.mp3,2.250000,0.520952,1.618776,0.620952,9212,2838,silence_separator
j/jazz.mp3,2.560000,0.669796,1.780771,0.769796,10466,3465,silence_separator
j/jealous.mp3,2.610000,0.702948,1.833560,0.802948,10675,3570,silence_separator
j/jeopardize.mp3,3.160000,0.966803,2.098730,1.066803,12869,4615,silence_separator
j/jerk.mp3,2.350000,0.560998,1.702494,0.660998,9630,3047,silence_separator
j/jet.mp3,2.430000,0.603628,1.732608,0.703628,9943,3152,silence_separator
j/jew.mp3,2.400000,0.587574,1.722449,0.687574,9839,3152,silence_separator
j/jewel.mp3,2.220000,0.478367,1.639456,0.578367,9108,2734,silence_separator
j/jewish.mp3,2.640000,0.709342,1.823946,0.809342,10780,3570,silence_separator
j/job.mp3,2.170000,0.474104,1.591837,0.574104,8899,2629,silence_separator
j/join.mp3,2.430000,0.603628,1.731156,0.703628,9943,3152,silence_separator
j/joint.mp3,2.430000,0.608707,1.733515,0.708707,9943,3256,silence_separator
j/joke.mp3,2.380000,0.585306,1.717959,0.685306,9735,3152,silence_separator
j/jolly.mp3,2.480000,0.602358,1.772925,0.702358,10152,3152,silence_separator
j/journal.mp3,2.480000,0.612789,1.775646,0.712789,10152,3256,silence_separator
j/journalist.mp3,2.980000,0.880816,2.007846,0.980816,12138,4301,silence_separator
j/journey.mp3,2.460000,0.603900,1.758186,0.703900,10048,3152,silence_separator
j/joy.mp3,2.380000,0.584671,1.705397,0.684671,9735,3152,silence_separator
j/joyful.mp3,2.560000,0.653605,1.819048,0.753605,10466,3361,silence_separator
j/judge.mp3,2.590000,0.683401,1.800499,0.783401,10570,3465,silence_separator
j/judgement.mp3,2.850000,0.802494,1.937914,0.902494,11615,3988,silence_separator
j/juice.mp3,2.430000,0.606893,1.731474,0.706893,9943,3152,silence_separator
j/july.mp3,2.590000,0.683991,1.819410,0.783991,10570,3465,silence_separator
j/jump.mp3,2.170000,0.467029,1.613152,0.567029,8899,2629,silence_separator
j/junction.mp3,2.800000,0.789569,1.922449,0.889569,11406,3883,silence_separator
j/june.mp3,2.320000,0.563356,1.673469,0.663356,9526,3047,silence_separator
j/jungle.mp3,2.530000,0.635374,1.804671,0.735374,10361,3361,silence_separator
j/junior.mp3,2.530000,0.623900,1.782676,0.723900,10362,3257,silence_separator
j/jury.mp3,2.400000,0.579864,1.729751,0.679864,9839,3047,silence_separator
j/just.mp3,2.250000,0.521633,1.638639,0.621633,9212,2838,silence_separator
j/justice.mp3,2.900000,0.835102,1.983356,0.935102,11824,4092,silence_separator
j/justification.mp3,3.710000,1.235465,2.362902,1.335465,15064,5764,silence_separator
j/justify.mp3,3.060000,0.924535,2.042177,1.024535,12451,4510,silence_separator
k/katherine.mp3,2.690000,0.744263,1.849751,0.844263,10988,3779,silence_separator
k/keen.mp3,2.320000,0.564490,1.669977,0.664490,9526,3047,silence_separator
k/keep.mp3,2.170000,0.491202,1.610794,0.591202,8899,2734,silence_separator
k/keeper.mp3,2.480000,0.601361,1.765760,0.701361,10153,3152,silence_separator
k/kettle.mp3,2.380000,0.559184,1.725760,0.659184,9735,3047,silence_separator
k/key.mp3,2.270000,0.536100,1.654966,0.636100,9317,2943,silence_separator
k/keyboard.mp3,2.590000,0.692744,1.821905,0.792744,10570,3570,silence_separator
k/kick.mp3,2.380000,0.581950,1.719184,0.681950,9735,3152,silence_separator
k/kid.mp3,2.170000,0.481224,1.596871,0.581224,8899,2734,silence_separator
k/kidney.mp3,2.430000,0.593288,1.745986,0.693288,9943,3152,silence_separator
k/kill.mp3,2.300000,0.534240,1.689660,0.634240,9421,2943,silence_separator
k/kilogram.mp3,2.870000,0.822177,1.950295,0.922177,11720,4092,silence_separator
k/kilometer.mp3,2.930000,0.841723,1.993878,0.941723,11929,4092,silence_separator
k/kind.mp3,2.320000,0.550476,1.684535,0.650476,9526,2943,silence_separator
k/kindness.mp3,2.900000,0.837959,1.982540,0.937959,11824,4092,silence_separator
k/king.mp3,2.270000,0.537460,1.656190,0.637460,9317,2943,silence_separator
k/kingdom.mp3,2.530000,0.665397,1.787029,0.765397,10361,3465,silence_separator
k/kiss.mp3,2.430000,0.589705,1.727846,0.689705,9943,3152,silence_separator
k/kit.mp3,2.380000,0.585714,1.717914,0.685714,9735,3152,silence_separator
k/kitchen.mp3,2.530000,0.666984,1.775420,0.766984,10361,3465,silence_separator
k/kite.mp3,2.380000,0.588889,1.714014,0.688889,9735,3152,silence_separator
k/knee.mp3,2.220000,0.502585,1.624308,0.602585,9108,2734,silence_separator
k/kneel.mp3,2.350000,0.552018,1.699002,0.652018,9630,2943,silence_separator
k/knife.mp3,2.560000,0.667075,1.815692,0.767075,10466,3465,silence_separator
k/knit.mp3,2.350000,0.561859,1.679546,0.661859,9630,3047,silence_separator
k/knob.mp3,2.190000,0.499229,1.605533,0.599229,9003,2734,silence_separator
k/knock.mp3,2.430000,0.609751,1.745986,0.709751,9943,3256,silence_separator
k/knot.mp3,2.400000,0.597823,1.713061,0.697823,9839,3152,silence_separator
k/know.mp3,2.350000,0.568662,1.702630,0.668662,9630,3047,silence_separator
k/knowledge.mp3,2.770000,0.779365,1.889615,0.879365,11302,3883,silence_separator
l/lab.mp3,2.220000,0.510023,1.608163,0.610023,9108,2838,silence_separator
l/label.mp3,2.460000,0.597778,1.760998,0.697778,10048,3152,silence_separator
l/labor.mp3,2.400000,0.587574,1.728345,0.687574,9839,3152,silence_separator
l/laboratory.mp3,3.160000,0.958776,2.110658,1.058776,12869,4615,silence_separator
l/labour.mp3,2.400000,0.587574,1.728299,0.687574,9839,3152,silence_separator
l/lace.mp3,2.380000,0.576009,1.696145,0.676009,9735,3047,silence_separator
l/lack.mp3,2.430000,0.599637,1.761633,0.699637,9943,3152,silence_separator
l/ladder.mp3,2.430000,0.583492,1.746349,0.683492,9943,3152,silence_separator
l/lady.mp3,2.380000,0.567664,1.714603,0.667664,9735,3047,silence_separator
l/lag.mp3,2.400000,0.588345,1.716599,0.688345,9839,3152,silence_separator
l/lake.mp3,2.400000,0.580454,1.727800,0.680454,9839,3047,silence_separator
l/lamb.mp3,2.400000,0.584762,1.721633,0.684762,9839,3152,silence_separator
l/lame.mp3,2.320000,0.556054,1.671837,0.656054,9526,3047,silence_separator
l/lamp.mp3,2.270000,0.510839,1.649796,0.610839,9317,2839,silence_separator
l/land.mp3,2.400000,0.584354,1.716780,0.684354,9839,3152,silence_separator
l/landing.mp3,2.610000,0.694195,1.828980,0.794195,10675,3570,silence_separator
l/landlady.mp3,2.850000,0.806667,1.952834,0.906667,11615,3988,silence_separator
l/landlord.mp3,2.800000,0.791111,1.920363,0.891111,11406,3988,silence_separator
l/landscape.mp3,2.820000,0.787302,1.933696,0.887302,11511,3883,silence_separator
l/lane.mp3,2.380000,0.585261,1.704218,0.685261,9735,3152,silence_separator
l/language.mp3,2.980000,0.878367,2.011882,0.978367,12138,4301,silence_separator
l/lantern.mp3,2.660000,0.731610,1.843039,0.831610,10884,3674,silence_separator
l/lap.mp3,2.300000,0.525669,1.668435,0.625669,9421,2838,silence_separator
l/large.mp3,2.530000,0.665850,1.777823,0.765850,10361,3465,silence_separator
l/largely.mp3,2.820000,0.785669,1.956054,0.885669,11511,3883,silence_separator
l/laser.mp3,2.530000,0.646485,1.800227,0.746485,10361,3361,silence_separator
l/last.mp3,2.510000,0.640454,1.770249,0.740454,10257,3361,silence_separator
l/late.mp3,2.350000,0.579320,1.694694,0.679320,9630,3047,silence_separator
l/lately.mp3,2.660000,0.722358,1.860136,0.822358,10884,3674,silence_separator
l/latent.mp3,2.690000,0.736417,1.859048,0.836417,10988,3674,silence_separator
l/later.mp3,2.400000,0.573878,1.729841,0.673878,9839,3047,silence_separator
l/latin.mp3,2.640000,0.705896,1.832925,0.805896,10779,3570,silence_separator
l/latitude.mp3,2.950000,0.859320,1.990068,0.959320,12033,4197,silence_separator
l/latter.mp3,2.430000,0.583401,1.748163,0.683401,9943,3152,silence_separator
l/laugh.mp3,2.480000,0.618957,1.769751,0.718957,10152,3256,silence_separator
l/laughter.mp3,2.720000,0.737914,1.893379,0.837914,11093,3674,silence_separator
l/launch.mp3,2.510000,0.651837,1.758549,0.751837,10257,3361,silence_separator
l/laundry.mp3,2.720000,0.748571,1.895102,0.848571,11093,3779,silence_separator
l/lavatory.mp3,3.080000,0.921043,2.067574,1.021043,12556,4510,silence_separator
l/law.mp3,2.250000,0.545760,1.625170,0.645760,9212,2943,silence_separator
l/lawn.mp3,2.430000,0.619002,1.732200,0.719002,9943,3256,silence_separator
l/lawyer.mp3,2.460000,0.596327,1.754195,0.696327,10048,3152,silence_separator
l/lay.mp3,2.350000,0.567800,1.687982,0.667800,9630,3047,silence_separator
l/layer.mp3,2.380000,0.563628,1.709705,0.663628,9735,3047,silence_separator
l/layman.mp3,2.510000,0.655011,1.780544,0.755011,10257,3361,silence_separator
l/layout.mp3,2.610000,0.696236,1.817732,0.796236,10675,3570,silence_separator
l/lazy.mp3,2.610000,0.681633,1.831474,0.781633,10675,3465,silence_separator
l/lead.mp3,2.320000,0.524580,1.655147,0.624580,9526,2838,silence_separator
l/leader.mp3,2.400000,0.561134,1.726984,0.661134,9839,3048,silence_separator
l/leadership.mp3,2.950000,0.853107,2.015918,0.953107,12033,4197,silence_separator
l/leading.mp3,2.480000,0.618231,1.753832,0.718231,10153,3257,silence_separator
l/leaf.mp3,2.380000,0.563175,1.717279,0.663175,9735,3047,silence_separator
l/leaflet.mp3,2.770000,0.772154,1.892653,0.872154,11302,3883,silence_separator
l/league.mp3,2.170000,0.507846,1.584626,0.607846,8899,2838,silence_separator
l/leak.mp3,2.380000,0.560272,1.715782,0.660272,9735,3047,silence_separator
l/lean.mp3,2.300000,0.542494,1.647755,0.642494,9422,2943,silence_separator
l/leap.mp3,2.190000,0.483810,1.613061,0.583810,9003,2734,silence_separator
l/learn.mp3,2.300000,0.543311,1.656961,0.643311,9421,2943,silence_separator
l/learned.mp3,2.350000,0.564218,1.703220,0.664218,9630,3047,silence_separator
l/learning.mp3,2.590000,0.689025,1.822630,0.789025,10570,3570,silence_separator
l/lease.mp3,2.270000,0.540045,1.652200,0.640045,9317,2943,silence_separator
l/least.mp3,2.250000,0.523447,1.623311,0.623447,9212,2838,silence_separator
l/leather.mp3,2.460000,0.607846,1.759864,0.707846,10048,3256,silence_separator
l/leave.mp3,2.350000,0.580499,1.688390,0.680499,9630,3047,silence_separator
l/lecture.mp3,2.720000,0.735828,1.896281,0.835828,11093,3674,silence_separator
l/left.mp3,2.400000,0.600680,1.715420,0.700680,9839,3152,silence_separator
l/leg.mp3,2.350000,0.583991,1.688163,0.683991,9630,3152,silence_separator
l/legal.mp3,2.510000,0.604535,1.783265,0.704535,10257,3152,silence_separator
l/legend.mp3,2.610000,0.693832,1.835011,0.793832,10675,3570,silence_separator
l/legislation.mp3,3.400000,1.097506,2.217370,1.197506,13810,5137,silence_separator
l/legitimate.mp3,3.080000,0.927619,2.048345,1.027619,12556,4510,silence_separator
l/leisure.mp3,2.590000,0.649705,1.812517,0.749705,10571,3361,silence_separator
l/lemon.mp3,2.460000,0.612018,1.739410,0.712018,10048,3257,silence_separator
l/lend.mp3,2.350000,0.562222,1.703084,0.662222,9630,3047,silence_separator
l/length.mp3,2.400000,0.576372,1.724036,0.676372,9839,3048,silence_separator
l/lens.mp3,2.640000,0.718367,1.845351,0.818367,10779,3674,silence_separator
l/less.mp3,2.480000,0.629342,1.755737,0.729342,10152,3256,silence_separator
l/lessen.mp3,2.690000,0.735782,1.864127,0.835782,10988,3674,silence_separator
l/lesson.mp3,2.690000,0.735782,1.864127,0.835782,10988,3674,silence_separator
l/lest.mp3,2.430000,0.594331,1.725941,0.694331,9943,3152,silence_separator
l/let.mp3,2.460000,0.615057,1.745669,0.715057,10048,3256,silence_separator
l/letter.mp3,2.380000,0.565578,1.716689,0.665578,9735,3047,silence_separator
l/level.mp3,2.430000,0.573741,1.756327,0.673741,9944,3048,silence_separator
l/lever.mp3,2.460000,0.611429,1.765533,0.711429,10048,3256,silence_separator
l/liability.mp3,3.160000,0.941723,2.106848,1.041723,12870,4511,silence_separator
l/liable.mp3,2.690000,0.702676,1.871973,0.802676,10989,3570,silence_separator
l/liar.mp3,2.530000,0.646032,1.807755,0.746032,10361,3361,silence_separator
l/liberal.mp3,2.560000,0.656281,1.806395,0.756281,10466,3361,silence_separator
l/liberate.mp3,2.800000,0.788254,1.924444,0.888254,11406,3883,silence_separator
l/liberation.mp3,3.160000,0.981587,2.099546,1.081587,12869,4719,silence_separator
l/liberty.mp3,2.660000,0.706757,1.865034,0.806757,10884,3570,silence_separator
l/librarian.mp3,3.110000,0.940363,2.070340,1.040363,12660,4510,silence_separator
l/library.mp3,2.850000,0.810249,1.952336,0.910249,11615,3988,silence_separator
l/license.mp3,2.930000,0.861497,1.996327,0.961497,11929,4197,silence_separator
l/lick.mp3,2.400000,0.593515,1.733560,0.693515,9839,3152,silence_separator
l/lid.mp3,1.200000,0.425669,0.563583,0.494626,5032,2316,silence_separator
l/lie.mp3,2.380000,0.579728,1.702494,0.679728,9735,3047,silence_separator
l/lieutenant.mp3,2.980000,0.887120,2.006440,0.987120,12138,4301,silence_separator
l/life.mp3,2.560000,0.669796,1.819909,0.769796,10466,3465,silence_separator
l/lifetime.mp3,2.870000,0.805986,1.958912,0.905986,11720,3988,silence_separator
l/lift.mp3,2.350000,0.557370,1.681769,0.657370,9630,3047,silence_separator
l/light.mp3,2.480000,0.614739,1.753061,0.714739,10153,3257,silence_separator
l/lighten.mp3,2.460000,0.619184,1.745941,0.719184,10048,3256,silence_separator
l/lightly.mp3,2.640000,0.696009,1.846531,0.796009,10779,3570,silence_separator
l/lightning.mp3,2.690000,0.724218,1.866712,0.824218,10988,3674,silence_separator
l/like.mp3,2.430000,0.577143,1.744218,0.677143,9944,3048,silence_separator
l/likelihood.mp3,2.930000,0.841587,1.974966,0.941587,11929,4093,silence_separator
l/likely.mp3,2.720000,0.720816,1.884807,0.820816,11093,3675,silence_separator
l/likewise.mp3,3.060000,0.899683,2.050748,0.999683,12452,4406,silence_separator
l/limb.mp3,2.350000,0.548617,1.678821,0.648617,9631,2943,silence_separator
l/lime.mp3,2.350000,0.553197,1.693152,0.653197,9631,2943,silence_separator
l/limit.mp3,2.510000,0.653016,1.776100,0.753016,10257,3361,silence_separator
l/limitation.mp3,3.290000,1.037823,2.159819,1.137823,13392,4928,silence_separator
l/limited.mp3,2.610000,0.702494,1.822494,0.802494,10675,3570,silence_separator
l/limp.mp3,2.250000,0.506304,1.662857,0.606304,9212,2838,silence_separator
l/line.mp3,2.430000,0.602630,1.730839,0.702630,9943,3152,silence_separator
l/linear.mp3,2.610000,0.678005,1.835737,0.778005,10675,3465,silence_separator
l/linen.mp3,2.400000,0.583401,1.710975,0.683401,9839,3152,silence_separator
l/liner.mp3,2.510000,0.613651,1.783764,0.713651,10257,3257,silence_separator
l/linger.mp3,2.510000,0.613107,1.782948,0.713107,10257,3257,silence_separator
l/link.mp3,2.430000,0.580454,1.742132,0.680454,9944,3048,silence_separator
l/lion.mp3,2.400000,0.587800,1.709887,0.687800,9839,3152,silence_separator
l/lip.mp3,2.220000,0.481905,1.623401,0.581905,9108,2734,silence_separator
l/liquid.mp3,2.510000,0.647800,1.776553,0.747800,10257,3361,silence_separator
l/liquor.mp3,2.480000,0.616508,1.760680,0.716508,10152,3256,silence_separator
l/list.mp3,2.350000,0.559637,1.695283,0.659637,9630,3047,silence_separator
l/listen.mp3,2.660000,0.717823,1.848980,0.817823,10884,3674,silence_separator
l/listener.mp3,2.690000,0.720454,1.878277,0.820454,10988,3674,silence_separator
l/liter.mp3,2.430000,0.576190,1.740181,0.676190,9944,3048,silence_separator
l/literacy.mp3,2.950000,0.863719,2.008209,0.963719,12033,4197,silence_separator
l/literal.mp3,2.590000,0.671973,1.837868,0.771973,10570,3465,silence_separator
l/literary.mp3,2.900000,0.833243,1.979955,0.933243,11824,4092,silence_separator
l/literature.mp3,3.060000,0.910567,2.056281,1.010567,12451,4406,silence_separator
l/litter.mp3,2.320000,0.544717,1.704535,0.644717,9526,2943,silence_separator
l/little.mp3,2.400000,0.569342,1.738277,0.669342,9839,3047,silence_separator
l/live.mp3,2.560000,0.676825,1.785986,0.776825,10466,3465,silence_separator
l/lively.mp3,2.720000,0.733832,1.895737,0.833832,11093,3674,silence_separator
l/liver.mp3,2.430000,0.591565,1.747483,0.691565,9943,3152,silence_separator
l/living.mp3,2.480000,0.626984,1.760680,0.726984,10152,3256,silence_separator
l/load.mp3,2.380000,0.569751,1.702041,0.669751,9735,3047,silence_separator
l/loaf.mp3,2.510000,0.633107,1.773016,0.733107,10257,3256,silence_separator
l/loan.mp3,2.400000,0.603356,1.715193,0.703356,9839,3152,silence_separator
l/lobby.mp3,2.430000,0.584807,1.737823,0.684807,9944,3152,silence_separator
l/local.mp3,2.560000,0.646803,1.825170,0.746803,10466,3361,silence_separator
l/locality.mp3,3.080000,0.917687,2.066213,1.017687,12556,4406,silence_separator
l/locate.mp3,2.800000,0.789751,1.919728,0.889751,11406,3883,silence_separator
l/location.mp3,3.060000,0.917778,2.035692,1.017778,12451,4406,silence_separator
l/lock.mp3,2.400000,0.573787,1.726077,0.673787,9839,3048,silence_separator
l/locomotive.mp3,3.130000,0.974376,2.087392,1.074376,12765,4719,silence_separator
l/lodge.mp3,2.510000,0.660726,1.771066,0.760726,10257,3465,silence_separator
l/loft.mp3,2.480000,0.634014,1.761497,0.734014,10152,3361,silence_separator
l/log.mp3,2.400000,0.585624,1.727937,0.685624,9839,3152,silence_separator
l/logic.mp3,2.800000,0.774875,1.924626,0.874875,11406,3883,silence_separator
l/logical.mp3,2.850000,0.798776,1.971338,0.898776,11615,3988,silence_separator
l/lonely.mp3,2.690000,0.721723,1.880816,0.821723,10988,3674,silence_separator
l/long.mp3,2.480000,0.646531,1.763039,0.746531,10152,3361,silence_separator
l/longitude.mp3,3.080000,0.925850,2.067710,1.025850,12556,4510,silence_separator
l/look.mp3,2.320000,0.557188,1.688118,0.657188,9526,3047,silence_separator
l/loop.mp3,2.270000,0.518322,1.658730,0.618322,9317,2838,silence_separator
l/loose.mp3,2.480000,0.632653,1.757370,0.732653,10152,3256,silence_separator
l/loosen.mp3,2.660000,0.720771,1.850340,0.820771,10884,3674,silence_separator
l/lord.mp3,2.320000,0.556327,1.688889,0.656327,9526,3047,silence_separator
l/lorry.mp3,2.480000,0.615782,1.773197,0.715782,10153,3257,silence_separator
l/lose.mp3,2.530000,0.659728,1.779819,0.759728,10361,3465,silence_separator
l/loss.mp3,2.530000,0.658866,1.785896,0.758866,10361,3361,silence_separator
l/lot.mp3,2.400000,0.591746,1.715057,0.691746,9839,3152,silence_separator
l/loud.mp3,2.430000,0.604989,1.730839,0.704989,9943,3152,silence_separator
l/loudly.mp3,2.690000,0.719093,1.879184,0.819093,10988,3674,silence_separator
l/loudspeaker.mp3,3.080000,0.919637,2.081633,1.019637,12556,4406,silence_separator
l/lounge.mp3,2.530000,0.652653,1.769252,0.752653,10362,3361,silence_separator
l/love.mp3,2.350000,0.582902,1.681088,0.682902,9630,3152,silence_separator
l/lovely.mp3,2.640000,0.696553,1.858639,0.796553,10779,3570,silence_separator
l/lover.mp3,2.460000,0.590748,1.754785,0.690748,10048,3152,silence_separator
l/low.mp3,2.400000,0.591973,1.713878,0.691973,9839,3152,silence_separator
l/lower.mp3,2.430000,0.584807,1.747891,0.684807,9943,3152,silence_separator
l/loyal.mp3,2.480000,0.601769,1.781451,0.701769,10153,3152,silence_separator
l/loyalty.mp3,2.930000,0.823265,1.996054,0.923265,11929,4093,silence_separator
l/lubricate.mp3,3.060000,0.918503,2.054694,1.018503,12451,4406,silence_separator
l/luck.mp3,2.430000,0.581950,1.747710,0.681950,9943,3152,silence_separator
l/lucky.mp3,2.530000,0.630385,1.783810,0.730385,10362,3257,silence_separator
l/luggage.mp3,2.820000,0.787438,1.920317,0.887438,11511,3884,silence_separator
l/lumber.mp3,2.480000,0.616463,1.776463,0.716463,10152,3256,silence_separator
l/luminous.mp3,2.900000,0.827166,1.976508,0.927166,11825,4093,silence_separator
l/lump.mp3,2.220000,0.491066,1.641179,0.591066,9108,2734,silence_separator
l/lunar.mp3,2.430000,0.595556,1.746939,0.695556,9943,3152,silence_separator
l/lunch.mp3,2.460000,0.625533,1.747029,0.725533,10048,3256,silence_separator
l/lung.mp3,2.400000,0.583084,1.710476,0.683084,9839,3152,silence_separator
l/luxury.mp3,2.850000,0.788707,1.943356,0.888707,11616,3884,silence_separator
m/machine.mp3,2.660000,0.737914,1.827347,0.837914,10884,3674,silence_separator
m/mad.mp3,2.320000,0.549025,1.675102,0.649025,9526,2943,silence_separator
m/madam.mp3,2.460000,0.620726,1.748707,0.720726,10048,3256,silence_separator
m/magazine.mp3,2.900000,0.854376,1.967710,0.954376,11824,4197,silence_separator
m/magic.mp3,2.740000,0.751066,1.889478,0.851066,11197,3779,silence_separator
m/magnet.mp3,2.690000,0.733016,1.866984,0.833016,10988,3674,silence_separator
m/magnetic.mp3,3.030000,0.888934,2.042222,0.988934,12347,4301,silence_separator
m/magnificent.mp3,3.340000,1.077370,2.198231,1.177370,13601,5032,silence_separator
m/magnify.mp3,3.080000,0.932063,2.055238,1.032063,12556,4510,silence_separator
m/magnitude.mp3,3.110000,0.940454,2.070476,1.040454,12660,4510,silence_separator
m/maid.mp3,2.300000,0.542812,1.657506,0.642812,9421,2943,silence_separator
m/mail.mp3,2.320000,0.529161,1.679093,0.629161,9526,2943,silence_separator
m/main.mp3,2.270000,0.537460,1.640317,0.637460,9317,2943,silence_separator
m/mainland.mp3,2.820000,0.801315,1.938413,0.901315,11511,3988,silence_separator
m/mainly.mp3,2.610000,0.670431,1.828027,0.770431,10675,3466,silence_separator
m/maintain.mp3,2.850000,0.826122,1.934422,0.926122,11615,4092,silence_separator
m/maintenance.mp3,3.030000,0.875465,2.034649,0.975465,12347,4302,silence_separator
m/majesty.mp3,2.950000,0.857959,2.015510,0.957959,12033,4197,silence_separator
m/major.mp3,2.560000,0.638005,1.799093,0.738005,10466,3361,silence_separator
m/majority.mp3,2.930000,0.847256,1.988798,0.947256,11929,4197,silence_separator
m/make.mp3,2.320000,0.535873,1.679909,0.635873,9526,2943,silence_separator
m/male.mp3,2.320000,0.529116,1.679093,0.629116,9526,2943,silence_separator
m/mall.mp3,2.380000,0.562449,1.717370,0.662449,9735,3047,silence_separator
m/man.mp3,2.350000,0.570522,1.690295,0.670522,9630,3047,silence_separator
m/manage.mp3,2.640000,0.726304,1.834966,0.826304,10779,3674,silence_separator
m/management.mp3,3.060000,0.898458,2.030249,0.998458,12452,4406,silence_separator
m/manager.mp3,2.740000,0.752290,1.911156,0.852290,11197,3779,silence_separator
m/manifest.mp3,3.110000,0.932517,2.058367,1.032517,12661,4511,silence_separator
m/manipulate.mp3,3.130000,0.961315,2.084354,1.061315,12765,4615,silence_separator
m/mankind.mp3,2.820000,0.785397,1.932336,0.885397,11511,3884,silence_separator
m/manly.mp3,2.590000,0.674376,1.835692,0.774376,10570,3465,silence_separator
m/manner.mp3,2.430000,0.587302,1.747800,0.687302,9943,3152,silence_separator
m/manoeuvre.mp3,2.720000,0.739365,1.893424,0.839365,11093,3779,silence_separator
m/manual.mp3,2.740000,0.746304,1.911701,0.846304,11197,3779,silence_separator
m/manufacture.mp3,3.550000,1.145669,2.305533,1.245669,14437,5346,silence_separator
m/manufacturer.mp3,3.530000,1.144580,2.308118,1.244580,14332,5346,silence_separator
m/manuscript.mp3,3.190000,0.977778,2.115873,1.077778,12974,4719,silence_separator
m/many.mp3,2.380000,0.545578,1.714014,0.645578,9735,2943,silence_separator
m/map.mp3,2.270000,0.513243,1.653878,0.613243,9317,2838,silence_separator
m/marble.mp3,2.560000,0.632971,1.811973,0.732971,10466,3257,silence_separator
m/march.mp3,2.510000,0.632608,1.756281,0.732608,10257,3257,silence_separator
m/margin.mp3,2.660000,0.710522,1.855238,0.810522,10884,3570,silence_separator
m/marginal.mp3,2.800000,0.759864,1.932063,0.859864,11407,3779,silence_separator
m/marine.mp3,2.510000,0.651293,1.763537,0.751293,10257,3361,silence_separator
m/mark.mp3,2.430000,0.595102,1.728435,0.695102,9944,3152,silence_separator
m/market.mp3,2.690000,0.716780,1.856054,0.816780,10989,3675,silence_separator
m/marriage.mp3,2.690000,0.737914,1.863265,0.837914,10988,3674,silence_separator
m/married.mp3,2.400000,0.593288,1.718413,0.693288,9839,3152,silence_separator
m/marry.mp3,2.460000,0.601224,1.763719,0.701224,10048,3152,silence_separator
m/marsh.mp3,2.460000,0.635420,1.711293,0.735420,10048,3361,silence_separator
m/marshal.mp3,2.660000,0.684807,1.858050,0.784807,10884,3466,silence_separator
m/marvelous.mp3,3.000000,0.869478,2.019229,0.969478,12243,4302,silence_separator
m/marxism.mp3,3.060000,0.901587,2.054331,1.001587,12452,4406,silence_separator
m/marxist.mp3,3.110000,0.933651,2.062540,1.033651,12661,4511,silence_separator
m/masculine.mp3,2.980000,0.879274,2.013787,0.979274,12138,4301,silence_separator
m/mask.mp3,2.480000,0.634830,1.757596,0.734830,10152,3361,silence_separator
m/mass.mp3,2.460000,0.616281,1.744898,0.716281,10048,3256,silence_separator
m/massive.mp3,2.690000,0.748662,1.865488,0.848662,10988,3779,silence_separator
m/master.mp3,2.720000,0.726939,1.885170,0.826939,11093,3675,silence_separator
m/masterpiece.mp3,3.340000,1.065533,2.205170,1.165533,13601,5032,silence_separator
m/mat.mp3,2.430000,0.612200,1.742540,0.712200,9943,3256,silence_separator
m/match.mp3,2.610000,0.688798,1.832834,0.788798,10675,3570,silence_separator
m/mate.mp3,2.350000,0.567937,1.701633,0.667937,9630,3047,silence_separator
m/material.mp3,3.060000,0.884898,2.062585,0.984898,12452,4302,silence_separator
m/materialism.mp3,3.600000,1.191202,2.327619,1.291202,14646,5555,silence_separator
m/mathematical.mp3,3.400000,1.070612,2.230658,1.170612,13810,5032,silence_separator
m/mathematics.mp3,3.470000,1.118594,2.259909,1.218594,14123,5241,silence_separator
m/maths.mp3,2.590000,0.661950,1.818458,0.761950,10570,3465,silence_separator
m/matter.mp3,2.430000,0.592290,1.748299,0.692290,9943,3152,silence_separator
m/mature.mp3,2.720000,0.749569,1.890975,0.849569,11093,3779,silence_separator
m/maximum.mp3,2.900000,0.820227,1.957868,0.920227,11825,4093,silence_separator
m/may.mp3,2.170000,0.472336,1.590794,0.572336,8899,2630,silence_separator
m/maybe.mp3,2.400000,0.571202,1.724263,0.671202,9839,3048,silence_separator
m/mayor.mp3,2.400000,0.591973,1.734467,0.691973,9839,3152,silence_separator
m/me.mp3,2.090000,0.443265,1.563900,0.543265,8585,2525,silence_separator
m/meadow.mp3,2.460000,0.611293,1.758141,0.711293,10048,3256,silence_separator
m/meal.mp3,2.320000,0.539456,1.690068,0.639456,9526,2943,silence_separator
m/mean.mp3,2.270000,0.539864,1.641859,0.639864,9317,2943,silence_separator
m/meaning.mp3,2.460000,0.613968,1.737914,0.713968,10048,3257,silence_separator
m/means.mp3,2.640000,0.712063,1.849070,0.812063,10779,3674,silence_separator
m/meantime.mp3,2.820000,0.798549,1.939456,0.898549,11511,3988,silence_separator
m/meanwhile.mp3,2.740000,0.747438,1.900317,0.847438,11198,3779,silence_separator
m/measurable.mp3,2.820000,0.783311,1.949705,0.883311,11511,3883,silence_separator
m/measure.mp3,2.590000,0.663039,1.820816,0.763039,10570,3465,silence_separator
m/measurement.mp3,2.980000,0.881179,2.017732,0.981179,12138,4301,silence_separator
m/meat.mp3,2.320000,0.537506,1.680181,0.637506,9526,2943,silence_separator
m/mechanic.mp3,2.980000,0.878095,2.005578,0.978095,12138,4301,silence_separator
m/mechanical.mp3,3.130000,0.921678,2.094649,1.021678,12765,4511,silence_separator
m/mechanically.mp3,3.320000,1.032698,2.183991,1.132698,13496,4928,silence_separator
m/mechanics.mp3,3.240000,0.996100,2.138594,1.096100,13183,4719,silence_separator
m/mechanism.mp3,3.030000,0.887710,2.038367,0.987710,12347,4302,silence_separator
m/medal.mp3,2.350000,0.557914,1.713016,0.657914,9630,3047,silence_separator
m/media.mp3,2.610000,0.686712,1.832834,0.786712,10675,3570,silence_separator
m/mediate.mp3,2.800000,0.781587,1.920907,0.881587,11406,3883,silence_separator
m/medical.mp3,2.720000,0.729025,1.896644,0.829025,11093,3674,silence_separator
m/medicine.mp3,2.770000,0.778821,1.903583,0.878821,11302,3883,silence_separator
m/medieval.mp3,2.640000,0.685351,1.856780,0.785351,10780,3466,silence_separator
m/mediterranean.mp3,3.420000,1.115193,2.231338,1.215193,13914,5241,silence_separator
m/medium.mp3,2.640000,0.692154,1.828617,0.792154,10780,3570,silence_separator
m/meet.mp3,2.320000,0.537506,1.680181,0.637506,9526,2943,silence_separator
m/meeting.mp3,2.480000,0.625034,1.756281,0.725034,10153,3257,silence_separator
m/melody.mp3,2.660000,0.713741,1.866213,0.813741,10884,3674,silence_separator
m/melon.mp3,2.480000,0.639229,1.764354,0.739229,10152,3361,silence_separator
m/melt.mp3,2.380000,0.580499,1.701270,0.680499,9735,3047,silence_separator
m/member.mp3,2.460000,0.616372,1.766077,0.716372,10048,3256,silence_separator
m/membership.mp3,2.930000,0.848435,1.980635,0.948435,11929,4197,silence_separator
m/memorial.mp3,2.870000,0.803401,1.974240,0.903401,11720,3988,silence_separator
m/memory.mp3,2.640000,0.705034,1.845442,0.805034,10779,3570,silence_separator
m/menace.mp3,2.640000,0.687029,1.828435,0.787029,10780,3570,silence_separator
m/mend.mp3,2.350000,0.571247,1.700000,0.671247,9630,3047,silence_separator
m/mental.mp3,2.590000,0.664807,1.837370,0.764807,10570,3465,silence_separator
m/mention.mp3,2.640000,0.715329,1.830023,0.815329,10779,3674,silence_separator
m/menu.mp3,2.530000,0.654286,1.789932,0.754286,10361,3361,silence_separator
m/merchant.mp3,2.770000,0.774467,1.892517,0.874467,11302,3883,silence_separator
m/mercury.mp3,2.850000,0.807120,1.954467,0.907120,11615,3988,silence_separator
m/mercy.mp3,2.610000,0.675465,1.830476,0.775465,10675,3466,silence_separator
m/mere.mp3,2.320000,0.533469,1.677778,0.633469,9526,2943,silence_separator
m/merely.mp3,2.640000,0.687574,1.854739,0.787574,10779,3570,silence_separator
m/merge.mp3,2.480000,0.634694,1.749297,0.734694,10152,3361,silence_separator
m/meridiem.mp3,2.850000,0.797098,1.950113,0.897098,11616,3988,silence_separator
m/merit.mp3,2.530000,0.671020,1.789796,0.771020,10361,3465,silence_separator
m/merry.mp3,2.460000,0.601224,1.763719,0.701224,10048,3152,silence_separator
m/mess.mp3,2.460000,0.626667,1.759592,0.726667,10048,3256,silence_separator
m/message.mp3,2.870000,0.830023,1.952608,0.930023,11720,4092,silence_separator
m/messenger.mp3,2.980000,0.869025,2.028481,0.969025,12138,4301,silence_separator
m/metal.mp3,2.380000,0.563265,1.730794,0.663265,9735,3047,silence_separator
m/metallic.mp3,3.000000,0.887120,2.020091,0.987120,12242,4301,silence_separator
m/meter.mp3,2.430000,0.586485,1.738095,0.686485,9944,3152,silence_separator
m/method.mp3,2.510000,0.638776,1.771655,0.738776,10257,3361,silence_separator
m/metre.mp3,2.430000,0.586485,1.738095,0.686485,9944,3152,silence_separator
m/metric.mp3,2.770000,0.777098,1.908254,0.877098,11302,3883,silence_separator
m/metropolitan.mp3,3.600000,1.192517,2.316735,1.292517,14646,5555,silence_separator
m/microcomputer.mp3,3.500000,1.119909,2.288662,1.219909,14228,5242,silence_separator
m/microphone.mp3,3.030000,0.900998,2.022676,1.000998,12347,4406,silence_separator
m/microscope.mp3,3.060000,0.896553,2.053741,0.996553,12452,4406,silence_separator
m/midday.mp3,2.530000,0.643492,1.784399,0.743492,10362,3361,silence_separator
m/middle.mp3,2.320000,0.541043,1.702268,0.641043,9526,2943,silence_separator
m/midnight.mp3,2.690000,0.719456,1.863039,0.819456,10989,3675,silence_separator
m/midst.mp3,2.480000,0.636054,1.759093,0.736054,10152,3361,silence_separator
m/might.mp3,2.350000,0.557778,1.696961,0.657778,9631,3048,silence_separator
m/migrate.mp3,2.850000,0.813832,1.954195,0.913832,11615,3988,silence_separator
m/mild.mp3,1.330000,0.506576,0.653469,0.580022,5555,2734,silence_separator
m/mile.mp3,2.350000,0.536463,1.698912,0.636463,9631,2943,silence_separator
m/militant.mp3,2.950000,0.868980,1.994875,0.968980,12033,4301,silence_separator
m/military.mp3,3.080000,0.918231,2.069342,1.018231,12556,4406,silence_separator
m/milk.mp3,2.350000,0.562630,1.685850,0.662630,9630,3047,silence_separator
m/mill.mp3,1.180000,0.503855,0.503855,0.503855,4928,2420,energy_valley
m/millimetre.mp3,2.980000,0.870159,2.028073,0.970159,12138,4301,silence_separator
m/million.mp3,2.560000,0.666168,1.784263,0.766168,10466,3466,silence_separator
m/mind.mp3,2.320000,0.541224,1.681315,0.641224,9526,2943,silence_separator
m/mine.mp3,2.320000,0.547166,1.669977,0.647166,9526,2943,silence_separator
m/miner.mp3,2.480000,0.604308,1.771565,0.704308,10153,3152,silence_separator
m/mineral.mp3,2.530000,0.628073,1.799501,0.728073,10362,3257,silence_separator
m/mingle.mp3,2.530000,0.630884,1.800136,0.730884,10362,3257,silence_separator
m/miniature.mp3,2.800000,0.754512,1.916372,0.854512,11407,3779,silence_separator
m/minimal.mp3,2.560000,0.650159,1.815102,0.750159,10466,3361,silence_separator
m/minimize.mp3,3.060000,0.913061,2.056190,1.013061,12451,4406,silence_separator
m/minimum.mp3,2.660000,0.711429,1.844943,0.811429,10884,3570,silence_separator
m/minister.mp3,2.870000,0.795102,1.961723,0.895102,11720,3988,silence_separator
m/ministry.mp3,2.900000,0.841179,1.982948,0.941179,11824,4092,silence_separator
m/minor.mp3,2.480000,0.604308,1.771565,0.704308,10153,3152,silence_separator
m/minority.mp3,2.820000,0.783084,1.931610,0.883084,11511,3883,silence_separator
m/minus.mp3,2.720000,0.732154,1.874059,0.832154,11093,3675,silence_separator
m/minute.mp3,2.430000,0.596780,1.723220,0.696780,9944,3152,silence_separator
m/miracle.mp3,2.690000,0.700272,1.879864,0.800272,10988,3570,silence_separator
m/mirror.mp3,2.430000,0.596825,1.745215,0.696825,9943,3152,silence_separator
m/miserable.mp3,2.800000,0.772426,1.936463,0.872426,11406,3883,silence_separator
m/misery.mp3,2.640000,0.694603,1.845760,0.794603,10780,3570,silence_separator
m/misfortune.mp3,3.130000,0.965079,2.085624,1.065079,12765,4615,silence_separator
m/mislead.mp3,2.690000,0.750839,1.857370,0.850839,10988,3779,silence_separator
m/miss.mp3,2.350000,0.567619,1.701224,0.667619,9630,3047,silence_separator
m/missile.mp3,2.590000,0.658095,1.835692,0.758095,10570,3361,silence_separator
m/missing.mp3,2.610000,0.693288,1.820227,0.793288,10675,3570,silence_separator
m/mission.mp3,2.590000,0.695329,1.805941,0.795329,10570,3570,silence_separator
m/missionary.mp3,3.080000,0.917551,2.067528,1.017551,12556,4406,silence_separator
m/mist.mp3,2.350000,0.558503,1.693741,0.658503,9631,3048,silence_separator
m/mistake.mp3,2.820000,0.794603,1.930612,0.894603,11511,3988,silence_separator
m/mister.mp3,2.610000,0.670113,1.831338,0.770113,10675,3466,silence_separator
m/mistress.mp3,2.900000,0.839456,1.977732,0.939456,11824,4092,silence_separator
m/misunderstand.mp3,3.470000,1.120680,2.259274,1.220680,14123,5241,silence_separator
m/mix.mp3,1.330000,0.506712,0.601905,0.554309,5555,2629,silence_separator
m/mixture.mp3,2.740000,0.748435,1.909025,0.848435,11197,3779,silence_separator
m/moan.mp3,2.350000,0.563129,1.682540,0.663129,9631,3048,silence_separator
m/mobile.mp3,2.480000,0.599728,1.769569,0.699728,10153,3152,silence_separator
m/mobilize.mp3,3.240000,0.999229,2.145170,1.099229,13183,4719,silence_separator
m/mock.mp3,2.380000,0.552245,1.714558,0.652245,9735,2943,silence_separator
m/mode.mp3,2.270000,0.521678,1.652154,0.621678,9317,2839,silence_separator
m/model.mp3,2.430000,0.582132,1.746213,0.682132,9944,3152,silence_separator
m/moderate.mp3,2.720000,0.755737,1.883673,0.855737,11093,3779,silence_separator
m/modern.mp3,2.510000,0.637687,1.761088,0.737687,10257,3361,silence_separator
m/modest.mp3,2.690000,0.749388,1.878367,0.849388,10988,3779,silence_separator
m/modify.mp3,2.950000,0.871973,2.001678,0.971973,12033,4301,silence_separator
m/moist.mp3,2.510000,0.628980,1.770385,0.728980,10257,3257,silence_separator
m/moisture.mp3,2.770000,0.754286,1.919410,0.854286,11302,3779,silence_separator
m/molecule.mp3,3.060000,0.890975,2.050839,0.990975,12452,4302,silence_separator
m/moment.mp3,2.610000,0.684444,1.815873,0.784444,10675,3466,silence_separator
m/momentum.mp3,2.980000,0.870023,2.015782,0.970023,12138,4301,silence_separator
m/monday.mp3,2.560000,0.650975,1.802404,0.750975,10466,3361,silence_separator
m/money.mp3,2.350000,0.536054,1.700091,0.636054,9631,2943,silence_separator
m/monitor.mp3,2.690000,0.710113,1.871519,0.810113,10989,3570,silence_separator
m/monkey.mp3,2.640000,0.682630,1.852562,0.782630,10780,3466,silence_separator
m/monopoly.mp3,2.950000,0.851519,2.005805,0.951519,12033,4197,silence_separator
m/monster.mp3,2.850000,0.796463,1.957596,0.896463,11615,3988,silence_separator
m/month.mp3,2.300000,0.516009,1.669342,0.616009,9422,2839,silence_separator
m/monthly.mp3,2.690000,0.700499,1.879138,0.800499,10989,3570,silence_separator
m/monument.mp3,2.980000,0.869977,2.008662,0.969977,12138,4302,silence_separator
m/mood.mp3,2.350000,0.568299,1.703039,0.668299,9630,3047,silence_separator
m/moon.mp3,2.320000,0.544943,1.666440,0.644943,9526,2943,silence_separator
m/moral.mp3,2.400000,0.569796,1.726485,0.669796,9839,3048,silence_separator
m/morality.mp3,2.870000,0.792381,1.961088,0.892381,11720,3988,silence_separator
m/more.mp3,2.380000,0.562177,1.714467,0.662177,9735,3048,silence_separator
m/moreover.mp3,2.720000,0.729796,1.868481,0.829796,11093,3675,silence_separator
m/morning.mp3,2.530000,0.648073,1.789478,0.748073,10362,3361,silence_separator
m/mortal.mp3,2.480000,0.601088,1.772109,0.701088,10153,3152,silence_separator
m/mortgage.mp3,2.900000,0.831429,1.963583,0.931429,11825,4093,silence_separator
m/mosquito.mp3,3.000000,0.873243,2.020544,0.973243,12242,4301,silence_separator
m/most.mp3,2.320000,0.566712,1.689887,0.666712,9526,3047,silence_separator
m/mostly.mp3,2.800000,0.767755,1.932744,0.867755,11407,3884,silence_separator
m/motel.mp3,2.720000,0.734785,1.897143,0.834785,11093,3674,silence_separator
m/mother.mp3,2.430000,0.592880,1.751429,0.692880,9944,3152,silence_separator
m/motion.mp3,2.660000,0.723946,1.844853,0.823946,10884,3675,silence_separator
m/motivate.mp3,2.900000,0.822676,1.964671,0.922676,11825,4093,silence_separator
m/motive.mp3,2.510000,0.635964,1.757370,0.735964,10257,3361,silence_separator
m/motor.mp3,2.400000,0.570658,1.724535,0.670658,9839,3048,silence_separator
m/mould.mp3,2.300000,0.520454,1.679274,0.620454,9422,2839,silence_separator
m/mount.mp3,2.380000,0.584218,1.705714,0.684218,9735,3152,silence_separator
m/mountain.mp3,2.590000,0.669252,1.796417,0.769252,10571,3466,silence_separator
m/mourn.mp3,2.300000,0.549070,1.655646,0.649070,9422,2943,silence_separator
m/mouse.mp3,2.300000,0.557687,1.656735,0.657687,9421,3047,silence_separator
m/mouth.mp3,2.430000,0.600091,1.743311,0.700091,9943,3152,silence_separator
m/mouthful.mp3,2.800000,0.778730,1.940771,0.878730,11406,3883,silence_separator
m/move.mp3,2.400000,0.577732,1.711293,0.677732,9839,3048,silence_separator
m/movement.mp3,2.720000,0.734240,1.874014,0.834240,11093,3675,silence_separator
m/movie.mp3,2.510000,0.622948,1.773741,0.722948,10257,3257,silence_separator
m/much.mp3,2.530000,0.665034,1.797687,0.765034,10361,3465,silence_separator
m/mud.mp3,2.250000,0.494785,1.636417,0.594785,9213,2734,silence_separator
m/muddy.mp3,2.350000,0.535465,1.701587,0.635465,9631,2943,silence_separator
m/mug.mp3,2.270000,0.505442,1.652880,0.605442,9317,2839,silence_separator
m/multiple.mp3,2.770000,0.741088,1.916100,0.841088,11302,3779,silence_separator
m/multiply.mp3,3.080000,0.909116,2.046803,1.009116,12556,4406,silence_separator
m/multitude.mp3,3.030000,0.901587,2.031338,1.001587,12347,4406,silence_separator
m/municipal.mp3,3.000000,0.870703,2.032789,0.970703,12243,4302,silence_separator
m/murder.mp3,2.460000,0.581361,1.738776,0.681361,10048,3152,silence_separator
m/murderer.mp3,2.640000,0.682721,1.845215,0.782721,10780,3466,silence_separator
m/murmur.mp3,2.460000,0.604036,1.755782,0.704036,10048,3152,silence_separator
m/muscle.mp3,2.610000,0.672290,1.853288,0.772290,10675,3466,silence_separator
m/muscular.mp3,2.900000,0.814875,1.976145,0.914875,11825,3988,silence_separator
m/museum.mp3,2.740000,0.748027,1.884172,0.848027,11198,3779,silence_separator
m/mushroom.mp3,2.740000,0.749932,1.888980,0.849932,11198,3779,silence_separator
m/music.mp3,2.690000,0.721497,1.856145,0.821497,10989,3675,silence_separator
m/musical.mp3,2.800000,0.760408,1.932698,0.860408,11407,3779,silence_separator
m/musician.mp3,2.950000,0.879637,1.994649,0.979637,12033,4301,silence_separator
m/must.mp3,2.320000,0.549206,1.689569,0.649206,9526,2943,silence_separator
m/mute.mp3,2.460000,0.635011,1.749161,0.735011,10048,3361,silence_separator
m/mutter.mp3,2.380000,0.552880,1.713333,0.652880,9735,2943,silence_separator
m/mutton.mp3,2.270000,0.526984,1.659229,0.626984,9317,2839,silence_separator
m/mutual.mp3,2.720000,0.728798,1.885125,0.828798,11093,3675,silence_separator
m/my.mp3,2.140000,0.467710,1.577007,0.567710,8795,2630,silence_separator
m/myself.mp3,2.950000,0.861542,1.999002,0.961542,12033,4197,silence_separator
m/mysteries.mp3,3.000000,0.890249,2.026349,0.990249,12242,4301,silence_separator
m/mysterious.mp3,3.290000,1.027710,2.170748,1.127710,13392,4928,silence_separator
m/mystery.mp3,2.690000,0.719909,1.862177,0.819909,10988,3674,silence_separator
m/myth.mp3,2.250000,0.492245,1.637234,0.592245,9213,2734,silence_separator
n/nail.mp3,2.350000,0.565351,1.700408,0.665351,9630,3047,silence_separator
n/naive.mp3,2.590000,0.706395,1.800408,0.806395,10570,3570,silence_separator
n/naked.mp3,2.510000,0.649887,1.775737,0.749887,10257,3361,silence_separator
n/name.mp3,2.270000,0.538549,1.659909,0.638549,9317,2943,silence_separator
n/namely.mp3,2.660000,0.694331,1.855828,0.794331,10884,3570,silence_separator
n/nap.mp3,2.300000,0.534286,1.661587,0.634286,9421,2943,silence_separator
n/narrative.mp3,2.870000,0.840136,1.944399,0.940136,11720,4092,silence_separator
n/narrow.mp3,2.510000,0.630748,1.767982,0.730748,10257,3256,silence_separator
n/nasty.mp3,2.800000,0.773243,1.931156,0.873243,11406,3883,silence_separator
n/nation.mp3,2.690000,0.750295,1.860227,0.850295,10988,3779,silence_separator
n/national.mp3,2.820000,0.789796,1.946893,0.889796,11511,3883,silence_separator
n/nationality.mp3,3.370000,1.055238,2.210340,1.155238,13705,5032,silence_separator
n/native.mp3,2.530000,0.681451,1.791383,0.781451,10361,3465,silence_separator
n/natural.mp3,2.720000,0.735828,1.886485,0.835828,11093,3674,silence_separator
n/naturally.mp3,2.980000,0.864444,2.021542,0.964444,12138,4197,silence_separator
n/nature.mp3,2.640000,0.701814,1.843401,0.801814,10779,3570,silence_separator
n/naughty.mp3,2.460000,0.609161,1.755556,0.709161,10048,3256,silence_separator
n/naval.mp3,2.510000,0.625397,1.791882,0.725397,10257,3256,silence_separator
n/navigation.mp3,3.290000,1.032290,2.155737,1.132290,13392,4928,silence_separator
n/navy.mp3,2.480000,0.629297,1.776417,0.729297,10152,3256,silence_separator
n/near.mp3,2.320000,0.552653,1.688435,0.652653,9526,2943,silence_separator
n/nearby.mp3,2.660000,0.718141,1.848980,0.818141,10884,3674,silence_separator
n/nearly.mp3,2.720000,0.728027,1.892472,0.828027,11093,3674,silence_separator
n/neat.mp3,2.350000,0.572381,1.696100,0.672381,9630,3047,silence_separator
n/necessarily.mp3,3.500000,1.116553,2.280907,1.216553,14228,5241,silence_separator
n/necessary.mp3,3.190000,0.972154,2.118776,1.072154,12974,4615,silence_separator
n/necessity.mp3,3.080000,0.914059,2.062766,1.014059,12556,4406,silence_separator
n/neck.mp3,2.460000,0.604490,1.757506,0.704490,10048,3152,silence_separator
n/necklace.mp3,2.820000,0.801542,1.935964,0.901542,11511,3988,silence_separator
n/need.mp3,2.300000,0.544263,1.652381,0.644263,9421,2943,silence_separator
n/needle.mp3,2.480000,0.612200,1.768345,0.712200,10152,3256,silence_separator
n/needless.mp3,2.820000,0.800045,1.936100,0.900045,11511,3988,silence_separator
n/negative.mp3,2.870000,0.839955,1.947438,0.939955,11720,4092,silence_separator
n/neglect.mp3,2.820000,0.804263,1.929796,0.904263,11511,3988,silence_separator
n/negligible.mp3,3.240000,0.993333,2.155964,1.093333,13183,4719,silence_separator
n/negotiate.mp3,3.190000,0.977415,2.104263,1.077415,12974,4719,silence_separator
n/negro.mp3,2.640000,0.704082,1.841814,0.804082,10779,3570,silence_separator
n/neighbour.mp3,2.430000,0.592426,1.748027,0.692426,9943,3152,silence_separator
n/neighbourhood.mp3,2.740000,0.768163,1.885986,0.868163,11197,3883,silence_separator
n/neither.mp3,2.480000,0.621088,1.766939,0.721088,10152,3256,silence_separator
n/nephew.mp3,2.720000,0.738277,1.873878,0.838277,11093,3779,silence_separator
n/nerve.mp3,2.320000,0.566077,1.666440,0.666077,9526,3047,silence_separator
n/nervous.mp3,2.720000,0.735782,1.877415,0.835782,11093,3674,silence_separator
n/nest.mp3,2.510000,0.637052,1.767483,0.737052,10257,3361,silence_separator
n/net.mp3,2.460000,0.612018,1.742630,0.712018,10048,3256,silence_separator
n/network.mp3,2.740000,0.756327,1.898639,0.856327,11197,3779,silence_separator
n/neutral.mp3,2.660000,0.700590,1.854875,0.800590,10884,3570,silence_separator
n/never.mp3,2.460000,0.612608,1.742086,0.712608,10048,3256,silence_separator
n/nevertheless.mp3,3.340000,1.064717,2.196100,1.164717,13601,5032,silence_separator
n/new.mp3,2.380000,0.575510,1.702494,0.675510,9735,3047,silence_separator
n/newly.mp3,2.530000,0.643583,1.798367,0.743583,10361,3361,silence_separator
n/news.mp3,2.530000,0.662630,1.784263,0.762630,10361,3465,silence_separator
n/newspaper.mp3,3.000000,0.887256,2.033152,0.987256,12242,4301,silence_separator
n/next.mp3,2.640000,0.699320,1.829478,0.799320,10779,3570,silence_separator
n/nice.mp3,2.640000,0.711701,1.844444,0.811701,10779,3570,silence_separator
n/nickel.mp3,2.460000,0.609025,1.769025,0.709025,10048,3256,silence_separator
n/niece.mp3,2.380000,0.580952,1.698141,0.680952,9735,3047,silence_separator
n/night.mp3,2.460000,0.609433,1.738639,0.709433,10048,3256,silence_separator
n/nightmare.mp3,2.770000,0.761859,1.902993,0.861859,11302,3779,silence_separator
n/nine.mp3,2.430000,0.608481,1.728844,0.708481,9943,3256,silence_separator
n/nineteen.mp3,2.800000,0.800544,1.907075,0.900544,11406,3988,silence_separator
n/ninety.mp3,2.640000,0.695510,1.847574,0.795510,10779,3570,silence_separator
n/ninth.mp3,2.400000,0.592018,1.732063,0.692018,9839,3152,silence_separator
n/nitrogen.mp3,3.030000,0.905488,2.026077,1.005488,12347,4406,silence_separator
n/no.mp3,1.180000,0.453968,0.453968,0.453968,4928,2211,energy_valley
n/noble.mp3,2.480000,0.616508,1.783220,0.716508,10152,3256,silence_separator
n/nobody.mp3,2.690000,0.722812,1.871474,0.822812,10988,3674,silence_separator
n/nod.mp3,2.400000,0.587710,1.707483,0.687710,9839,3152,silence_separator
n/noise.mp3,2.640000,0.715918,1.828435,0.815918,10779,3674,silence_separator
n/noisy.mp3,2.660000,0.695692,1.854195,0.795692,10884,3570,silence_separator
n/nominal.mp3,2.690000,0.716190,1.876417,0.816190,10988,3674,silence_separator
n/nominate.mp3,2.820000,0.798639,1.918594,0.898639,11511,3988,silence_separator
n/none.mp3,2.350000,0.568617,1.680000,0.668617,9630,3047,silence_separator
n/nonsense.mp3,3.130000,0.965306,2.098594,1.065306,12765,4615,silence_separator
n/noon.mp3,2.320000,0.564172,1.667664,0.664172,9526,3047,silence_separator
n/nor.mp3,2.350000,0.560544,1.698005,0.660544,9630,3047,silence_separator
n/norm.mp3,2.350000,0.580045,1.689751,0.680045,9630,3047,silence_separator
n/normal.mp3,2.560000,0.644490,1.811791,0.744490,10466,3361,silence_separator
n/normally.mp3,2.820000,0.786939,1.936327,0.886939,11511,3883,silence_separator
n/north.mp3,2.300000,0.545397,1.664127,0.645397,9421,2943,silence_separator
n/northeast.mp3,2.870000,0.826531,1.964490,0.926531,11720,4092,silence_separator
n/northern.mp3,2.640000,0.714512,1.835147,0.814512,10779,3674,silence_separator
n/northwest.mp3,3.110000,0.950884,2.083129,1.050884,12660,4615,silence_separator
n/norway.mp3,2.590000,0.666939,1.809751,0.766939,10571,3466,silence_separator
n/nose.mp3,2.430000,0.616961,1.705850,0.716961,9943,3256,silence_separator
n/not.mp3,2.400000,0.597823,1.713061,0.697823,9839,3152,silence_separator
n/notable.mp3,2.740000,0.737234,1.903175,0.837234,11197,3674,silence_separator
n/note.mp3,2.300000,0.555601,1.647937,0.655601,9421,3047,silence_separator
n/notebook.mp3,2.740000,0.749252,1.886621,0.849252,11197,3779,silence_separator
n/nothing.mp3,2.640000,0.701043,1.828753,0.801043,10779,3570,silence_separator
n/notice.mp3,2.740000,0.757914,1.888844,0.857914,11197,3779,silence_separator
n/noticeable.mp3,3.060000,0.908980,2.061995,1.008980,12451,4406,silence_separator
n/notify.mp3,2.930000,0.859002,1.975147,0.959002,11929,4197,silence_separator
n/notion.mp3,2.690000,0.747891,1.855828,0.847891,10988,3779,silence_separator
n/notorious.mp3,3.320000,1.042494,2.182404,1.142494,13496,4928,silence_separator
n/notwithstanding.mp3,3.470000,1.128435,2.253333,1.228435,14123,5241,silence_separator
n/noun.mp3,2.380000,0.588345,1.700000,0.688345,9735,3152,silence_separator
n/nourish.mp3,2.590000,0.687846,1.801859,0.787846,10570,3570,silence_separator
n/novel.mp3,2.480000,0.604172,1.768662,0.704172,10152,3152,silence_separator
n/novelty.mp3,2.900000,0.819773,1.981542,0.919773,11824,4092,silence_separator
n/november.mp3,2.770000,0.767937,1.914059,0.867937,11302,3883,silence_separator
n/now.mp3,2.320000,0.549161,1.674240,0.649161,9526,2943,silence_separator
n/nowadays.mp3,3.060000,0.918685,2.046984,1.018685,12452,4406,silence_separator
n/nowhere.mp3,2.640000,0.707483,1.848209,0.807483,10779,3570,silence_separator
n/nuclear.mp3,2.870000,0.813379,1.963991,0.913379,11720,3988,silence_separator
n/nucleus.mp3,3.080000,0.927256,2.063673,1.027256,12556,4510,silence_separator
n/nuisance.mp3,2.930000,0.850839,1.997098,0.950839,11929,4197,silence_separator
n/number.mp3,2.460000,0.596009,1.759229,0.696009,10048,3152,silence_separator
n/numerical.mp3,3.000000,0.872290,2.037914,0.972290,12242,4301,silence_separator
n/numerous.mp3,2.850000,0.816100,1.944036,0.916100,11615,3988,silence_separator
n/nurse.mp3,2.350000,0.579955,1.680091,0.679955,9630,3047,silence_separator
n/nursery.mp3,2.820000,0.788163,1.931474,0.888163,11511,3883,silence_separator
n/nut.mp3,2.380000,0.585760,1.692834,0.685760,9735,3152,silence_separator
n/nylon.mp3,2.690000,0.742993,1.859637,0.842993,10988,3779,silence_separator
o/oak.mp3,2.140000,0.463084,1.568980,0.563084,8795,2630,silence_separator
o/oar.mp3,2.170000,0.464671,1.594603,0.564671,8899,2630,silence_separator
o/oath.mp3,2.120000,0.442041,1.569751,0.542041,8690,2525,silence_separator
o/obedient.mp3,3.000000,0.892834,2.026349,0.992834,12242,4301,silence_separator
o/obey.mp3,2.300000,0.547755,1.673061,0.647755,9421,2943,silence_separator
o/object.mp3,2.690000,0.732608,1.858095,0.832608,10988,3674,silence_separator
o/objection.mp3,3.030000,0.908934,2.017914,1.008934,12347,4406,silence_separator
o/objective.mp3,3.080000,0.947120,2.055510,1.047120,12556,4615,silence_separator
o/obligation.mp3,3.290000,1.036145,2.159683,1.136145,13392,4928,silence_separator
o/oblige.mp3,2.950000,0.866485,1.992562,0.966485,12033,4197,silence_separator
o/obscene.mp3,2.640000,0.732608,1.825442,0.832608,10779,3674,silence_separator
o/obscure.mp3,2.800000,0.775329,1.921361,0.875329,11406,3883,silence_separator
o/observation.mp3,3.290000,1.035193,2.150385,1.135193,13392,4928,silence_separator
o/observe.mp3,2.610000,0.699909,1.809841,0.799909,10675,3570,silence_separator
o/observer.mp3,2.820000,0.792426,1.931202,0.892426,11511,3988,silence_separator
o/obstacle.mp3,2.850000,0.797823,1.948934,0.897823,11615,3988,silence_separator
o/obtain.mp3,2.610000,0.717370,1.808435,0.817370,10675,3674,silence_separator
o/obvious.mp3,2.850000,0.811202,1.950068,0.911202,11615,3988,silence_separator
o/obviously.mp3,3.190000,0.966712,2.127483,1.066712,12974,4615,silence_separator
o/occasion.mp3,2.870000,0.830703,1.955510,0.930703,11720,4092,silence_separator
o/occasional.mp3,3.080000,0.904717,2.070113,1.004717,12556,4406,silence_separator
o/occasionally.mp3,3.290000,1.002404,2.173288,1.102404,13392,4824,silence_separator
o/occupation.mp3,3.290000,1.040227,2.155873,1.140227,13392,4928,silence_separator
o/occupy.mp3,2.930000,0.854104,1.978730,0.954104,11929,4197,silence_separator
o/occur.mp3,2.480000,0.622721,1.754875,0.722721,10152,3256,silence_separator
o/occurrence.mp3,2.980000,0.867438,2.005669,0.967438,12138,4197,silence_separator
o/ocean.mp3,2.510000,0.634785,1.749070,0.734785,10257,3361,silence_separator
o/oceania.mp3,3.160000,0.948209,2.097868,1.048209,12870,4615,silence_separator
o/october.mp3,2.820000,0.778549,1.935238,0.878549,11511,3883,silence_separator
o/odd.mp3,2.190000,0.504036,1.611156,0.604036,9003,2838,silence_separator
o/odor.mp3,2.300000,0.530839,1.672608,0.630839,9421,2943,silence_separator
o/odour.mp3,2.300000,0.530839,1.672608,0.630839,9421,2943,silence_separator
o/of.mp3,2.010000,0.418277,1.495102,0.518277,8272,2420,silence_separator
o/off.mp3,2.250000,0.499002,1.623628,0.599002,9213,2734,silence_separator
o/offence.mp3,2.850000,0.815193,1.950658,0.915193,11615,3988,silence_separator
o/offend.mp3,2.640000,0.709751,1.849887,0.809751,10779,3570,silence_separator
o/offensive.mp3,3.060000,0.940771,2.036281,1.040771,12451,4510,silence_separator
o/offer.mp3,2.380000,0.564444,1.706440,0.664444,9735,3048,silence_separator
o/office.mp3,2.610000,0.696463,1.832109,0.796463,10675,3570,silence_separator
o/officer.mp3,2.800000,0.781088,1.923900,0.881088,11406,3883,silence_separator
o/official.mp3,2.770000,0.765896,1.928662,0.865896,11302,3883,silence_separator
o/offset.mp3,2.740000,0.743175,1.894739,0.843175,11197,3779,silence_separator
o/offspring.mp3,2.740000,0.748118,1.885034,0.848118,11198,3779,silence_separator
o/often.mp3,2.480000,0.638413,1.760317,0.738413,10152,3361,silence_separator
o/oh.mp3,2.270000,0.519546,1.660680,0.619546,9317,2839,silence_separator
o/oil.mp3,2.430000,0.596825,1.727619,0.696825,9944,3152,silence_separator
o/okay.mp3,2.460000,0.608707,1.743946,0.708707,10048,3257,silence_separator
o/old.mp3,2.170000,0.460091,1.613469,0.560091,8899,2630,silence_separator
o/omit.mp3,2.510000,0.655329,1.773605,0.755329,10257,3361,silence_separator
o/on.mp3,2.220000,0.508934,1.613379,0.608934,9108,2838,silence_separator
o/once.mp3,2.460000,0.600091,1.747664,0.700091,10048,3152,silence_separator
o/one.mp3,2.250000,0.515918,1.639410,0.615918,9213,2839,silence_separator
o/oneself.mp3,2.950000,0.839501,1.992063,0.939501,12034,4093,silence_separator
o/onion.mp3,2.380000,0.594649,1.697324,0.694649,9735,3152,silence_separator
o/only.mp3,2.460000,0.605760,1.758186,0.705760,10048,3152,silence_separator
o/onto.mp3,2.610000,0.694331,1.816463,0.794331,10675,3570,silence_separator
o/opaque.mp3,2.640000,0.693923,1.849388,0.793923,10780,3570,silence_separator
o/open.mp3,2.400000,0.597778,1.717778,0.697778,9839,3152,silence_separator
o/opening.mp3,2.640000,0.706803,1.837642,0.806803,10779,3570,silence_separator
o/opera.mp3,2.460000,0.617914,1.741950,0.717914,10048,3256,silence_separator
o/operate.mp3,2.660000,0.726032,1.844807,0.826032,10884,3674,silence_separator
o/operation.mp3,3.110000,0.951746,2.062449,1.051746,12660,4615,silence_separator
o/operational.mp3,3.190000,0.968707,2.123447,1.068707,12974,4615,silence_separator
o/operator.mp3,2.770000,0.765034,1.918413,0.865034,11302,3883,silence_separator
o/opinion.mp3,2.770000,0.781315,1.891565,0.881315,11302,3883,silence_separator
o/opponent.mp3,2.870000,0.833424,1.956825,0.933424,11720,4092,silence_separator
o/opportunity.mp3,3.240000,0.990567,2.143175,1.090567,13183,4719,silence_separator
o/oppose.mp3,2.640000,0.720862,1.829433,0.820862,10779,3674,silence_separator
o/opposite.mp3,2.850000,0.804853,1.932245,0.904853,11615,3988,silence_separator
o/oppress.mp3,2.820000,0.808481,1.938594,0.908481,11511,3988,silence_separator
o/optical.mp3,2.720000,0.723492,1.881361,0.823492,11093,3674,silence_separator
o/optimism.mp3,3.030000,0.900590,2.033651,1.000590,12347,4406,silence_separator
o/optimistic.mp3,3.320000,1.050249,2.189977,1.150249,13496,4928,silence_separator
o/optimum.mp3,2.720000,0.749252,1.875420,0.849252,11093,3779,silence_separator
o/option.mp3,2.560000,0.670476,1.775420,0.770476,10466,3465,silence_separator
o/optional.mp3,2.770000,0.763719,1.920590,0.863719,11302,3779,silence_separator
o/or.mp3,2.170000,0.464671,1.594603,0.564671,8899,2630,silence_separator
o/oral.mp3,2.300000,0.517959,1.673741,0.617959,9422,2839,silence_separator
o/orange.mp3,2.590000,0.677687,1.803311,0.777687,10571,3466,silence_separator
o/orbit.mp3,2.530000,0.663447,1.790612,0.763447,10361,3465,silence_separator
o/orchestra.mp3,2.850000,0.796871,1.931701,0.896871,11616,3988,silence_separator
o/order.mp3,2.320000,0.531791,1.683401,0.631791,9526,2943,silence_separator
o/orderly.mp3,2.720000,0.730023,1.895601,0.830023,11093,3674,silence_separator
o/ordinary.mp3,2.900000,0.819002,1.974331,0.919002,11825,4093,silence_separator
o/ore.mp3,2.170000,0.464671,1.594603,0.564671,8899,2630,silence_separator
o/organ.mp3,2.430000,0.598730,1.722041,0.698730,9944,3152,silence_separator
o/organic.mp3,2.980000,0.869524,2.015057,0.969524,12138,4301,silence_separator
o/organism.mp3,3.000000,0.876916,2.018277,0.976916,12243,4302,silence_separator
o/organization.mp3,3.500000,1.138095,2.259002,1.238095,14228,5346,silence_separator
o/organize.mp3,3.080000,0.938730,2.072834,1.038730,12556,4510,silence_separator
o/orient.mp3,2.590000,0.678594,1.805397,0.778594,10570,3465,silence_separator
o/oriental.mp3,2.980000,0.845215,2.028481,0.945215,12138,4197,silence_separator
o/orientation.mp3,3.530000,1.149070,2.279546,1.249070,14333,5346,silence_separator
o/origin.mp3,2.640000,0.706077,1.830703,0.806077,10780,3570,silence_separator
o/original.mp3,2.800000,0.780499,1.932880,0.880499,11406,3883,silence_separator
o/originate.mp3,2.950000,0.867211,1.989569,0.967211,12033,4197,silence_separator
o/ornament.mp3,2.770000,0.785714,1.907574,0.885714,11302,3883,silence_separator
o/orphan.mp3,2.590000,0.681134,1.803764,0.781134,10570,3465,silence_separator
o/orthodox.mp3,3.110000,0.926712,2.078413,1.026712,12661,4511,silence_separator
o/other.mp3,2.250000,0.506984,1.650794,0.606984,9212,2838,silence_separator
o/otherwise.mp3,3.030000,0.897642,2.035057,0.997642,12347,4406,silence_separator
o/ought.mp3,2.190000,0.490930,1.616871,0.590930,9003,2734,silence_separator
o/ounce.mp3,2.350000,0.571701,1.682812,0.671701,9630,3047,silence_separator
o/our.mp3,2.170000,0.484626,1.593832,0.584626,8899,2734,silence_separator
o/ours.mp3,2.430000,0.617324,1.715011,0.717324,9943,3256,silence_separator
o/ourselves.mp3,3.030000,0.896190,2.034785,0.996190,12347,4406,silence_separator
o/out.mp3,2.140000,0.481406,1.573515,0.581406,8794,2734,silence_separator
o/outcome.mp3,2.660000,0.716145,1.842948,0.816145,10884,3674,silence_separator
o/outdoor.mp3,2.610000,0.688844,1.828526,0.788844,10675,3570,silence_separator
o/outdoors.mp3,2.900000,0.842857,1.963855,0.942857,11824,4197,silence_separator
o/outer.mp3,2.250000,0.507800,1.643311,0.607800,9212,2838,silence_separator
o/outlet.mp3,2.720000,0.746757,1.878322,0.846757,11093,3779,silence_separator
o/outline.mp3,2.690000,0.736145,1.859546,0.836145,10988,3674,silence_separator
o/outlook.mp3,2.610000,0.704898,1.829433,0.804898,10675,3570,silence_separator
o/output.mp3,2.660000,0.724626,1.844127,0.824626,10884,3674,silence_separator
o/outset.mp3,2.770000,0.779274,1.895057,0.879274,11302,3883,silence_separator
o/outside.mp3,2.740000,0.752018,1.883401,0.852018,11197,3779,silence_separator
o/outskirt.mp3,2.850000,0.815737,1.928345,0.915737,11615,3988,silence_separator
o/outstanding.mp3,3.060000,0.920091,2.048435,1.020091,12451,4406,silence_separator
o/outward.mp3,2.460000,0.611746,1.739048,0.711746,10048,3256,silence_separator
o/outwards.mp3,2.800000,0.788662,1.916236,0.888662,11406,3883,silence_separator
o/oval.mp3,2.400000,0.561270,1.732336,0.661270,9839,3048,silence_separator
o/oven.mp3,2.320000,0.561088,1.681950,0.661088,9526,3047,silence_separator
o/over.mp3,2.350000,0.559002,1.683447,0.659002,9631,3048,silence_separator
o/overall.mp3,2.690000,0.713197,1.880045,0.813197,10989,3675,silence_separator
o/overcoat.mp3,2.930000,0.843628,1.959002,0.943628,11929,4197,silence_separator
o/overcome.mp3,2.930000,0.834104,1.976190,0.934104,11929,4093,silence_separator
o/overflow.mp3,3.000000,0.864762,2.024989,0.964762,12243,4197,silence_separator
o/overhead.mp3,2.690000,0.736100,1.861497,0.836100,10989,3675,silence_separator
o/overhear.mp3,2.800000,0.758322,1.917188,0.858322,11407,3779,silence_separator
o/overlap.mp3,2.720000,0.727347,1.887483,0.827347,11093,3675,silence_separator
o/overlook.mp3,2.820000,0.785850,1.920680,0.885850,11511,3884,silence_separator
o/overnight.mp3,2.850000,0.796236,1.934921,0.896236,11616,3988,silence_separator
o/overseas.mp3,3.210000,0.992698,2.122449,1.092698,13079,4719,silence_separator
o/overtake.mp3,2.980000,0.865306,2.010703,0.965306,12138,4197,silence_separator
o/overthrow.mp3,2.930000,0.828118,1.976236,0.928118,11929,4093,silence_separator
o/overtime.mp3,2.930000,0.836100,1.977914,0.936100,11929,4093,silence_separator
o/overwhelm.mp3,2.980000,0.873878,2.013560,0.973878,12138,4302,silence_separator
o/owe.mp3,2.270000,0.519546,1.660680,0.619546,9317,2839,silence_separator
o/owl.mp3,2.090000,0.440454,1.565351,0.540454,8585,2525,silence_separator
o/own.mp3,2.250000,0.513605,1.620045,0.613605,9213,2839,silence_separator
o/owner.mp3,2.270000,0.498685,1.652245,0.598685,9317,2734,silence_separator
o/ownership.mp3,2.800000,0.789524,1.924354,0.889524,11406,3883,silence_separator
o/ox.mp3,2.380000,0.579501,1.717687,0.679501,9735,3047,silence_separator
o/oxide.mp3,2.770000,0.743764,1.906304,0.843764,11302,3779,silence_separator
p/pamphlet.mp3,2.850000,0.818413,1.933379,0.918413,11615,4092,silence_separator
p/panic.mp3,2.590000,0.681134,1.816281,0.781134,10570,3465,silence_separator
p/paradise.mp3,3.110000,0.938005,2.080680,1.038005,12660,4510,silence_separator
p/paradox.mp3,3.110000,0.942676,2.080454,1.042676,12660,4510,silence_separator
p/paralyze.mp3,3.130000,0.947619,2.086984,1.047619,12765,4615,silence_separator
p/parameter.mp3,2.850000,0.790159,1.950884,0.890159,11615,3883,silence_separator
p/participant.mp3,3.240000,1.018231,2.136689,1.118231,13183,4823,silence_separator
p/partition.mp3,2.930000,0.861587,1.981769,0.961587,11929,4197,silence_separator
p/pastime.mp3,2.900000,0.835193,1.980998,0.935193,11824,4092,silence_separator
p/pasture.mp3,2.770000,0.766576,1.924580,0.866576,11302,3883,silence_separator
p/patent.mp3,2.660000,0.734059,1.847392,0.834059,10884,3674,silence_separator
p/pathetic.mp3,2.870000,0.826621,1.965215,0.926621,11720,4092,silence_separator
p/patriotic.mp3,3.270000,1.025215,2.156190,1.125215,13287,4823,silence_separator
p/patrol.mp3,2.640000,0.693424,1.851020,0.793424,10779,3570,silence_separator
p/pave.mp3,2.270000,0.547075,1.638685,0.647075,9317,2943,silence_separator
p/pearl.mp3,2.270000,0.517007,1.658322,0.617007,9317,2838,silence_separator
p/pedal.mp3,2.320000,0.547574,1.703492,0.647574,9526,2943,silence_separator
p/pedestrian.mp3,3.130000,0.966440,2.086077,1.066440,12765,4615,silence_separator
p/peel.mp3,2.300000,0.514694,1.666304,0.614694,9422,2839,silence_separator
p/peer.mp3,2.270000,0.505850,1.648662,0.605850,9317,2839,silence_separator
p/penalty.mp3,2.850000,0.794739,1.948617,0.894739,11615,3988,silence_separator
p/pension.mp3,2.660000,0.722222,1.847347,0.822222,10884,3674,silence_separator
p/perception.mp3,3.110000,0.943084,2.061905,1.043084,12660,4510,silence_separator
p/perfection.mp3,3.110000,0.948798,2.064172,1.048798,12660,4615,silence_separator
p/perfume.mp3,2.770000,0.777460,1.909070,0.877460,11302,3883,silence_separator
p/periodic.mp3,3.130000,0.936599,2.085170,1.036599,12765,4511,silence_separator
p/periodical.mp3,3.210000,0.960952,2.133968,1.060952,13079,4615,silence_separator
p/perish.mp3,2.590000,0.692562,1.805306,0.792562,10570,3570,silence_separator
p/perpetual.mp3,2.930000,0.846848,1.990612,0.946848,11929,4197,silence_separator
p/perplex.mp3,3.000000,0.886531,2.013379,0.986531,12242,4301,silence_separator
p/pest.mp3,2.460000,0.608753,1.744308,0.708753,10048,3256,silence_separator
p/petition.mp3,2.900000,0.855374,1.963583,0.955374,11824,4197,silence_separator
p/petty.mp3,2.320000,0.538549,1.686576,0.638549,9526,2943,silence_separator
p/phase.mp3,2.530000,0.619637,1.774422,0.719637,10361,3256,silence_separator
p/phenomenon.mp3,3.110000,0.938503,2.073832,1.038503,12661,4511,silence_separator
p/philosopher.mp3,3.190000,0.952154,2.114558,1.052154,12974,4615,silence_separator
p/philosophy.mp3,3.240000,0.987438,2.149297,1.087438,13183,4719,silence_separator
p/phone.mp3,2.380000,0.579138,1.727029,0.679138,9735,3048,silence_separator
p/photograph.mp3,3.060000,0.875828,2.085306,0.975828,12451,4301,silence_separator
p/photographic.mp3,3.290000,1.016508,2.189433,1.116508,13392,4823,silence_separator
p/phrase.mp3,2.690000,0.712154,1.872063,0.812154,10988,3674,silence_separator
p/physical.mp3,2.740000,0.720317,1.913197,0.820317,11197,3674,silence_separator
p/physician.mp3,2.900000,0.836236,1.978367,0.936236,11825,4093,silence_separator
p/physicist.mp3,3.160000,0.940091,2.085805,1.040091,12869,4510,silence_separator
p/physics.mp3,2.930000,0.827120,2.002540,0.927120,11929,4092,silence_separator
p/piano.mp3,2.640000,0.698095,1.848617,0.798095,10779,3570,silence_separator
p/pick.mp3,2.350000,0.547664,1.697778,0.647664,9631,2943,silence_separator
p/picnic.mp3,2.720000,0.728118,1.870839,0.828118,11093,3675,silence_separator
p/picture.mp3,2.610000,0.665034,1.832744,0.765034,10675,3466,silence_separator
p/pie.mp3,2.270000,0.540363,1.656916,0.640363,9317,2943,silence_separator
p/piece.mp3,2.320000,0.550431,1.681633,0.650431,9526,2943,silence_separator
p/pierce.mp3,2.430000,0.594104,1.725215,0.694104,9944,3152,silence_separator
p/pig.mp3,2.170000,0.466803,1.611111,0.566803,8899,2629,silence_separator
p/pigeon.mp3,2.510000,0.653832,1.775057,0.753832,10257,3361,silence_separator
p/pile.mp3,2.380000,0.556553,1.709433,0.656553,9735,3048,silence_separator
p/pill.mp3,2.270000,0.505351,1.668753,0.605351,9317,2839,silence_separator
p/pillar.mp3,2.380000,0.566667,1.715420,0.666667,9735,3047,silence_separator
p/pillow.mp3,2.560000,0.657732,1.806304,0.757732,10466,3361,silence_separator
p/pilot.mp3,2.590000,0.674240,1.797551,0.774240,10571,3466,silence_separator
p/pin.mp3,2.250000,0.526168,1.643084,0.626168,9212,2838,silence_separator
p/pinch.mp3,2.460000,0.625850,1.745760,0.725850,10048,3256,silence_separator
p/pine.mp3,2.430000,0.603311,1.733424,0.703311,9943,3152,silence_separator
p/pink.mp3,2.380000,0.556372,1.698957,0.656372,9735,3048,silence_separator
p/pint.mp3,2.400000,0.588662,1.712154,0.688662,9839,3152,silence_separator
p/pioneer.mp3,2.800000,0.764807,1.924626,0.864807,11407,3884,silence_separator
p/pipe.mp3,2.250000,0.493741,1.652200,0.593741,9213,2734,silence_separator
p/pipeline.mp3,2.800000,0.768345,1.924444,0.868345,11407,3884,silence_separator
p/pistol.mp3,2.640000,0.679184,1.863311,0.779184,10780,3466,silence_separator
p/pit.mp3,2.350000,0.578095,1.700408,0.678095,9630,3047,silence_separator
p/pitch.mp3,2.510000,0.647120,1.777098,0.747120,10257,3361,silence_separator
p/pity.mp3,2.300000,0.532336,1.688707,0.632336,9421,2943,silence_separator
p/place.mp3,2.460000,0.614512,1.741905,0.714512,10048,3257,silence_separator
p/plague.mp3,2.350000,0.574921,1.677188,0.674921,9630,3047,silence_separator
p/plain.mp3,2.430000,0.602721,1.723356,0.702721,9944,3152,silence_separator
p/plan.mp3,2.480000,0.645805,1.760272,0.745805,10152,3361,silence_separator
p/plane.mp3,2.430000,0.602721,1.723356,0.702721,9944,3152,silence_separator
p/planet.mp3,2.590000,0.687755,1.808299,0.787755,10570,3570,silence_separator
p/plant.mp3,2.430000,0.613515,1.729433,0.713515,9943,3256,silence_separator
p/plantation.mp3,3.210000,1.010476,2.126213,1.110476,13078,4823,silence_separator
p/plaster.mp3,2.770000,0.767120,1.920136,0.867120,11302,3883,silence_separator
p/plastic.mp3,2.850000,0.828073,1.951519,0.928073,11615,4092,silence_separator
p/plate.mp3,2.430000,0.594966,1.724036,0.694966,9944,3152,silence_separator
p/plateau.mp3,2.720000,0.743265,1.875329,0.843265,11093,3779,silence_separator
p/platform.mp3,2.900000,0.823039,1.962721,0.923039,11825,4093,silence_separator
p/play.mp3,2.400000,0.570023,1.710748,0.670023,9839,3048,silence_separator
p/player.mp3,2.430000,0.582812,1.738866,0.682812,9944,3152,silence_separator
p/playground.mp3,2.770000,0.783039,1.911791,0.883039,11302,3883,silence_separator
p/plea.mp3,2.300000,0.527347,1.669252,0.627347,9422,2839,silence_separator
p/plead.mp3,2.300000,0.531066,1.653469,0.631066,9422,2943,silence_separator
p/pleasant.mp3,2.690000,0.739184,1.859410,0.839184,10988,3779,silence_separator
p/please.mp3,2.480000,0.618186,1.744354,0.718186,10153,3257,silence_separator
p/pleasure.mp3,2.530000,0.621315,1.782449,0.721315,10362,3257,silence_separator
p/pledge.mp3,2.610000,0.703356,1.822993,0.803356,10675,3570,silence_separator
p/plentiful.mp3,2.870000,0.804172,1.978095,0.904172,11720,3988,silence_separator
p/plenty.mp3,2.590000,0.652063,1.811383,0.752063,10571,3361,silence_separator
p/plot.mp3,2.460000,0.625125,1.749977,0.725125,10048,3256,silence_separator
p/plough.mp3,2.350000,0.558912,1.680181,0.658912,9631,3048,silence_separator
p/pluck.mp3,2.430000,0.577642,1.741723,0.677642,9944,3048,silence_separator
p/plug.mp3,2.320000,0.543764,1.678776,0.643764,9526,2943,silence_separator
p/plunge.mp3,2.560000,0.665306,1.784354,0.765306,10466,3466,silence_separator
p/plural.mp3,2.460000,0.591746,1.753923,0.691746,10048,3152,silence_separator
p/plus.mp3,2.430000,0.613968,1.725986,0.713968,9943,3256,silence_separator
p/pocket.mp3,2.610000,0.707029,1.834739,0.807029,10675,3570,silence_separator
p/poem.mp3,2.380000,0.578957,1.705442,0.678957,9735,3047,silence_separator
p/poet.mp3,2.460000,0.620907,1.746893,0.720907,10048,3256,silence_separator
p/poetry.mp3,2.820000,0.795374,1.937324,0.895374,11511,3988,silence_separator
p/point.mp3,2.400000,0.585488,1.723084,0.685488,9839,3152,silence_separator
p/poison.mp3,2.640000,0.699093,1.840136,0.799093,10780,3570,silence_separator
p/poisonous.mp3,3.030000,0.893107,2.036054,0.993107,12347,4302,silence_separator
p/poke.mp3,2.350000,0.551746,1.688844,0.651746,9631,2943,silence_separator
p/polar.mp3,2.460000,0.595601,1.754785,0.695601,10048,3152,silence_separator
p/pole.mp3,2.270000,0.500000,1.671156,0.600000,9317,2734,silence_separator
p/police.mp3,2.530000,0.667891,1.789161,0.767891,10361,3465,silence_separator
p/policeman.mp3,2.930000,0.852472,1.981088,0.952472,11929,4197,silence_separator
p/policy.mp3,2.850000,0.800317,1.952653,0.900317,11615,3988,silence_separator
p/polish.mp3,2.640000,0.724218,1.819048,0.824218,10779,3674,silence_separator
p/polite.mp3,2.690000,0.737596,1.864082,0.837596,10988,3674,silence_separator
p/political.mp3,2.930000,0.831837,1.996100,0.931837,11929,4092,silence_separator
p/politician.mp3,3.290000,1.036553,2.155193,1.136553,13392,4928,silence_separator
p/politics.mp3,3.240000,0.998866,2.144943,1.098866,13183,4719,silence_separator
p/poll.mp3,2.270000,0.502812,1.671156,0.602812,9317,2734,silence_separator
p/pollute.mp3,2.560000,0.675873,1.788345,0.775873,10466,3465,silence_separator
p/pollution.mp3,2.870000,0.832517,1.951519,0.932517,11720,4092,silence_separator
p/pond.mp3,2.320000,0.532789,1.678231,0.632789,9526,2943,silence_separator
p/ponder.mp3,2.510000,0.614785,1.783039,0.714785,10257,3257,silence_separator
p/pool.mp3,2.350000,0.535510,1.708299,0.635510,9631,2943,silence_separator
p/poor.mp3,2.300000,0.531701,1.681043,0.631701,9422,2943,silence_separator
p/pop.mp3,2.170000,0.486939,1.616508,0.586939,8899,2734,silence_separator
p/pope.mp3,2.120000,0.436780,1.580499,0.536780,8690,2525,silence_separator
p/popular.mp3,2.740000,0.746667,1.911020,0.846667,11197,3779,silence_separator
p/population.mp3,3.290000,1.031338,2.151746,1.131338,13392,4928,silence_separator
p/porch.mp3,2.530000,0.655465,1.781451,0.755465,10362,3361,silence_separator
p/pore.mp3,2.380000,0.563764,1.713469,0.663764,9735,3048,silence_separator
p/pork.mp3,2.480000,0.626667,1.772063,0.726667,10153,3257,silence_separator
p/porridge.mp3,2.590000,0.683673,1.815646,0.783673,10571,3466,silence_separator
p/port.mp3,2.460000,0.608889,1.753696,0.708889,10048,3257,silence_separator
p/portable.mp3,2.640000,0.674195,1.854694,0.774195,10780,3466,silence_separator
p/porter.mp3,2.430000,0.579728,1.752154,0.679728,9944,3048,silence_separator
p/portion.mp3,2.770000,0.768345,1.900408,0.868345,11302,3884,silence_separator
p/portrait.mp3,2.720000,0.749252,1.880907,0.849252,11093,3779,silence_separator
p/portray.mp3,2.740000,0.765805,1.893651,0.865805,11197,3883,silence_separator
p/portugal.mp3,2.900000,0.810431,1.987211,0.910431,11825,3988,silence_separator
p/portuguese.mp3,3.210000,0.978458,2.124036,1.078458,13079,4719,silence_separator
p/pose.mp3,2.320000,0.581270,1.652381,0.681270,9526,3047,silence_separator
p/position.mp3,2.850000,0.822993,1.933787,0.922993,11615,4092,silence_separator
p/positive.mp3,2.900000,0.847891,1.966259,0.947891,11824,4197,silence_separator
p/possess.mp3,2.800000,0.784172,1.909342,0.884172,11406,3883,silence_separator
p/possession.mp3,2.870000,0.827846,1.946213,0.927846,11720,4092,silence_separator
p/possibility.mp3,3.320000,1.029206,2.187392,1.129206,13496,4928,silence_separator
p/possible.mp3,2.770000,0.747256,1.919773,0.847256,11302,3779,silence_separator
p/possibly.mp3,2.930000,0.838821,1.999773,0.938821,11929,4092,silence_separator
p/post.mp3,2.350000,0.553152,1.680952,0.653152,9631,2943,silence_separator
p/postage.mp3,2.980000,0.886259,2.013469,0.986259,12138,4301,silence_separator
p/poster.mp3,2.720000,0.738005,1.892971,0.838005,11093,3674,silence_separator
p/postman.mp3,2.740000,0.755601,1.893469,0.855601,11197,3779,silence_separator
p/postpone.mp3,2.980000,0.886893,2.008662,0.986893,12138,4301,silence_separator
p/postulate.mp3,2.950000,0.871111,1.999274,0.971111,12033,4301,silence_separator
p/pot.mp3,2.380000,0.579320,1.699637,0.679320,9735,3047,silence_separator
p/potato.mp3,2.900000,0.832200,1.982132,0.932200,11824,4092,silence_separator
p/potential.mp3,3.000000,0.873107,2.040272,0.973107,12242,4301,silence_separator
p/pound.mp3,2.320000,0.552925,1.683628,0.652925,9526,2943,silence_separator
p/pour.mp3,2.380000,0.563764,1.713469,0.663764,9735,3048,silence_separator
p/poverty.mp3,2.690000,0.723719,1.882630,0.823719,10988,3674,silence_separator
p/powder.mp3,2.400000,0.580907,1.727029,0.680907,9839,3047,silence_separator
p/power.mp3,2.400000,0.582948,1.729025,0.682948,9839,3152,silence_separator
p/powerful.mp3,2.820000,0.785850,1.954059,0.885850,11511,3883,silence_separator
p/practicable.mp3,3.130000,0.929751,2.097415,1.029751,12765,4511,silence_separator
p/practical.mp3,2.900000,0.801633,1.976190,0.901633,11825,3988,silence_separator
p/practically.mp3,3.080000,0.898685,2.068662,0.998685,12556,4406,silence_separator
p/practice.mp3,2.950000,0.856372,2.006712,0.956372,12034,4197,silence_separator
p/practise.mp3,2.950000,0.856372,2.006712,0.956372,12034,4197,silence_separator
p/praise.mp3,2.560000,0.664671,1.799637,0.764671,10466,3466,silence_separator
p/pray.mp3,2.320000,0.554286,1.688345,0.654286,9526,2943,silence_separator
p/prayer.mp3,2.350000,0.563447,1.705986,0.663447,9630,3047,silence_separator
p/preach.mp3,2.460000,0.635283,1.748844,0.735283,10048,3361,silence_separator
p/precaution.mp3,3.000000,0.893605,2.005125,0.993605,12242,4301,silence_separator
p/precede.mp3,2.740000,0.757823,1.895147,0.857823,11197,3779,silence_separator
p/preceding.mp3,2.850000,0.822630,1.952290,0.922630,11615,4092,silence_separator
p/precious.mp3,2.800000,0.790522,1.920635,0.890522,11406,3988,silence_separator
p/precipitate.mp3,3.190000,0.987211,2.115238,1.087211,12974,4719,silence_separator
p/precise.mp3,3.000000,0.887619,2.015510,0.987619,12242,4301,silence_separator
p/precision.mp3,2.820000,0.800635,1.916508,0.900635,11511,3988,silence_separator
p/preclude.mp3,2.770000,0.777551,1.906712,0.877551,11302,3883,silence_separator
p/predecessor.mp3,3.160000,0.952925,2.115828,1.052925,12869,4615,silence_separator
p/predict.mp3,2.610000,0.689388,1.818322,0.789388,10675,3570,silence_separator
p/predominant.mp3,3.130000,0.958639,2.085986,1.058639,12765,4615,silence_separator
p/preface.mp3,2.740000,0.757007,1.893197,0.857007,11197,3779,silence_separator
p/prefer.mp3,2.610000,0.692744,1.829615,0.792744,10675,3570,silence_separator
p/preferable.mp3,2.740000,0.736372,1.903946,0.836372,11198,3675,silence_separator
p/preference.mp3,2.980000,0.869252,2.011655,0.969252,12138,4301,silence_separator
p/pregnant.mp3,2.720000,0.755601,1.879456,0.855601,11093,3779,silence_separator
p/prejudice.mp3,3.030000,0.890839,2.039048,0.990839,12347,4301,silence_separator
p/preliminary.mp3,3.270000,1.006984,2.151837,1.106984,13287,4823,silence_separator
p/premature.mp3,3.060000,0.894376,2.056961,0.994376,12451,4301,silence_separator
p/premier.mp3,2.610000,0.680544,1.830975,0.780544,10675,3465,silence_separator
p/premise.mp3,2.590000,0.675873,1.813333,0.775873,10571,3466,silence_separator
p/premium.mp3,2.690000,0.719184,1.855737,0.819184,10989,3675,silence_separator
p/preparation.mp3,3.160000,0.977098,2.099864,1.077098,12869,4719,silence_separator
p/prepare.mp3,2.640000,0.707302,1.836145,0.807302,10779,3570,silence_separator
p/preposition.mp3,3.160000,0.985170,2.102086,1.085170,12869,4719,silence_separator
p/prescribe.mp3,2.690000,0.737642,1.856961,0.837642,10988,3674,silence_separator
p/prescription.mp3,3.110000,0.949615,2.062268,1.049615,12660,4615,silence_separator
p/presence.mp3,2.820000,0.780680,1.928980,0.880680,11511,3884,silence_separator
p/present.mp3,2.660000,0.728118,1.850023,0.828118,10884,3674,silence_separator
p/presentation.mp3,3.470000,1.131202,2.247029,1.231202,14123,5346,silence_separator
p/presently.mp3,2.850000,0.793243,1.946304,0.893243,11616,3988,silence_separator
p/preserve.mp3,2.590000,0.709388,1.809977,0.809388,10570,3570,silence_separator
p/preside.mp3,2.690000,0.738413,1.869887,0.838413,10988,3779,silence_separator
p/president.mp3,2.820000,0.810023,1.937687,0.910023,11511,3988,silence_separator
p/press.mp3,2.530000,0.658866,1.793787,0.758866,10361,3361,silence_separator
p/pressure.mp3,2.530000,0.637188,1.783311,0.737188,10362,3361,silence_separator
p/prestige.mp3,2.930000,0.891973,1.937868,0.991973,11929,4301,silence_separator
p/presumably.mp3,3.160000,0.955692,2.116236,1.055692,12869,4615,silence_separator
p/presume.mp3,2.610000,0.699320,1.819637,0.799320,10675,3570,silence_separator
p/pretend.mp3,2.690000,0.724626,1.862857,0.824626,10988,3674,silence_separator
p/pretext.mp3,3.060000,0.914150,2.040227,1.014150,12451,4406,silence_separator
p/pretty.mp3,2.320000,0.543265,1.703401,0.643265,9526,2943,silence_separator
p/prevail.mp3,2.610000,0.684898,1.835374,0.784898,10675,3465,silence_separator
p/prevalent.mp3,2.850000,0.804308,1.939048,0.904308,11615,3988,silence_separator
p/prevent.mp3,2.690000,0.727800,1.861224,0.827800,10988,3674,silence_separator
p/previous.mp3,2.930000,0.844535,1.990703,0.944535,11929,4197,silence_separator
p/previously.mp3,3.190000,0.955465,2.125714,1.055465,12974,4615,silence_separator
p/prey.mp3,2.320000,0.554286,1.688345,0.654286,9526,2943,silence_separator
p/price.mp3,2.610000,0.679909,1.824399,0.779909,10675,3466,silence_separator
p/pride.mp3,2.380000,0.565714,1.710431,0.665714,9735,3048,silence_separator
p/priest.mp3,2.430000,0.607664,1.732925,0.707664,9943,3256,silence_separator
p/primarily.mp3,3.110000,0.925941,2.102902,1.025941,12660,4510,silence_separator
p/primary.mp3,2.850000,0.781542,1.949932,0.881542,11616,3884,silence_separator
p/prime.mp3,2.350000,0.550340,1.679819,0.650340,9631,2943,silence_separator
p/primitive.mp3,2.800000,0.796644,1.905941,0.896644,11406,3988,silence_separator
p/prince.mp3,2.560000,0.665442,1.805079,0.765442,10466,3465,silence_separator
p/princess.mp3,2.980000,0.867120,2.007664,0.967120,12138,4197,silence_separator
p/principal.mp3,2.800000,0.761633,1.930431,0.861633,11407,3779,silence_separator
p/principle.mp3,2.800000,0.761633,1.930431,0.861633,11407,3779,silence_separator
p/print.mp3,2.350000,0.565760,1.687891,0.665760,9630,3047,silence_separator
p/prior.mp3,2.460000,0.591338,1.755465,0.691338,10048,3152,silence_separator
p/priority.mp3,2.820000,0.797279,1.954921,0.897279,11511,3988,silence_separator
p/prison.mp3,2.530000,0.670839,1.792834,0.770839,10361,3465,silence_separator
p/prisoner.mp3,2.610000,0.674014,1.835147,0.774014,10675,3465,silence_separator
p/privacy.mp3,2.870000,0.816463,1.971474,0.916463,11720,4092,silence_separator
p/private.mp3,2.610000,0.692381,1.836463,0.792381,10675,3570,silence_separator
p/privilege.mp3,2.800000,0.776916,1.900998,0.876916,11407,3884,silence_separator
p/prize.mp3,2.690000,0.714195,1.855147,0.814195,10989,3675,silence_separator
p/probability.mp3,3.160000,0.938095,2.109161,1.038095,12870,4511,silence_separator
p/probable.mp3,2.720000,0.714739,1.896417,0.814739,11093,3675,silence_separator
p/probably.mp3,2.820000,0.776145,1.954467,0.876145,11511,3884,silence_separator
p/probe.mp3,2.120000,0.468435,1.558367,0.568435,8690,2629,silence_separator
p/problem.mp3,2.560000,0.661678,1.804263,0.761678,10466,3466,silence_separator
p/procedure.mp3,2.870000,0.803900,1.960317,0.903900,11720,3988,silence_separator
p/proceed.mp3,2.690000,0.714195,1.866893,0.814195,10988,3674,silence_separator
p/proceeding.mp3,2.800000,0.796825,1.915918,0.896825,11406,3988,silence_separator
p/process.mp3,2.930000,0.834785,1.977506,0.934785,11929,4093,silence_separator
p/procession.mp3,2.930000,0.858186,1.971156,0.958186,11929,4197,silence_separator
p/proclaim.mp3,2.820000,0.789705,1.920726,0.889705,11511,3884,silence_separator
p/produce.mp3,2.740000,0.760816,1.890522,0.860816,11197,3779,silence_separator
p/product.mp3,2.640000,0.690068,1.827619,0.790068,10780,3570,silence_separator
p/production.mp3,3.060000,0.914785,2.036009,1.014785,12451,4406,silence_separator
p/productive.mp3,3.060000,0.929887,2.036145,1.029887,12451,4510,silence_separator
p/productivity.mp3,3.320000,1.035102,2.187755,1.135102,13496,4928,silence_separator
p/profession.mp3,2.950000,0.874649,1.991610,0.974649,12033,4301,silence_separator
p/professional.mp3,3.130000,0.941905,2.095556,1.041905,12765,4510,silence_separator
p/professor.mp3,2.950000,0.862449,2.011383,0.962449,12033,4197,silence_separator
p/proficiency.mp3,3.370000,1.068299,2.215374,1.168299,13705,5032,silence_separator
p/profile.mp3,2.770000,0.755102,1.915374,0.855102,11302,3779,silence_separator
p/profit.mp3,2.660000,0.706939,1.843537,0.806939,10884,3570,silence_separator
p/profitable.mp3,2.930000,0.817687,1.995420,0.917687,11929,4093,silence_separator
p/profound.mp3,2.720000,0.755692,1.880317,0.855692,11093,3779,silence_separator
p/program.mp3,2.690000,0.718005,1.856735,0.818005,10989,3675,silence_separator
p/progress.mp3,2.950000,0.844807,1.989070,0.944807,12034,4197,silence_separator
p/progressive.mp3,3.060000,0.934240,2.033968,1.034240,12451,4510,silence_separator
p/prohibit.mp3,2.850000,0.813651,1.937506,0.913651,11615,3988,silence_separator
p/project.mp3,2.770000,0.765125,1.902585,0.865125,11302,3884,silence_separator
p/prolong.mp3,2.640000,0.709569,1.832653,0.809569,10779,3570,silence_separator
p/prominent.mp3,2.800000,0.784263,1.918141,0.884263,11407,3884,silence_separator
p/promise.mp3,2.660000,0.705034,1.843356,0.805034,10884,3570,silence_separator
p/promising.mp3,2.930000,0.833288,1.981587,0.933288,11929,4093,silence_separator
p/promote.mp3,2.530000,0.667256,1.774286,0.767256,10361,3465,silence_separator
p/prompt.mp3,2.430000,0.583900,1.724399,0.683900,9944,3152,silence_separator
p/prone.mp3,2.320000,0.564218,1.673243,0.664218,9526,3047,silence_separator
p/pronoun.mp3,2.610000,0.693968,1.812517,0.793968,10675,3570,silence_separator
p/pronounce.mp3,2.800000,0.783537,1.908209,0.883537,11406,3883,silence_separator
p/pronunciation.mp3,3.600000,1.201224,2.311701,1.301224,14646,5555,silence_separator
p/proof.mp3,2.530000,0.655601,1.790159,0.755601,10361,3361,silence_separator
p/propaganda.mp3,3.110000,0.929796,2.080136,1.029796,12661,4511,silence_separator
p/propagate.mp3,2.950000,0.857551,1.996145,0.957551,12034,4197,silence_separator
p/propel.mp3,2.640000,0.688481,1.848254,0.788481,10779,3570,silence_separator
p/proper.mp3,2.480000,0.611338,1.772834,0.711338,10153,3257,silence_separator
p/properly.mp3,2.820000,0.776825,1.953243,0.876825,11511,3884,silence_separator
p/property.mp3,2.740000,0.740000,1.907029,0.840000,11198,3779,silence_separator
p/prophet.mp3,2.660000,0.706939,1.843537,0.806939,10884,3570,silence_separator
p/proportion.mp3,3.000000,0.898005,2.006712,0.998005,12242,4406,silence_separator
p/proportional.mp3,3.160000,0.959274,2.107392,1.059274,12869,4615,silence_separator
p/proposal.mp3,2.900000,0.815238,1.976372,0.915238,11824,3988,silence_separator
p/propose.mp3,2.800000,0.787664,1.903175,0.887664,11406,3883,silence_separator
p/proposition.mp3,3.190000,0.977778,2.108571,1.077778,12974,4719,silence_separator
p/prose.mp3,2.460000,0.633288,1.733968,0.733288,10048,3256,silence_separator
p/prospect.mp3,2.930000,0.837732,1.980317,0.937732,11929,4093,silence_separator
p/prospective.mp3,3.210000,0.998186,2.107800,1.098186,13078,4719,silence_separator
p/prosperity.mp3,3.110000,0.913107,2.076327,1.013107,12661,4406,silence_separator
p/prosperous.mp3,3.110000,0.924036,2.069751,1.024036,12661,4511,silence_separator
p/protect.mp3,2.850000,0.804807,1.928617,0.904807,11615,3988,silence_separator
p/protection.mp3,3.060000,0.922766,2.031066,1.022766,12451,4510,silence_separator
p/protective.mp3,3.060000,0.937098,2.034422,1.037098,12451,4510,silence_separator
p/protein.mp3,2.740000,0.755692,1.871202,0.855692,11198,3779,silence_separator
p/protest.mp3,2.950000,0.867211,1.992744,0.967211,12033,4197,silence_separator
p/prototype.mp3,2.930000,0.836190,1.993107,0.936190,11929,4092,silence_separator
p/proud.mp3,2.380000,0.556372,1.695692,0.656372,9735,3048,silence_separator
p/prove.mp3,2.430000,0.620000,1.731474,0.720000,9943,3256,silence_separator
p/provide.mp3,2.590000,0.660998,1.811066,0.760998,10570,3465,silence_separator
p/provided.mp3,2.610000,0.700952,1.810023,0.800952,10675,3570,silence_separator
p/province.mp3,2.770000,0.760816,1.903900,0.860816,11302,3779,silence_separator
p/provision.mp3,2.770000,0.786304,1.901224,0.886304,11302,3883,silence_separator
p/provocative.mp3,3.190000,0.987256,2.093968,1.087256,12974,4719,silence_separator
p/provoke.mp3,2.640000,0.704943,1.850249,0.804943,10779,3570,silence_separator
p/proximity.mp3,3.110000,0.928526,2.086349,1.028526,12660,4510,silence_separator
p/psychological.mp3,3.580000,1.161497,2.323764,1.261497,14541,5450,silence_separator
p/public.mp3,2.660000,0.712608,1.851746,0.812608,10884,3674,silence_separator
p/publication.mp3,3.370000,1.084580,2.202222,1.184580,13705,5137,silence_separator
p/publicity.mp3,2.980000,0.870340,2.023447,0.970340,12138,4301,silence_separator
p/publish.mp3,2.690000,0.746667,1.846485,0.846667,10988,3779,silence_separator
p/pudding.mp3,2.400000,0.579410,1.708844,0.679410,9839,3048,silence_separator
p/puff.mp3,2.400000,0.593152,1.730884,0.693152,9839,3152,silence_separator
p/pull.mp3,2.270000,0.508299,1.682721,0.608299,9317,2839,silence_separator
p/pulse.mp3,2.430000,0.609478,1.734467,0.709478,9943,3256,silence_separator
p/pump.mp3,2.250000,0.493515,1.645442,0.593515,9213,2734,silence_separator
p/punch.mp3,2.460000,0.629206,1.746349,0.729206,10048,3256,silence_separator
p/punctual.mp3,2.720000,0.736689,1.894331,0.836689,11093,3674,silence_separator
p/punish.mp3,2.560000,0.685079,1.789342,0.785079,10466,3465,silence_separator
p/punishment.mp3,3.030000,0.914331,2.037778,1.014331,12347,4406,silence_separator
p/pupil.mp3,2.530000,0.639592,1.806893,0.739592,10361,3361,silence_separator
p/puppet.mp3,2.560000,0.684762,1.804626,0.784762,10466,3465,silence_separator
p/purchase.mp3,2.770000,0.770884,1.903673,0.870884,11302,3883,silence_separator
p/pure.mp3,2.300000,0.537098,1.674286,0.637098,9421,2943,silence_separator
p/purely.mp3,2.690000,0.710385,1.885624,0.810385,10989,3570,silence_separator
p/purify.mp3,2.930000,0.856599,1.981179,0.956599,11929,4197,silence_separator
p/purity.mp3,2.640000,0.683537,1.847619,0.783537,10780,3466,silence_separator
p/purple.mp3,2.480000,0.620408,1.792698,0.720408,10152,3256,silence_separator
p/purpose.mp3,2.740000,0.755782,1.893515,0.855782,11197,3779,silence_separator
p/purse.mp3,2.350000,0.572834,1.691701,0.672834,9630,3047,silence_separator
p/pursue.mp3,2.610000,0.698639,1.827438,0.798639,10675,3570,silence_separator
p/pursuit.mp3,2.690000,0.739456,1.855374,0.839456,10988,3779,silence_separator
p/push.mp3,2.380000,0.580635,1.703537,0.680635,9735,3048,silence_separator
p/put.mp3,2.320000,0.532381,1.677732,0.632381,9526,2943,silence_separator
p/puzzle.mp3,2.510000,0.630385,1.791837,0.730385,10257,3256,silence_separator
q/qualification.mp3,3.630000,1.207120,2.326531,1.307120,14751,5555,silence_separator
q/qualify.mp3,2.980000,0.884989,2.010476,0.984989,12138,4301,silence_separator
q/qualitative.mp3,3.270000,1.032245,2.141542,1.132245,13287,4928,silence_separator
q/quality.mp3,2.720000,0.723084,1.893469,0.823084,11093,3675,silence_separator
q/quantify.mp3,3.060000,0.905986,2.034467,1.005986,12452,4406,silence_separator
q/quantitative.mp3,3.290000,1.031066,2.162494,1.131066,13392,4928,silence_separator
q/quantity.mp3,2.740000,0.737687,1.909841,0.837687,11198,3675,silence_separator
q/quarrel.mp3,2.430000,0.591111,1.748571,0.691111,9943,3152,silence_separator
q/quart.mp3,2.430000,0.591202,1.726803,0.691202,9944,3152,silence_separator
q/quarter.mp3,2.460000,0.590839,1.755601,0.690839,10048,3152,silence_separator
q/quarterly.mp3,2.800000,0.767211,1.933696,0.867211,11407,3884,silence_separator
q/quartz.mp3,2.660000,0.713061,1.841633,0.813061,10884,3675,silence_separator
q/queen.mp3,2.300000,0.538866,1.655510,0.638866,9422,2943,silence_separator
q/queer.mp3,2.300000,0.528163,1.666531,0.628163,9422,2839,silence_separator
q/quench.mp3,2.510000,0.641406,1.753923,0.741406,10257,3361,silence_separator
q/quest.mp3,2.560000,0.658912,1.799184,0.758912,10466,3361,silence_separator
q/question.mp3,2.770000,0.766485,1.910204,0.866485,11302,3884,silence_separator
q/questionnaire.mp3,3.000000,0.872381,2.013560,0.972381,12243,4302,silence_separator
q/queue.mp3,2.320000,0.542313,1.684036,0.642313,9526,2943,silence_separator
q/quick.mp3,2.400000,0.571247,1.707438,0.671247,9839,3048,silence_separator
q/quicken.mp3,2.380000,0.575782,1.693741,0.675782,9735,3048,silence_separator
q/quickly.mp3,2.640000,0.681587,1.841633,0.781587,10780,3466,silence_separator
q/quiet.mp3,2.590000,0.684898,1.812744,0.784898,10571,3466,silence_separator
q/quilt.mp3,2.380000,0.587619,1.706576,0.687619,9735,3152,silence_separator
q/quit.mp3,2.380000,0.569932,1.696689,0.669932,9735,3048,silence_separator
q/quite.mp3,2.480000,0.615828,1.753515,0.715828,10153,3257,silence_separator
q/quiver.mp3,2.430000,0.590295,1.739002,0.690295,9944,3152,silence_separator
q/quiz.mp3,2.530000,0.648662,1.782948,0.748662,10362,3361,silence_separator
q/quotation.mp3,3.080000,0.942177,2.053741,1.042177,12556,4510,silence_separator
q/quote.mp3,2.300000,0.552562,1.660862,0.652562,9421,2943,silence_separator
r/rabbit.mp3,2.530000,0.669116,1.795147,0.769116,10361,3465,silence_separator
r/race.mp3,2.380000,0.573878,1.696780,0.673878,9735,3047,silence_separator
r/racial.mp3,2.530000,0.626667,1.797370,0.726667,10362,3257,silence_separator
r/rack.mp3,2.400000,0.578776,1.750794,0.678776,9839,3047,silence_separator
r/racket.mp3,2.690000,0.734104,1.865488,0.834104,10988,3674,silence_separator
r/radar.mp3,2.530000,0.640771,1.785805,0.740771,10362,3361,silence_separator
r/radiant.mp3,2.770000,0.762404,1.906803,0.862404,11302,3779,silence_separator
r/radiate.mp3,2.800000,0.773651,1.915238,0.873651,11407,3884,silence_separator
r/radiation.mp3,3.190000,0.976190,2.107211,1.076190,12974,4719,silence_separator
r/radical.mp3,2.720000,0.710023,1.889887,0.810023,11093,3570,silence_separator
r/radio.mp3,2.740000,0.746304,1.904898,0.846304,11198,3779,silence_separator
r/radioactive.mp3,3.530000,1.150385,2.269751,1.250385,14333,5346,silence_separator
r/radioactivity.mp3,3.710000,1.212472,2.371973,1.312472,15064,5660,silence_separator
r/radish.mp3,2.610000,0.686757,1.810612,0.786757,10675,3570,silence_separator
r/radium.mp3,2.640000,0.695918,1.846395,0.795918,10780,3570,silence_separator
r/radius.mp3,2.850000,0.799637,1.951247,0.899637,11616,3988,silence_separator
r/rag.mp3,2.320000,0.536463,1.678277,0.636463,9526,2943,silence_separator
r/rage.mp3,2.480000,0.642721,1.754512,0.742721,10152,3361,silence_separator
r/raid.mp3,2.300000,0.537052,1.674014,0.637052,9421,2943,silence_separator
r/rail.mp3,2.300000,0.518413,1.665805,0.618413,9422,2839,silence_separator
r/railroad.mp3,2.660000,0.707664,1.842313,0.807664,10884,3570,silence_separator
r/railway.mp3,2.610000,0.684807,1.840317,0.784807,10675,3466,silence_separator
r/rain.mp3,2.320000,0.564127,1.675283,0.664127,9526,3047,silence_separator
r/rainbow.mp3,2.610000,0.678186,1.834195,0.778186,10675,3466,silence_separator
r/rainy.mp3,2.350000,0.549388,1.696281,0.649388,9631,2943,silence_separator
r/raise.mp3,2.480000,0.629660,1.749751,0.729660,10152,3256,silence_separator
r/rake.mp3,2.350000,0.556735,1.716009,0.656735,9630,3047,silence_separator
r/rally.mp3,2.510000,0.623991,1.794512,0.723991,10257,3256,silence_separator
r/random.mp3,2.560000,0.661315,1.802086,0.761315,10466,3466,silence_separator
r/range.mp3,2.430000,0.605215,1.709887,0.705215,9944,3152,silence_separator
r/rank.mp3,2.350000,0.554195,1.697914,0.654195,9631,2943,silence_separator
r/rapid.mp3,2.430000,0.584807,1.727256,0.684807,9944,3152,silence_separator
r/rapidly.mp3,2.900000,0.806757,1.976599,0.906757,11825,3988,silence_separator
r/rare.mp3,2.320000,0.535283,1.677234,0.635283,9526,2943,silence_separator
r/rarely.mp3,2.640000,0.698413,1.864036,0.798413,10779,3570,silence_separator
r/rat.mp3,2.460000,0.613197,1.740907,0.713197,10048,3256,silence_separator
r/rate.mp3,2.380000,0.575147,1.717370,0.675147,9735,3047,silence_separator
r/rather.mp3,2.400000,0.563175,1.720045,0.663175,9839,3048,silence_separator
r/rating.mp3,2.430000,0.591837,1.730522,0.691837,9944,3152,silence_separator
r/ratio.mp3,2.870000,0.802132,1.963039,0.902132,11720,3988,silence_separator
r/rational.mp3,2.740000,0.736553,1.902086,0.836553,11198,3675,silence_separator
r/raw.mp3,2.170000,0.494739,1.586621,0.594739,8899,2734,silence_separator
r/ray.mp3,2.220000,0.501542,1.628844,0.601542,9108,2734,silence_separator
r/razor.mp3,2.530000,0.647937,1.808118,0.747937,10361,3361,silence_separator
r/reach.mp3,2.380000,0.590839,1.704853,0.690839,9735,3152,silence_separator
r/react.mp3,2.720000,0.737370,1.872880,0.837370,11093,3675,silence_separator
r/reaction.mp3,3.060000,0.903583,2.035692,1.003583,12452,4406,silence_separator
r/read.mp3,2.250000,0.518776,1.645986,0.618776,9212,2838,silence_separator
r/reader.mp3,2.380000,0.552290,1.709751,0.652290,9735,2943,silence_separator
r/readily.mp3,2.660000,0.690658,1.856281,0.790658,10884,3570,silence_separator
r/reading.mp3,2.460000,0.606576,1.738413,0.706576,10048,3152,silence_separator
r/ready.mp3,2.320000,0.524036,1.685941,0.624036,9526,2839,silence_separator
r/real.mp3,2.270000,0.516327,1.668571,0.616327,9317,2839,silence_separator
r/realistic.mp3,3.210000,0.986667,2.125306,1.086667,13079,4719,silence_separator
r/reality.mp3,2.870000,0.787891,1.961723,0.887891,11720,3884,silence_separator
r/realize.mp3,2.980000,0.864082,2.004308,0.964082,12138,4197,silence_separator
r/really.mp3,2.530000,0.649116,1.806259,0.749116,10361,3361,silence_separator
r/realm.mp3,2.350000,0.557460,1.684943,0.657460,9631,3048,silence_separator
r/reap.mp3,2.250000,0.497007,1.642721,0.597007,9212,2734,silence_separator
r/rear.mp3,2.350000,0.536961,1.695737,0.636961,9631,2943,silence_separator
r/reason.mp3,2.610000,0.680045,1.813424,0.780045,10675,3466,silence_separator
r/reasonable.mp3,2.950000,0.840499,2.009161,0.940499,12034,4093,silence_separator
r/rebel.mp3,2.380000,0.544717,1.729569,0.644717,9735,2943,silence_separator
r/rebellion.mp3,2.850000,0.805714,1.933016,0.905714,11616,3988,silence_separator
r/recall.mp3,2.610000,0.667256,1.827528,0.767256,10675,3466,silence_separator
r/receipt.mp3,2.640000,0.713469,1.833787,0.813469,10779,3674,silence_separator
r/receive.mp3,2.690000,0.746984,1.851066,0.846984,10988,3779,silence_separator
r/receiver.mp3,2.770000,0.764717,1.909206,0.864717,11302,3883,silence_separator
r/recent.mp3,2.690000,0.734966,1.864127,0.834966,10988,3674,silence_separator
r/recently.mp3,2.900000,0.839728,1.986259,0.939728,11824,4092,silence_separator
r/reception.mp3,3.060000,0.906032,2.035329,1.006032,12452,4406,silence_separator
r/recession.mp3,2.950000,0.853152,1.975782,0.953152,12034,4197,silence_separator
r/recipe.mp3,2.800000,0.776825,1.927347,0.876825,11406,3883,silence_separator
r/recipient.mp3,3.110000,0.943220,2.071791,1.043220,12660,4510,silence_separator
r/reciprocal.mp3,3.080000,0.925215,2.086259,1.025215,12556,4510,silence_separator
r/recite.mp3,2.800000,0.783084,1.923673,0.883084,11406,3883,silence_separator
r/reckless.mp3,2.770000,0.764853,1.905578,0.864853,11302,3884,silence_separator
r/reckon.mp3,2.480000,0.622902,1.761361,0.722902,10153,3257,silence_separator
r/reclaim.mp3,2.820000,0.801769,1.924172,0.901769,11511,3988,silence_separator
r/recognition.mp3,3.290000,1.029252,2.158549,1.129252,13392,4928,silence_separator
r/recognize.mp3,3.240000,0.996825,2.136054,1.096825,13183,4719,silence_separator
r/recollect.mp3,2.930000,0.831519,1.982540,0.931519,11929,4093,silence_separator
r/recommend.mp3,2.870000,0.813696,1.967120,0.913696,11720,3988,silence_separator
r/recommendation.mp3,3.600000,1.192562,2.322948,1.292562,14646,5555,silence_separator
r/reconcile.mp3,3.080000,0.904263,2.069116,1.004263,12556,4406,silence_separator
r/record.mp3,2.400000,0.600635,1.721859,0.700635,9839,3152,silence_separator
r/recorder.mp3,2.820000,0.800091,1.938730,0.900091,11511,3988,silence_separator
r/recover.mp3,2.770000,0.751565,1.910023,0.851565,11302,3779,silence_separator
r/recovery.mp3,3.000000,0.886032,2.028844,0.986032,12242,4301,silence_separator
r/recreation.mp3,3.320000,1.044218,2.169116,1.144218,13497,4928,silence_separator
r/recruit.mp3,2.770000,0.777506,1.891383,0.877506,11302,3883,silence_separator
r/rectangular.mp3,3.270000,0.994467,2.166259,1.094467,13288,4719,silence_separator
r/rectify.mp3,3.030000,0.904853,2.026621,1.004853,12347,4406,silence_separator
r/recur.mp3,2.640000,0.688844,1.840726,0.788844,10780,3570,silence_separator
r/recycle.mp3,2.870000,0.799410,1.974603,0.899410,11720,3988,silence_separator
r/red.mp3,2.270000,0.517506,1.649524,0.617506,9317,2839,silence_separator
r/reduce.mp3,2.720000,0.745850,1.876825,0.845850,11093,3779,silence_separator
r/reduction.mp3,3.030000,0.909932,2.030794,1.009932,12347,4406,silence_separator
r/redundant.mp3,2.930000,0.859229,1.984626,0.959229,11929,4197,silence_separator
r/reed.mp3,2.250000,0.518776,1.645986,0.618776,9212,2838,silence_separator
r/reel.mp3,2.270000,0.516327,1.668571,0.616327,9317,2839,silence_separator
r/refer.mp3,2.610000,0.680136,1.828299,0.780136,10675,3466,silence_separator
r/reference.mp3,2.930000,0.851973,1.984898,0.951973,11929,4197,silence_separator
r/refine.mp3,2.720000,0.740454,1.874467,0.840454,11093,3779,silence_separator
r/reflect.mp3,2.870000,0.841088,1.966440,0.941088,11720,4092,silence_separator
r/reflection.mp3,3.130000,0.963401,2.085896,1.063401,12765,4615,silence_separator
r/reflexion.mp3,3.130000,0.963401,2.085896,1.063401,12765,4615,silence_separator
r/reform.mp3,2.740000,0.756054,1.873152,0.856054,11198,3779,silence_separator
r/refrain.mp3,2.740000,0.769887,1.875283,0.869887,11197,3883,silence_separator
r/refresh.mp3,2.850000,0.817415,1.937279,0.917415,11615,4092,silence_separator
r/refreshment.mp3,3.240000,1.012472,2.144853,1.112472,13183,4823,silence_separator
r/refrigerator.mp3,3.290000,1.016599,2.175011,1.116599,13392,4823,silence_separator
r/refuge.mp3,2.870000,0.835465,1.955873,0.935465,11720,4092,silence_separator
r/refugee.mp3,2.980000,0.857959,2.008662,0.957959,12138,4197,silence_separator
r/refusal.mp3,2.900000,0.824580,1.999728,0.924580,11824,4092,silence_separator
r/refuse.mp3,2.930000,0.852336,1.977460,0.952336,11929,4197,silence_separator
r/refute.mp3,2.690000,0.750476,1.862902,0.850476,10988,3779,silence_separator
r/regard.mp3,2.590000,0.680272,1.806122,0.780272,10570,3465,silence_separator
r/regarding.mp3,2.850000,0.795147,1.930884,0.895147,11616,3988,silence_separator
r/regardless.mp3,3.210000,0.974739,2.121497,1.074739,13079,4719,silence_separator
r/regime.mp3,2.640000,0.731429,1.833333,0.831429,10779,3674,silence_separator
r/region.mp3,2.560000,0.657506,1.782993,0.757506,10466,3361,silence_separator
r/register.mp3,2.900000,0.825714,1.987800,0.925714,11824,4092,silence_separator
r/regret.mp3,2.770000,0.779864,1.908209,0.879864,11302,3883,silence_separator
r/regular.mp3,2.740000,0.735193,1.901497,0.835193,11198,3675,silence_separator
r/regularly.mp3,3.130000,0.924218,2.091791,1.024218,12765,4511,silence_separator
r/regulate.mp3,2.870000,0.809615,1.946259,0.909615,11720,3988,silence_separator
r/regulation.mp3,3.320000,1.034014,2.170839,1.134014,13497,4928,silence_separator
r/rehearsal.mp3,2.900000,0.828526,1.997642,0.928526,11824,4092,silence_separator
r/reign.mp3,2.320000,0.564127,1.675283,0.664127,9526,3047,silence_separator
r/rein.mp3,2.320000,0.564127,1.675283,0.664127,9526,3047,silence_separator
r/reinforce.mp3,3.370000,1.054558,2.196372,1.154558,13706,5033,silence_separator
r/reject.mp3,2.720000,0.742585,1.879819,0.842585,11093,3779,silence_separator
r/rejoice.mp3,2.870000,0.842132,1.968073,0.942132,11720,4092,silence_separator
r/relate.mp3,2.560000,0.680227,1.803719,0.780227,10466,3465,silence_separator
r/relation.mp3,2.950000,0.855556,1.975329,0.955556,12034,4197,silence_separator
r/relationship.mp3,3.370000,1.048707,2.194966,1.148707,13706,4928,silence_separator
r/relative.mp3,2.950000,0.880454,1.999048,0.980454,12033,4301,silence_separator
r/relatively.mp3,3.190000,0.955057,2.119138,1.055057,12974,4615,silence_separator
r/relativity.mp3,3.210000,0.991383,2.146893,1.091383,13078,4719,silence_separator
r/relax.mp3,2.870000,0.825034,1.968345,0.925034,11720,4092,silence_separator
r/relay.mp3,2.560000,0.672925,1.808889,0.772925,10466,3465,silence_separator
r/release.mp3,2.660000,0.715601,1.846395,0.815601,10884,3674,silence_separator
r/relevant.mp3,2.900000,0.835193,1.968889,0.935193,11824,4092,silence_separator
r/reliability.mp3,3.450000,1.107891,2.264671,1.207891,14019,5241,silence_separator
r/reliable.mp3,3.000000,0.878095,2.043265,0.978095,12242,4301,silence_separator
r/reliance.mp3,3.030000,0.901179,2.042268,1.001179,12347,4406,silence_separator
r/relief.mp3,2.640000,0.704036,1.841723,0.804036,10779,3570,silence_separator
r/relieve.mp3,2.610000,0.704807,1.819501,0.804807,10675,3570,silence_separator
r/religion.mp3,2.820000,0.791429,1.915601,0.891429,11511,3988,silence_separator
r/religious.mp3,2.980000,0.859501,2.004082,0.959501,12138,4197,silence_separator
r/reluctant.mp3,3.060000,0.910567,2.039501,1.010567,12451,4406,silence_separator
r/rely.mp3,2.560000,0.681043,1.809388,0.781043,10466,3465,silence_separator
r/remain.mp3,2.560000,0.679819,1.791746,0.779819,10466,3465,silence_separator
r/remainder.mp3,2.800000,0.763583,1.919320,0.863583,11407,3779,silence_separator
r/remains.mp3,2.900000,0.820272,1.962086,0.920272,11825,4093,silence_separator
r/remark.mp3,2.720000,0.731746,1.870068,0.831746,11093,3675,silence_separator
r/remarkable.mp3,3.080000,0.902540,2.082404,1.002540,12556,4406,silence_separator
r/remedy.mp3,2.610000,0.683537,1.838594,0.783537,10675,3465,silence_separator
r/remember.mp3,2.770000,0.758231,1.907891,0.858231,11302,3779,silence_separator
r/remind.mp3,2.660000,0.718912,1.851338,0.818912,10884,3674,silence_separator
r/remnant.mp3,2.660000,0.711882,1.842313,0.811882,10884,3570,silence_separator
r/remote.mp3,2.530000,0.652245,1.769025,0.752245,10362,3361,silence_separator
r/removal.mp3,2.820000,0.776599,1.957098,0.876599,11511,3883,silence_separator
r/remove.mp3,2.610000,0.698594,1.827982,0.798594,10675,3570,silence_separator
r/renaissance.mp3,3.210000,0.975964,2.121451,1.075964,13079,4719,silence_separator
r/render.mp3,2.430000,0.579955,1.740408,0.679955,9944,3048,silence_separator
r/renew.mp3,2.460000,0.609297,1.738413,0.709297,10048,3257,silence_separator
r/rent.mp3,2.320000,0.540816,1.665034,0.640816,9526,2943,silence_separator
r/repair.mp3,2.690000,0.736689,1.880998,0.836689,10988,3674,silence_separator
r/repay.mp3,2.610000,0.677596,1.814376,0.777596,10675,3466,silence_separator
r/repeat.mp3,2.720000,0.745624,1.879819,0.845624,11093,3779,silence_separator
r/repeatedly.mp3,3.160000,0.947392,2.103084,1.047392,12870,4615,silence_separator
r/repel.mp3,2.590000,0.660408,1.828934,0.760408,10571,3466,silence_separator
r/repent.mp3,2.770000,0.785079,1.907619,0.885079,11302,3883,silence_separator
r/repertoire.mp3,3.000000,0.870476,2.024717,0.970476,12243,4302,silence_separator
r/repetition.mp3,3.130000,0.958141,2.076009,1.058141,12765,4615,silence_separator
r/replace.mp3,2.930000,0.843946,1.980272,0.943946,11929,4197,silence_separator
r/replacement.mp3,3.240000,1.022177,2.146621,1.122177,13183,4823,silence_separator
r/reply.mp3,2.800000,0.785170,1.921859,0.885170,11406,3883,silence_separator
r/report.mp3,2.770000,0.787664,1.907755,0.887664,11302,3883,silence_separator
r/reporter.mp3,2.770000,0.779274,1.924898,0.879274,11302,3883,silence_separator
r/represent.mp3,3.060000,0.902449,2.039002,1.002449,12452,4406,silence_separator
r/representation.mp3,3.740000,1.250068,2.374286,1.350068,15168,5764,silence_separator
r/representative.mp3,3.550000,1.153469,2.286259,1.253469,14437,5346,silence_separator
r/reproach.mp3,2.770000,0.789025,1.904671,0.889025,11302,3883,silence_separator
r/reproduce.mp3,3.110000,0.946168,2.089615,1.046168,12660,4510,silence_separator
r/republic.mp3,3.030000,0.901179,2.044263,1.001179,12347,4406,silence_separator
r/republican.mp3,3.110000,0.934603,2.064308,1.034603,12661,4511,silence_separator
r/reputation.mp3,3.320000,1.042540,2.178639,1.142540,13497,4928,silence_separator
r/request.mp3,2.980000,0.869751,2.012200,0.969751,12138,4301,silence_separator
r/require.mp3,2.850000,0.784853,1.944399,0.884853,11616,3884,silence_separator
r/requirement.mp3,3.160000,0.977823,2.104263,1.077823,12869,4719,silence_separator
r/rescue.mp3,2.770000,0.767982,1.909524,0.867982,11302,3883,silence_separator
r/research.mp3,2.900000,0.840136,1.961315,0.940136,11825,4093,silence_separator
r/researcher.mp3,3.000000,0.885578,2.027120,0.985578,12242,4301,silence_separator
r/resemblance.mp3,3.160000,0.962494,2.108299,1.062494,12870,4615,silence_separator
r/resemble.mp3,2.800000,0.756417,1.939274,0.856417,11406,3779,silence_separator
r/resent.mp3,2.660000,0.719864,1.851746,0.819864,10884,3674,silence_separator
r/reservation.mp3,3.270000,1.011610,2.140499,1.111610,13288,4824,silence_separator
r/reserve.mp3,2.610000,0.684036,1.812562,0.784036,10675,3466,silence_separator
r/reside.mp3,2.690000,0.727438,1.866122,0.827438,10988,3674,silence_separator
r/residence.mp3,2.980000,0.853832,2.005624,0.953832,12138,4197,silence_separator
r/resident.mp3,2.800000,0.782404,1.917460,0.882404,11407,3884,silence_separator
r/residential.mp3,3.290000,1.003311,2.183084,1.103311,13392,4824,silence_separator
r/resign.mp3,2.660000,0.726712,1.851383,0.826712,10884,3674,silence_separator
r/resignation.mp3,3.340000,1.058458,2.186440,1.158458,13601,5033,silence_separator
r/resist.mp3,2.800000,0.790612,1.923991,0.890612,11406,3988,silence_separator
r/resistance.mp3,3.210000,0.985442,2.131429,1.085442,13078,4719,silence_separator
r/resistant.mp3,3.060000,0.907937,2.042993,1.007937,12451,4406,silence_separator
r/resolution.mp3,3.190000,0.985215,2.109887,1.085215,12974,4719,silence_separator
r/resolve.mp3,2.690000,0.751927,1.863946,0.851927,10988,3779,silence_separator
r/resonance.mp3,2.930000,0.839093,1.992200,0.939093,11929,4093,silence_separator
r/resort.mp3,2.690000,0.728707,1.864399,0.828707,10988,3674,silence_separator
r/resource.mp3,2.930000,0.841361,1.977052,0.941361,11929,4093,silence_separator
r/respect.mp3,2.870000,0.823175,1.956054,0.923175,11720,4092,silence_separator
r/respectful.mp3,3.080000,0.915374,2.081633,1.015374,12556,4406,silence_separator
r/respective.mp3,3.110000,0.960952,2.069660,1.060952,12660,4615,silence_separator
r/respectively.mp3,3.290000,1.026576,2.186712,1.126576,13392,4928,silence_separator
r/respond.mp3,2.850000,0.799955,1.946531,0.899955,11616,3988,silence_separator
r/response.mp3,3.060000,0.915737,2.054422,1.015737,12451,4406,silence_separator
r/responsibility.mp3,3.710000,1.221859,2.388571,1.321859,15064,5660,silence_separator
r/responsible.mp3,3.240000,0.991156,2.155329,1.091156,13183,4719,silence_separator
r/rest.mp3,2.460000,0.614739,1.739819,0.714739,10048,3256,silence_separator
r/restaurant.mp3,2.820000,0.794649,1.929524,0.894649,11511,3988,silence_separator
r/restless.mp3,2.980000,0.872971,2.014512,0.972971,12138,4301,silence_separator
r/restore.mp3,2.740000,0.759093,1.890431,0.859093,11197,3779,silence_separator
r/restrain.mp3,2.820000,0.808798,1.923039,0.908798,11511,3988,silence_separator
r/restraint.mp3,2.850000,0.813333,1.942540,0.913333,11615,3988,silence_separator
r/restrict.mp3,2.850000,0.800635,1.940227,0.900635,11615,3988,silence_separator
r/restriction.mp3,3.160000,0.969751,2.093152,1.069751,12870,4615,silence_separator
r/result.mp3,2.610000,0.709070,1.832154,0.809070,10675,3570,silence_separator
r/resultant.mp3,3.030000,0.913243,2.042902,1.013243,12347,4406,silence_separator
r/resume.mp3,2.640000,0.754331,1.879773,0.854331,10780,3779,silence_separator
r/retail.mp3,2.720000,0.736463,1.888073,0.836463,11093,3675,silence_separator
r/retain.mp3,2.720000,0.756780,1.860680,0.856780,11093,3779,silence_separator
r/retell.mp3,2.720000,0.729252,1.897732,0.829252,11093,3674,silence_separator
r/retention.mp3,3.030000,0.895964,2.017188,0.995964,12347,4406,silence_separator
r/retire.mp3,2.900000,0.830930,1.985306,0.930930,11824,4092,silence_separator
r/retort.mp3,2.800000,0.789252,1.907392,0.889252,11406,3883,silence_separator
r/retreat.mp3,2.690000,0.740816,1.863447,0.840816,10988,3779,silence_separator
r/retrieve.mp3,2.770000,0.790385,1.892290,0.890385,11302,3988,silence_separator
r/retrospect.mp3,3.210000,0.991066,2.122902,1.091066,13079,4719,silence_separator
r/return.mp3,2.690000,0.728027,1.843311,0.828027,10989,3675,silence_separator
r/reveal.mp3,2.530000,0.643810,1.812880,0.743810,10361,3361,silence_separator
r/revelation.mp3,3.210000,0.994376,2.126077,1.094376,13079,4719,silence_separator
r/revenge.mp3,2.820000,0.789478,1.922630,0.889478,11511,3884,silence_separator
r/reverse.mp3,2.770000,0.763673,1.900272,0.863673,11302,3779,silence_separator
r/review.mp3,2.590000,0.681950,1.819773,0.781950,10570,3465,silence_separator
r/revise.mp3,2.850000,0.800590,1.947664,0.900590,11616,3988,silence_separator
r/revive.mp3,2.770000,0.758866,1.888798,0.858866,11302,3779,silence_separator
r/revolt.mp3,2.660000,0.706984,1.844580,0.806984,10884,3570,silence_separator
r/revolution.mp3,3.160000,0.966667,2.097143,1.066667,12870,4615,silence_separator
r/revolutionary.mp3,3.630000,1.182540,2.344082,1.282540,14751,5555,silence_separator
r/revolve.mp3,2.770000,0.764943,1.888254,0.864943,11302,3884,silence_separator
r/reward.mp3,2.510000,0.631791,1.750023,0.731791,10257,3257,silence_separator
r/rhythm.mp3,2.430000,0.595510,1.734422,0.695510,9943,3152,silence_separator
r/rib.mp3,2.040000,0.427211,1.504943,0.527211,8376,2525,silence_separator
r/ribbon.mp3,2.380000,0.584354,1.702676,0.684354,9735,3152,silence_separator
r/rice.mp3,2.610000,0.688345,1.840272,0.788345,10675,3570,silence_separator
r/rich.mp3,2.430000,0.615238,1.726077,0.715238,9943,3256,silence_separator
r/rid.mp3,2.190000,0.488345,1.606122,0.588345,9003,2734,silence_separator
r/riddle.mp3,2.270000,0.498730,1.665760,0.598730,9317,2734,silence_separator
r/ride.mp3,2.430000,0.598095,1.748571,0.698095,9943,3152,silence_separator
r/rider.mp3,2.380000,0.545079,1.709705,0.645079,9735,2943,silence_separator
r/ridge.mp3,2.560000,0.665125,1.791565,0.765125,10466,3465,silence_separator
r/ridiculous.mp3,3.270000,1.008254,2.150748,1.108254,13288,4824,silence_separator
r/rifle.mp3,2.610000,0.679410,1.850612,0.779410,10675,3465,silence_separator
r/rig.mp3,2.220000,0.512063,1.623583,0.612063,9108,2838,silence_separator
r/right.mp3,2.430000,0.612698,1.738912,0.712698,9944,3257,silence_separator
r/rigid.mp3,2.400000,0.594649,1.713605,0.694649,9839,3152,silence_separator
r/rigorous.mp3,2.820000,0.801179,1.939184,0.901179,11511,3988,silence_separator
r/rim.mp3,2.250000,0.509932,1.638186,0.609932,9213,2839,silence_separator
r/ring.mp3,2.220000,0.499955,1.620272,0.599955,9108,2734,silence_separator
r/riot.mp3,2.530000,0.641406,1.784354,0.741406,10362,3361,silence_separator
r/rip.mp3,2.190000,0.483129,1.620952,0.583129,9003,2734,silence_separator
r/ripe.mp3,2.250000,0.522268,1.655193,0.622268,9212,2838,silence_separator
r/ripen.mp3,2.510000,0.634785,1.770658,0.734785,10257,3361,silence_separator
r/ripple.mp3,2.380000,0.544898,1.721905,0.644898,9735,2943,silence_separator
r/rise.mp3,2.660000,0.722585,1.863084,0.822585,10884,3674,silence_separator
r/risk.mp3,2.400000,0.598141,1.720499,0.698141,9839,3152,silence_separator
r/ritual.mp3,2.640000,0.696281,1.853107,0.796281,10779,3570,silence_separator
r/rival.mp3,2.510000,0.615283,1.795283,0.715283,10257,3256,silence_separator
r/river.mp3,2.350000,0.541678,1.694195,0.641678,9631,2943,silence_separator
r/road.mp3,2.270000,0.528435,1.640045,0.628435,9317,2838,silence_separator
r/roar.mp3,2.400000,0.586485,1.717687,0.686485,9839,3152,silence_separator
r/roast.mp3,2.380000,0.576825,1.703356,0.676825,9735,3047,silence_separator
r/rob.mp3,2.170000,0.480272,1.600317,0.580272,8899,2734,silence_separator
r/robber.mp3,2.460000,0.597279,1.754150,0.697279,10048,3152,silence_separator
r/robbery.mp3,2.640000,0.690295,1.840952,0.790295,10780,3570,silence_separator
r/robe.mp3,2.140000,0.486032,1.569342,0.586032,8794,2734,silence_separator
r/robot.mp3,2.660000,0.725079,1.851020,0.825079,10884,3674,silence_separator
r/robust.mp3,2.770000,0.758821,1.887166,0.858821,11302,3779,silence_separator
r/rock.mp3,2.460000,0.588435,1.758050,0.688435,10048,3152,silence_separator
r/rocket.mp3,2.660000,0.708299,1.844853,0.808299,10884,3570,silence_separator
r/rod.mp3,2.380000,0.576916,1.702857,0.676916,9735,3047,silence_separator
r/role.mp3,2.350000,0.537460,1.702721,0.637460,9631,2943,silence_separator
r/roll.mp3,2.350000,0.537460,1.702721,0.637460,9631,2943,silence_separator
r/roller.mp3,2.530000,0.649615,1.807029,0.749615,10361,3361,silence_separator
r/roman.mp3,2.460000,0.608254,1.740952,0.708254,10048,3257,silence_separator
r/romance.mp3,2.820000,0.800499,1.938776,0.900499,11511,3988,silence_separator
r/romantic.mp3,3.080000,0.892744,2.060590,0.992744,12556,4302,silence_separator
r/roof.mp3,2.430000,0.599048,1.740680,0.699048,9943,3152,silence_separator
r/room.mp3,2.320000,0.565261,1.675737,0.665261,9526,3047,silence_separator
r/root.mp3,2.380000,0.587800,1.703129,0.687800,9735,3152,silence_separator
r/rope.mp3,2.250000,0.507937,1.645215,0.607937,9212,2838,silence_separator
r/rose.mp3,2.400000,0.608617,1.696236,0.708617,9839,3256,silence_separator
r/rot.mp3,2.430000,0.609569,1.731927,0.709569,9943,3256,silence_separator
r/rotary.mp3,2.640000,0.690340,1.842630,0.790340,10780,3570,silence_separator
r/rotate.mp3,2.820000,0.782676,1.915782,0.882676,11511,3884,silence_separator
r/rotation.mp3,3.030000,0.895782,2.019048,0.995782,12347,4406,silence_separator
r/rotten.mp3,2.380000,0.561497,1.698730,0.661497,9735,3048,silence_separator
r/rough.mp3,2.400000,0.578685,1.723583,0.678685,9839,3048,silence_separator
r/roughly.mp3,2.610000,0.672018,1.841043,0.772018,10675,3466,silence_separator
r/round.mp3,2.300000,0.543946,1.677324,0.643946,9421,2943,silence_separator
r/rouse.mp3,2.430000,0.616145,1.710703,0.716145,9943,3256,silence_separator
r/route.mp3,2.380000,0.567846,1.694785,0.667846,9735,3048,silence_separator
r/routine.mp3,2.740000,0.767528,1.881406,0.867528,11197,3883,silence_separator
r/row.mp3,2.300000,0.529569,1.666168,0.629569,9422,2943,silence_separator
r/royal.mp3,2.480000,0.600272,1.776100,0.700272,10153,3152,silence_separator
r/royalty.mp3,2.900000,0.805488,1.979229,0.905488,11825,3988,silence_separator
r/rub.mp3,2.170000,0.472472,1.591066,0.572472,8899,2630,silence_separator
r/rubber.mp3,2.380000,0.546168,1.715283,0.646168,9735,2943,silence_separator
r/rubbish.mp3,2.610000,0.688753,1.817052,0.788753,10675,3570,silence_separator
r/rude.mp3,2.320000,0.550567,1.684671,0.650567,9526,2943,silence_separator
r/rug.mp3,2.320000,0.542902,1.685488,0.642902,9526,2943,silence_separator
r/ruin.mp3,2.400000,0.580000,1.708299,0.680000,9839,3048,silence_separator
r/rule.mp3,2.320000,0.526032,1.680680,0.626032,9526,2839,silence_separator
r/ruler.mp3,2.480000,0.620998,1.773968,0.720998,10152,3256,silence_separator
r/rumour.mp3,2.460000,0.610295,1.762948,0.710295,10048,3256,silence_separator
r/run.mp3,2.300000,0.526984,1.649751,0.626984,9422,2839,silence_separator
r/runner.mp3,2.320000,0.528753,1.694512,0.628753,9526,2839,silence_separator
r/rupture.mp3,2.690000,0.717188,1.879002,0.817188,10988,3674,silence_separator
r/rural.mp3,2.350000,0.557823,1.713696,0.657823,9630,3047,silence_separator
r/rush.mp3,2.350000,0.565760,1.681406,0.665760,9631,3048,silence_separator
r/russian.mp3,2.610000,0.688254,1.818141,0.788254,10675,3570,silence_separator
r/rust.mp3,2.380000,0.587574,1.717868,0.687574,9735,3152,silence_separator
r/rusty.mp3,2.660000,0.694966,1.859728,0.794966,10884,3570,silence_separator
s/sack.mp3,2.530000,0.639637,1.793696,0.739637,10361,3361,silence_separator
s/sacred.mp3,2.640000,0.695918,1.845079,0.795918,10780,3570,silence_separator
s/sacrifice.mp3,3.400000,1.075057,2.221905,1.175057,13810,5032,silence_separator
s/sad.mp3,2.480000,0.635238,1.749433,0.735238,10152,3361,silence_separator
s/saddle.mp3,2.590000,0.662857,1.827256,0.762857,10571,3466,silence_separator
s/sadly.mp3,2.800000,0.782313,1.925986,0.882313,11406,3883,silence_separator
s/sadness.mp3,2.950000,0.863764,2.005261,0.963764,12033,4197,silence_separator
s/safe.mp3,2.530000,0.654059,1.785034,0.754059,10361,3361,silence_separator
s/safeguard.mp3,2.870000,0.814467,1.965669,0.914467,11720,3988,silence_separator
s/safely.mp3,2.850000,0.810612,1.963991,0.910612,11615,3988,silence_separator
s/safety.mp3,2.740000,0.742676,1.902766,0.842676,11198,3779,silence_separator
s/sail.mp3,2.510000,0.643719,1.788027,0.743719,10257,3361,silence_separator
s/sailor.mp3,2.660000,0.691429,1.862358,0.791429,10884,3570,silence_separator
s/saint.mp3,2.430000,0.607347,1.731701,0.707347,9943,3152,silence_separator
s/sake.mp3,2.690000,0.733379,1.863129,0.833379,10989,3675,silence_separator
s/salad.mp3,2.560000,0.648118,1.814240,0.748118,10466,3361,silence_separator
s/salary.mp3,2.850000,0.800181,1.947483,0.900181,11615,3988,silence_separator
s/sale.mp3,2.510000,0.643719,1.788027,0.743719,10257,3361,silence_separator
s/salesman.mp3,2.950000,0.848163,2.007211,0.948163,12034,4197,silence_separator
s/salt.mp3,2.560000,0.656553,1.794104,0.756553,10466,3361,silence_separator
s/salute.mp3,2.740000,0.771701,1.892789,0.871701,11197,3883,silence_separator
s/same.mp3,2.430000,0.600408,1.723900,0.700408,9943,3152,silence_separator
s/sample.mp3,2.660000,0.701497,1.875873,0.801497,10884,3570,silence_separator
s/sanction.mp3,2.850000,0.811383,1.936463,0.911383,11615,3988,silence_separator
s/sand.mp3,2.510000,0.631429,1.769070,0.731429,10257,3256,silence_separator
s/sandwich.mp3,3.080000,0.923628,2.047937,1.023628,12556,4510,silence_separator
s/sandy.mp3,2.720000,0.734875,1.890249,0.834875,11093,3674,silence_separator
s/satellite.mp3,3.080000,0.925760,2.062358,1.025760,12556,4510,silence_separator
s/satisfaction.mp3,3.600000,1.189116,2.314694,1.289116,14646,5555,silence_separator
s/satisfactory.mp3,3.630000,1.199365,2.348209,1.299365,14750,5555,silence_separator
s/satisfy.mp3,3.160000,0.981406,2.096417,1.081406,12869,4719,silence_separator
s/saturate.mp3,3.060000,0.913243,2.053379,1.013243,12451,4406,silence_separator
s/saturday.mp3,2.980000,0.862540,2.008345,0.962540,12138,4197,silence_separator
s/sauce.mp3,2.660000,0.713379,1.844172,0.813379,10884,3674,silence_separator
s/saucer.mp3,2.740000,0.732018,1.891791,0.832018,11198,3675,silence_separator
s/sausage.mp3,3.000000,0.897823,2.026803,0.997823,12242,4406,silence_separator
s/savage.mp3,2.900000,0.835193,1.962404,0.935193,11824,4092,silence_separator
s/save.mp3,2.380000,0.594694,1.673243,0.694694,9735,3152,silence_separator
s/saving.mp3,2.660000,0.698821,1.848299,0.798821,10884,3570,silence_separator
s/saw.mp3,2.270000,0.541451,1.637868,0.641451,9317,2943,silence_separator
s/say.mp3,2.380000,0.583265,1.709977,0.683265,9735,3152,silence_separator
s/scale.mp3,2.530000,0.642948,1.791746,0.742948,10361,3361,silence_separator
s/scan.mp3,2.590000,0.676327,1.790295,0.776327,10570,3465,silence_separator
s/scandal.mp3,2.850000,0.792200,1.960907,0.892200,11615,3988,silence_separator
s/scar.mp3,2.510000,0.640181,1.766304,0.740181,10257,3361,silence_separator
s/scarce.mp3,2.820000,0.797687,1.929887,0.897687,11511,3988,silence_separator
s/scarcely.mp3,3.060000,0.900499,2.062902,1.000499,12451,4406,silence_separator
s/scare.mp3,2.560000,0.653379,1.797914,0.753379,10466,3361,silence_separator
s/scared.mp3,2.530000,0.667211,1.786440,0.767211,10361,3465,silence_separator
s/scarf.mp3,2.660000,0.714195,1.844127,0.814195,10884,3674,silence_separator
s/scatter.mp3,2.660000,0.704308,1.860045,0.804308,10884,3570,silence_separator
s/scene.mp3,2.480000,0.638095,1.739501,0.738095,10152,3361,silence_separator
s/scenery.mp3,2.820000,0.781814,1.940590,0.881814,11511,3884,silence_separator
s/scent.mp3,2.430000,0.608299,1.714966,0.708299,9943,3256,silence_separator
s/sceptical.mp3,3.060000,0.899093,2.065397,0.999093,12451,4406,silence_separator
s/schedule.mp3,2.770000,0.760816,1.920136,0.860816,11302,3779,silence_separator
s/scheme.mp3,2.560000,0.667664,1.777506,0.767664,10466,3465,silence_separator
s/scholar.mp3,2.740000,0.744989,1.903810,0.844989,11197,3779,silence_separator
s/scholarship.mp3,3.210000,1.000227,2.136871,1.100227,13078,4823,silence_separator
s/school.mp3,2.610000,0.682676,1.845488,0.782676,10675,3465,silence_separator
s/science.mp3,2.820000,0.781995,1.935873,0.881995,11511,3884,silence_separator
s/scientific.mp3,3.420000,1.086304,2.226893,1.186304,13915,5137,silence_separator
s/scientist.mp3,3.270000,1.019501,2.159683,1.119501,13288,4824,silence_separator
s/scissors.mp3,2.900000,0.828889,1.960000,0.928889,11825,4093,silence_separator
s/scold.mp3,2.530000,0.640454,1.798685,0.740454,10361,3361,silence_separator
s/scope.mp3,2.380000,0.581406,1.704218,0.681406,9735,3152,silence_separator
s/score.mp3,2.560000,0.670295,1.791791,0.770295,10466,3465,silence_separator
s/scorn.mp3,2.610000,0.712608,1.802540,0.812608,10675,3674,silence_separator
s/scout.mp3,2.660000,0.730567,1.844490,0.830567,10884,3674,silence_separator
s/scrap.mp3,2.560000,0.663220,1.795601,0.763220,10466,3465,silence_separator
s/scrape.mp3,2.510000,0.642177,1.760952,0.742177,10257,3361,silence_separator
s/scratch.mp3,2.950000,0.855873,1.990068,0.955873,12033,4197,silence_separator
s/scream.mp3,2.610000,0.708345,1.801542,0.808345,10675,3570,silence_separator
s/screen.mp3,2.590000,0.690748,1.788209,0.790748,10570,3570,silence_separator
s/screw.mp3,2.720000,0.738231,1.873560,0.838231,11093,3779,silence_separator
s/script.mp3,2.530000,0.660499,1.779410,0.760499,10361,3465,silence_separator
s/scrutiny.mp3,2.770000,0.761769,1.904399,0.861769,11302,3779,silence_separator
s/sculpture.mp3,2.930000,0.833878,1.980091,0.933878,11929,4092,silence_separator
s/sea.mp3,2.320000,0.549070,1.680816,0.649070,9526,2943,silence_separator
s/seal.mp3,2.480000,0.608435,1.778277,0.708435,10152,3256,silence_separator
s/seam.mp3,2.430000,0.614830,1.728526,0.714830,9943,3256,silence_separator
s/seaman.mp3,2.610000,0.692200,1.819955,0.792200,10675,3570,silence_separator
s/seaport.mp3,2.930000,0.840136,1.978639,0.940136,11929,4093,silence_separator
s/search.mp3,2.560000,0.660816,1.786848,0.760816,10466,3465,silence_separator
s/season.mp3,2.690000,0.720907,1.852834,0.820907,10989,3675,silence_separator
s/seat.mp3,2.480000,0.625533,1.751565,0.725533,10152,3256,silence_separator
s/second.mp3,2.690000,0.733107,1.876281,0.833107,10988,3674,silence_separator
s/secondary.mp3,3.190000,0.962177,2.115556,1.062177,12974,4615,silence_separator
s/secondly.mp3,3.000000,0.883447,2.036508,0.983447,12242,4301,silence_separator
s/secret.mp3,2.740000,0.752653,1.880726,0.852653,11198,3779,silence_separator
s/secretary.mp3,3.240000,1.005624,2.155329,1.105624,13183,4823,silence_separator
s/section.mp3,2.870000,0.823900,1.952653,0.923900,11720,4092,silence_separator
s/sector.mp3,2.720000,0.738141,1.890975,0.838141,11093,3779,silence_separator
s/secure.mp3,2.850000,0.810476,1.952381,0.910476,11615,3988,silence_separator
s/security.mp3,3.080000,0.922721,2.066304,1.022721,12556,4510,silence_separator
s/see.mp3,2.320000,0.549070,1.680816,0.649070,9526,2943,silence_separator
s/seed.mp3,2.380000,0.580771,1.706984,0.680771,9735,3047,silence_separator
s/seek.mp3,2.510000,0.627438,1.769252,0.727438,10257,3257,silence_separator
s/seem.mp3,2.430000,0.614830,1.728526,0.714830,9943,3256,silence_separator
s/seemingly.mp3,3.060000,0.886667,2.042177,0.986667,12452,4302,silence_separator
s/segment.mp3,2.900000,0.827574,1.963991,0.927574,11824,4092,silence_separator
s/segregate.mp3,3.190000,0.975147,2.111973,1.075147,12974,4719,silence_separator
s/seize.mp3,2.560000,0.664626,1.776735,0.764626,10466,3465,silence_separator
s/seldom.mp3,2.720000,0.747166,1.873741,0.847166,11093,3779,silence_separator
s/select.mp3,2.820000,0.799456,1.938050,0.899456,11511,3988,silence_separator
s/selection.mp3,3.160000,0.975057,2.096417,1.075057,12869,4719,silence_separator
s/self.mp3,2.590000,0.672245,1.817370,0.772245,10570,3465,silence_separator
s/selfish.mp3,2.980000,0.885125,2.009705,0.985125,12138,4301,silence_separator
s/sell.mp3,2.430000,0.597460,1.742812,0.697460,9943,3152,silence_separator
s/seller.mp3,2.560000,0.655147,1.822948,0.755147,10466,3361,silence_separator
s/semester.mp3,3.130000,0.937415,2.093651,1.037415,12765,4511,silence_separator
s/semiconductor.mp3,3.660000,1.205125,2.364490,1.305125,14855,5555,silence_separator
s/seminar.mp3,2.930000,0.834603,1.980998,0.934603,11929,4092,silence_separator
s/senate.mp3,2.640000,0.701134,1.830612,0.801134,10780,3570,silence_separator
s/senator.mp3,2.770000,0.768299,1.923039,0.868299,11302,3883,silence_separator
s/send.mp3,2.430000,0.600000,1.739320,0.700000,9943,3152,silence_separator
s/senior.mp3,2.660000,0.697868,1.853424,0.797868,10884,3570,silence_separator
s/sensation.mp3,3.210000,1.009161,2.126349,1.109161,13078,4823,silence_separator
s/sense.mp3,2.610000,0.690930,1.821859,0.790930,10675,3570,silence_separator
s/sensible.mp3,2.930000,0.831293,1.995465,0.931293,11929,4092,silence_separator
s/sensitive.mp3,3.080000,0.939773,2.051973,1.039773,12556,4510,silence_separator
s/sentence.mp3,3.030000,0.885442,2.037642,0.985442,12347,4301,silence_separator
s/sentiment.mp3,3.030000,0.914603,2.037324,1.014603,12347,4406,silence_separator
s/separate.mp3,2.770000,0.782857,1.906168,0.882857,11302,3883,silence_separator
s/separately.mp3,3.060000,0.901497,2.053923,1.001497,12451,4406,silence_separator
s/separation.mp3,3.290000,1.022857,2.157460,1.122857,13392,4824,silence_separator
s/september.mp3,3.000000,0.880408,2.035737,0.980408,12242,4301,silence_separator
s/sequence.mp3,3.060000,0.896281,2.050204,0.996281,12452,4406,silence_separator
s/series.mp3,2.820000,0.788073,1.929660,0.888073,11511,3884,silence_separator
s/serious.mp3,3.030000,0.889025,2.035057,0.989025,12347,4302,silence_separator
s/seriously.mp3,3.340000,1.040408,2.202313,1.140408,13601,4928,silence_separator
s/servant.mp3,2.850000,0.814603,1.932789,0.914603,11615,3988,silence_separator
s/serve.mp3,2.430000,0.590612,1.705351,0.690612,9944,3152,silence_separator
s/service.mp3,2.800000,0.772018,1.913605,0.872018,11407,3884,silence_separator
s/session.mp3,2.740000,0.759002,1.888481,0.859002,11198,3779,silence_separator
s/set.mp3,2.530000,0.651973,1.775238,0.751973,10361,3361,silence_separator
s/setting.mp3,2.560000,0.659138,1.796689,0.759138,10466,3361,silence_separator
s/settle.mp3,2.530000,0.617007,1.800317,0.717007,10362,3257,silence_separator
s/settlement.mp3,3.030000,0.909297,2.039955,1.009297,12347,4406,silence_separator
s/seven.mp3,2.610000,0.692426,1.834014,0.792426,10675,3570,silence_separator
s/seventeen.mp3,3.160000,0.983356,2.097324,1.083356,12869,4719,silence_separator
s/seventh.mp3,2.660000,0.700771,1.866939,0.800771,10884,3570,silence_separator
s/seventy.mp3,2.870000,0.812336,1.963311,0.912336,11720,3988,silence_separator
s/several.mp3,2.660000,0.708481,1.882041,0.808481,10884,3570,silence_separator
s/severe.mp3,2.690000,0.715964,1.877370,0.815964,10989,3675,silence_separator
s/severely.mp3,3.030000,0.893515,2.054921,0.993515,12347,4301,silence_separator
s/sew.mp3,2.530000,0.644807,1.790794,0.744807,10361,3361,silence_separator
s/sex.mp3,2.690000,0.734195,1.875510,0.834195,10988,3674,silence_separator
s/sexual.mp3,2.950000,0.850703,2.010975,0.950703,12033,4197,silence_separator
s/shabby.mp3,2.590000,0.675646,1.836372,0.775646,10570,3465,silence_separator
s/shade.mp3,2.430000,0.608707,1.722313,0.708707,9943,3256,silence_separator
s/shadow.mp3,2.610000,0.679320,1.836100,0.779320,10675,3465,silence_separator
s/shady.mp3,2.510000,0.631837,1.788662,0.731837,10257,3256,silence_separator
s/shaft.mp3,2.530000,0.664671,1.783401,0.764671,10361,3465,silence_separator
s/shake.mp3,2.510000,0.641542,1.771565,0.741542,10257,3361,silence_separator
s/shall.mp3,2.430000,0.593832,1.746576,0.693832,9943,3152,silence_separator
s/shallow.mp3,2.660000,0.714195,1.860408,0.814195,10884,3674,silence_separator
s/shame.mp3,2.380000,0.584082,1.690884,0.684082,9735,3152,silence_separator
s/shampoo.mp3,2.800000,0.784082,1.914422,0.884082,11406,3883,silence_separator
s/shape.mp3,2.300000,0.537596,1.661088,0.637596,9421,2943,silence_separator
s/share.mp3,2.430000,0.604853,1.748209,0.704853,9943,3152,silence_separator
s/sharp.mp3,2.430000,0.601633,1.732200,0.701633,9943,3152,silence_separator
s/sharpen.mp3,2.690000,0.733515,1.861179,0.833515,10988,3674,silence_separator
s/sharply.mp3,2.850000,0.788254,1.963764,0.888254,11615,3883,silence_separator
s/shatter.mp3,2.590000,0.664490,1.818730,0.764490,10570,3465,silence_separator
s/shave.mp3,2.380000,0.604717,1.678141,0.704717,9735,3152,silence_separator
s/she.mp3,2.380000,0.568980,1.697188,0.668980,9735,3047,silence_separator
s/shear.mp3,2.430000,0.600272,1.747891,0.700272,9943,3152,silence_separator
s/shed.mp3,2.400000,0.596327,1.707392,0.696327,9839,3152,silence_separator
s/sheep.mp3,2.250000,0.521859,1.643447,0.621859,9212,2838,silence_separator
s/sheer.mp3,2.430000,0.600272,1.747891,0.700272,9943,3152,silence_separator
s/sheet.mp3,2.480000,0.631746,1.764263,0.731746,10152,3256,silence_separator
s/shelf.mp3,2.510000,0.634286,1.775238,0.734286,10257,3361,silence_separator
s/shell.mp3,2.400000,0.573515,1.729751,0.673515,9839,3047,silence_separator
s/shelter.mp3,2.720000,0.728254,1.893560,0.828254,11093,3674,silence_separator
s/shepherd.mp3,2.530000,0.652018,1.788617,0.752018,10361,3361,silence_separator
s/shield.mp3,2.460000,0.623311,1.761406,0.723311,10048,3256,silence_separator
s/shift.mp3,2.430000,0.598912,1.729751,0.698912,9943,3152,silence_separator
s/shilling.mp3,2.640000,0.701134,1.850884,0.801134,10779,3570,silence_separator
s/shine.mp3,2.460000,0.629297,1.735782,0.729297,10048,3256,silence_separator
s/ship.mp3,2.320000,0.547846,1.686531,0.647846,9526,2943,silence_separator
s/shipment.mp3,2.740000,0.758685,1.891882,0.858685,11197,3779,silence_separator
s/shirt.mp3,2.460000,0.624943,1.740317,0.724943,10048,3256,silence_separator
s/shiver.mp3,2.530000,0.645442,1.802041,0.745442,10361,3361,silence_separator
s/shock.mp3,2.530000,0.644580,1.786803,0.744580,10361,3361,silence_separator
s/shoe.mp3,2.480000,0.633243,1.762993,0.733243,10152,3256,silence_separator
s/shoot.mp3,2.480000,0.635420,1.759184,0.735420,10152,3361,silence_separator
s/shop.mp3,2.270000,0.531066,1.643447,0.631066,9317,2943,silence_separator
s/shopkeeper.mp3,3.110000,0.925941,2.093469,1.025941,12660,4510,silence_separator
s/shopping.mp3,2.640000,0.717687,1.845941,0.817687,10779,3674,silence_separator
s/shore.mp3,2.460000,0.616508,1.749660,0.716508,10048,3256,silence_separator
s/short.mp3,2.560000,0.659773,1.776599,0.759773,10466,3466,silence_separator
s/shortage.mp3,2.900000,0.842132,1.969388,0.942132,11824,4092,silence_separator
s/shortcoming.mp3,3.130000,0.956553,2.090839,1.056553,12765,4615,silence_separator
s/shortly.mp3,2.870000,0.810431,1.971655,0.910431,11720,3988,silence_separator
s/shot.mp3,2.480000,0.639365,1.750249,0.739365,10152,3361,silence_separator
s/should.mp3,2.400000,0.593152,1.713923,0.693152,9839,3152,silence_separator
s/shoulder.mp3,2.640000,0.702993,1.865079,0.802993,10779,3570,silence_separator
s/shout.mp3,2.430000,0.615147,1.721859,0.715147,9943,3256,silence_separator
s/show.mp3,2.460000,0.606259,1.748707,0.706259,10048,3152,silence_separator
s/shower.mp3,2.480000,0.620363,1.771701,0.720363,10152,3256,silence_separator
s/shrewd.mp3,2.560000,0.678730,1.807483,0.778730,10466,3465,silence_separator
s/shriek.mp3,2.590000,0.666485,1.819229,0.766485,10570,3465,silence_separator
s/shrink.mp3,2.590000,0.676553,1.818322,0.776553,10570,3465,silence_separator
s/shrug.mp3,2.530000,0.623537,1.787483,0.723537,10362,3257,silence_separator
s/shut.mp3,2.480000,0.634195,1.757234,0.734195,10152,3361,silence_separator
s/shutter.mp3,2.460000,0.600181,1.759728,0.700181,10048,3152,silence_separator
s/shuttle.mp3,2.530000,0.634512,1.807302,0.734512,10361,3361,silence_separator
s/shy.mp3,2.400000,0.593197,1.706984,0.693197,9839,3152,silence_separator
s/sick.mp3,2.510000,0.617234,1.764853,0.717234,10257,3257,silence_separator
s/sickness.mp3,3.000000,0.881224,2.025306,0.981224,12242,4301,silence_separator
s/side.mp3,2.530000,0.652472,1.783719,0.752472,10361,3361,silence_separator
s/sideways.mp3,3.210000,0.992562,2.127438,1.092562,13078,4719,silence_separator
s/sigh.mp3,2.430000,0.605669,1.729116,0.705669,9943,3152,silence_separator
s/sight.mp3,2.560000,0.665079,1.799592,0.765079,10466,3465,silence_separator
s/sightseeing.mp3,3.060000,0.914966,2.059592,1.014966,12451,4406,silence_separator
s/sign.mp3,2.510000,0.644218,1.770703,0.744218,10257,3361,silence_separator
s/signal.mp3,2.660000,0.701043,1.861678,0.801043,10884,3570,silence_separator
s/signature.mp3,3.000000,0.882449,2.036327,0.982449,12242,4301,silence_separator
s/significance.mp3,3.580000,1.176644,2.320408,1.276644,14541,5450,silence_separator
s/significant.mp3,3.450000,1.112880,2.248889,1.212880,14019,5241,silence_separator
s/signify.mp3,3.110000,0.954240,2.066667,1.054240,12660,4615,silence_separator
s/silence.mp3,2.980000,0.859138,2.005760,0.959138,12138,4197,silence_separator
s/silent.mp3,2.800000,0.775374,1.917234,0.875374,11407,3884,silence_separator
s/silicon.mp3,2.930000,0.851156,1.984036,0.951156,11929,4197,silence_separator
s/silk.mp3,2.510000,0.631973,1.782086,0.731973,10257,3256,silence_separator
s/silly.mp3,2.530000,0.631474,1.798866,0.731474,10362,3257,silence_separator
s/silver.mp3,2.660000,0.702676,1.862313,0.802676,10884,3570,silence_separator
s/similar.mp3,2.820000,0.767166,1.932562,0.867166,11511,3884,silence_separator
s/similarity.mp3,3.370000,1.056327,2.214603,1.156327,13705,5032,silence_separator
s/similarly.mp3,3.210000,0.982494,2.148753,1.082494,13078,4719,silence_separator
s/simple.mp3,2.610000,0.667800,1.852426,0.767800,10675,3465,silence_separator
s/simplicity.mp3,3.210000,0.991429,2.146621,1.091429,13078,4719,silence_separator
s/simplify.mp3,3.160000,0.978594,2.094830,1.078594,12869,4719,silence_separator
s/simply.mp3,2.740000,0.741315,1.909705,0.841315,11197,3779,silence_separator
s/simulate.mp3,3.130000,0.949206,2.081814,1.049206,12765,4615,silence_separator
s/simultaneous.mp3,3.740000,1.237098,2.394195,1.337098,15168,5764,silence_separator
s/sin.mp3,2.400000,0.598050,1.712290,0.698050,9839,3152,silence_separator
s/since.mp3,2.610000,0.698095,1.833469,0.798095,10675,3570,silence_separator
s/sincere.mp3,2.950000,0.841451,1.988617,0.941451,12034,4093,silence_separator
s/sing.mp3,2.430000,0.601859,1.722494,0.701859,9944,3152,silence_separator
s/singer.mp3,2.560000,0.649887,1.805215,0.749887,10466,3361,silence_separator
s/single.mp3,2.690000,0.694694,1.877959,0.794694,10989,3570,silence_separator
s/singular.mp3,2.950000,0.836054,2.001361,0.936054,12034,4093,silence_separator
s/sink.mp3,2.510000,0.627664,1.771927,0.727664,10257,3257,silence_separator
s/sir.mp3,2.270000,0.517324,1.650975,0.617324,9317,2839,silence_separator
s/sister.mp3,2.770000,0.764444,1.927982,0.864444,11302,3883,silence_separator
s/sit.mp3,2.510000,0.640317,1.763220,0.740317,10257,3361,silence_separator
s/site.mp3,2.560000,0.665079,1.799592,0.765079,10466,3465,silence_separator
s/situated.mp3,2.930000,0.862540,1.982086,0.962540,11929,4197,silence_separator
s/situation.mp3,3.320000,1.050295,2.171610,1.150295,13497,4928,silence_separator
s/six.mp3,2.640000,0.707710,1.852245,0.807710,10779,3570,silence_separator
s/sixteen.mp3,3.060000,0.914966,2.032245,1.014966,12452,4406,silence_separator
s/sixth.mp3,2.610000,0.680771,1.834694,0.780771,10675,3465,silence_separator
s/sixty.mp3,2.850000,0.794376,1.952834,0.894376,11615,3988,silence_separator
s/size.mp3,2.800000,0.789932,1.908617,0.889932,11406,3883,silence_separator
s/skate.mp3,2.610000,0.699546,1.824580,0.799546,10675,3570,silence_separator
s/skeleton.mp3,3.060000,0.923492,2.053379,1.023492,12451,4510,silence_separator
s/skeptical.mp3,3.060000,0.899093,2.065397,0.999093,12451,4406,silence_separator
s/sketch.mp3,2.820000,0.798231,1.933560,0.898231,11511,3988,silence_separator
s/ski.mp3,2.480000,0.626122,1.749433,0.726122,10152,3256,silence_separator
s/skill.mp3,2.480000,0.611429,1.761905,0.711429,10152,3256,silence_separator
s/skilled.mp3,2.480000,0.619229,1.767574,0.719229,10152,3256,silence_separator
s/skillful.mp3,2.900000,0.818186,1.993288,0.918186,11824,4092,silence_separator
s/skim.mp3,2.400000,0.590930,1.703764,0.690930,9839,3152,silence_separator
s/skin.mp3,2.480000,0.641633,1.746213,0.741633,10152,3361,silence_separator
s/skip.mp3,2.380000,0.572653,1.698821,0.672653,9735,3047,silence_separator
s/skirt.mp3,2.530000,0.658957,1.777551,0.758957,10361,3361,silence_separator
s/sky.mp3,2.510000,0.654331,1.762268,0.754331,10257,3361,silence_separator
s/slack.mp3,2.690000,0.694875,1.877188,0.794875,10989,3570,silence_separator
s/slam.mp3,2.720000,0.741315,1.878866,0.841315,11093,3779,silence_separator
s/slap.mp3,2.560000,0.643129,1.805442,0.743129,10466,3361,silence_separator
s/slaughter.mp3,2.720000,0.717007,1.897279,0.817007,11093,3675,silence_separator
s/slave.mp3,2.610000,0.704082,1.815782,0.804082,10675,3570,silence_separator
s/slavery.mp3,2.930000,0.837415,1.991156,0.937415,11929,4093,silence_separator
s/sleep.mp3,2.460000,0.604399,1.747120,0.704399,10048,3152,silence_separator
s/sleepy.mp3,2.720000,0.738458,1.877007,0.838458,11093,3779,silence_separator
s/sleeve.mp3,2.590000,0.698367,1.802404,0.798367,10570,3570,silence_separator
s/slender.mp3,2.800000,0.765442,1.934603,0.865442,11407,3884,silence_separator
s/slice.mp3,2.770000,0.749705,1.904671,0.849705,11302,3779,silence_separator
s/slide.mp3,2.720000,0.735283,1.882721,0.835283,11093,3674,silence_separator
s/slight.mp3,2.660000,0.698594,1.846803,0.798594,10884,3570,silence_separator
s/slightly.mp3,2.900000,0.816190,1.983492,0.916190,11825,3988,silence_separator
s/slim.mp3,2.610000,0.698413,1.834014,0.798413,10675,3570,silence_separator
s/slip.mp3,2.480000,0.631111,1.765805,0.731111,10152,3256,silence_separator
s/slipper.mp3,2.690000,0.730703,1.876553,0.830703,10988,3674,silence_separator
s/slippery.mp3,2.850000,0.805533,1.953832,0.905533,11615,3988,silence_separator
s/slit.mp3,2.510000,0.655828,1.771791,0.755828,10257,3361,silence_separator
s/slogan.mp3,2.770000,0.763311,1.909433,0.863311,11302,3779,silence_separator
s/slope.mp3,2.480000,0.629841,1.758050,0.729841,10152,3256,silence_separator
s/slot.mp3,2.610000,0.682902,1.813515,0.782902,10675,3466,silence_separator
s/slow.mp3,2.590000,0.676735,1.822948,0.776735,10570,3465,silence_separator
s/slowly.mp3,2.870000,0.797324,1.970204,0.897324,11720,3988,silence_separator
s/slum.mp3,2.640000,0.698912,1.848662,0.798912,10780,3570,silence_separator
s/sly.mp3,2.610000,0.704490,1.837596,0.804490,10675,3570,silence_separator
s/small.mp3,2.560000,0.661134,1.806531,0.761134,10466,3465,silence_separator
s/smart.mp3,2.610000,0.701179,1.811746,0.801179,10675,3570,silence_separator
s/smash.mp3,2.690000,0.738413,1.849252,0.838413,10988,3779,silence_separator
s/smell.mp3,2.460000,0.603900,1.745850,0.703900,10048,3152,silence_separator
s/smile.mp3,2.560000,0.658231,1.809932,0.758231,10466,3361,silence_separator
s/smog.mp3,2.560000,0.647937,1.778957,0.747937,10466,3361,silence_separator
s/smoke.mp3,2.510000,0.639592,1.745578,0.739592,10257,3361,silence_separator
s/smooth.mp3,2.510000,0.642857,1.769025,0.742857,10257,3361,silence_separator
s/smoothly.mp3,2.870000,0.807664,1.952880,0.907664,11720,3988,silence_separator
s/smuggle.mp3,2.740000,0.741179,1.914059,0.841179,11197,3779,silence_separator
s/snack.mp3,2.690000,0.724308,1.876961,0.824308,10988,3674,silence_separator
s/snake.mp3,2.590000,0.688753,1.806848,0.788753,10570,3570,silence_separator
s/snap.mp3,2.560000,0.664082,1.792426,0.764082,10466,3465,silence_separator
s/snatch.mp3,2.870000,0.831610,1.958367,0.931610,11720,4092,silence_separator
s/snow.mp3,2.560000,0.664127,1.802041,0.764127,10466,3465,silence_separator
s/snowstorm.mp3,3.060000,0.915692,2.050839,1.015692,12451,4406,silence_separator
s/snowy.mp3,2.640000,0.692018,1.847982,0.792018,10779,3570,silence_separator
s/so.mp3,2.530000,0.644807,1.790794,0.744807,10361,3361,silence_separator
s/soak.mp3,2.530000,0.660544,1.786939,0.760544,10362,3466,silence_separator
s/soap.mp3,2.350000,0.569660,1.698458,0.669660,9630,3047,silence_separator
s/soar.mp3,2.460000,0.601043,1.742721,0.701043,10048,3152,silence_separator
s/sob.mp3,2.300000,0.534649,1.657370,0.634649,9421,2943,silence_separator
s/sober.mp3,2.590000,0.654286,1.818957,0.754286,10571,3361,silence_separator
s/soccer.mp3,2.640000,0.682721,1.845578,0.782721,10780,3466,silence_separator
s/social.mp3,2.690000,0.703946,1.879728,0.803946,10989,3570,silence_separator
s/socialism.mp3,3.340000,1.040998,2.195329,1.140998,13601,4928,silence_separator
s/socialist.mp3,3.240000,1.017642,2.144308,1.117642,13183,4823,silence_separator
s/society.mp3,3.130000,0.928571,2.095147,1.028571,12765,4511,silence_separator
s/sociology.mp3,3.580000,1.150023,2.309252,1.250023,14542,5346,silence_separator
s/sock.mp3,2.530000,0.643991,1.787120,0.743991,10361,3361,silence_separator
s/soda.mp3,2.460000,0.605669,1.758277,0.705669,10048,3152,silence_separator
s/soft.mp3,2.530000,0.657596,1.788571,0.757596,10361,3361,silence_separator
s/softly.mp3,2.870000,0.815828,1.979637,0.915828,11720,3988,silence_separator
s/software.mp3,2.900000,0.829796,1.976100,0.929796,11824,4092,silence_separator
s/soil.mp3,2.660000,0.696054,1.867937,0.796054,10884,3570,silence_separator
s/solar.mp3,2.640000,0.673333,1.849388,0.773333,10780,3466,silence_separator
s/soldier.mp3,2.740000,0.737868,1.906939,0.837868,11198,3675,silence_separator
s/sole.mp3,2.510000,0.611746,1.790431,0.711746,10257,3257,silence_separator
s/solely.mp3,2.770000,0.746349,1.922630,0.846349,11302,3779,silence_separator
s/solemn.mp3,2.610000,0.682540,1.828209,0.782540,10675,3466,silence_separator
s/solid.mp3,2.590000,0.664671,1.821406,0.764671,10570,3465,silence_separator
s/solidarity.mp3,3.420000,1.087256,2.248934,1.187256,13914,5137,silence_separator
s/solitary.mp3,3.290000,1.017823,2.173288,1.117823,13392,4823,silence_separator
s/solo.mp3,2.800000,0.760816,1.914059,0.860816,11407,3779,silence_separator
s/soluble.mp3,3.030000,0.894195,2.054467,0.994195,12347,4301,silence_separator
s/solution.mp3,3.030000,0.891519,2.021814,0.991519,12347,4302,silence_separator
s/solve.mp3,2.560000,0.676417,1.791111,0.776417,10466,3465,silence_separator
s/some.mp3,2.380000,0.578776,1.706757,0.678776,9735,3047,silence_separator
s/somebody.mp3,2.740000,0.756145,1.905669,0.856145,11197,3779,silence_separator
s/somehow.mp3,2.590000,0.687664,1.822766,0.787664,10570,3570,silence_separator
s/someone.mp3,2.640000,0.712381,1.848209,0.812381,10779,3674,silence_separator
s/something.mp3,2.740000,0.759683,1.893243,0.859683,11197,3779,silence_separator
s/sometime.mp3,2.850000,0.802812,1.952290,0.902812,11615,3988,silence_separator
s/sometimes.mp3,3.160000,0.971293,2.096372,1.071293,12869,4615,silence_separator
s/somewhat.mp3,2.740000,0.769569,1.893741,0.869569,11197,3883,silence_separator
s/somewhere.mp3,2.740000,0.749025,1.896145,0.849025,11197,3779,silence_separator
s/son.mp3,2.460000,0.619365,1.742630,0.719365,10048,3256,silence_separator
s/song.mp3,2.560000,0.676372,1.790159,0.776372,10466,3465,silence_separator
s/soon.mp3,2.460000,0.620317,1.729252,0.720317,10048,3256,silence_separator
s/sophisticated.mp3,3.550000,1.172562,2.289932,1.272562,14437,5450,silence_separator
s/sore.mp3,2.460000,0.601043,1.742857,0.701043,10048,3152,silence_separator
s/sorrow.mp3,2.660000,0.699501,1.860181,0.799501,10884,3570,silence_separator
s/sorry.mp3,2.590000,0.658186,1.816372,0.758186,10571,3361,silence_separator
s/sort.mp3,2.560000,0.655057,1.786803,0.755057,10466,3361,silence_separator
s/soul.mp3,2.510000,0.611746,1.790431,0.711746,10257,3257,silence_separator
s/sound.mp3,2.480000,0.626803,1.756599,0.726803,10152,3256,silence_separator
s/soup.mp3,2.430000,0.572744,1.725442,0.672744,9944,3048,silence_separator
s/sour.mp3,2.530000,0.638141,1.799955,0.738141,10362,3361,silence_separator
s/source.mp3,2.660000,0.716054,1.846757,0.816054,10884,3675,silence_separator
s/south.mp3,2.430000,0.596327,1.732063,0.696327,9943,3152,silence_separator
s/southeast.mp3,2.850000,0.818776,1.949206,0.918776,11615,4092,silence_separator
s/southern.mp3,2.640000,0.711519,1.842948,0.811519,10779,3570,silence_separator
s/southwest.mp3,3.160000,0.951882,2.095420,1.051882,12869,4615,silence_separator
s/sovereign.mp3,2.800000,0.778277,1.920998,0.878277,11406,3883,silence_separator
s/soviet.mp3,2.980000,0.862132,2.014558,0.962132,12138,4197,silence_separator
s/sow.mp3,1.230000,0.451882,0.541769,0.496825,5137,2316,silence_separator
s/space.mp3,2.740000,0.756508,1.883401,0.856508,11197,3779,silence_separator
s/spacecraft.mp3,3.210000,0.997324,2.124308,1.097324,13078,4719,silence_separator
s/spaceship.mp3,2.930000,0.846440,1.991519,0.946440,11929,4197,silence_separator
s/spacious.mp3,3.030000,0.908662,2.036689,1.008662,12347,4406,silence_separator
s/spade.mp3,2.480000,0.638957,1.749433,0.738957,10152,3361,silence_separator
s/span.mp3,2.660000,0.719683,1.839819,0.819683,10884,3674,silence_separator
s/spanish.mp3,2.930000,0.855147,1.964036,0.955147,11929,4197,silence_separator
s/spare.mp3,2.530000,0.647438,1.797460,0.747438,10361,3361,silence_separator
s/spark.mp3,2.640000,0.708526,1.835057,0.808526,10779,3570,silence_separator
s/sparkle.mp3,2.770000,0.745125,1.922494,0.845125,11302,3779,silence_separator
s/sparrow.mp3,2.720000,0.740363,1.890612,0.840363,11093,3779,silence_separator
s/spatial.mp3,2.800000,0.767029,1.931247,0.867029,11406,3883,silence_separator
s/speak.mp3,2.530000,0.661361,1.788662,0.761361,10361,3465,silence_separator
s/speaker.mp3,2.660000,0.708889,1.860998,0.808889,10884,3570,silence_separator
s/spear.mp3,2.510000,0.633424,1.787120,0.733424,10257,3256,silence_separator
s/special.mp3,2.770000,0.748345,1.920590,0.848345,11302,3779,silence_separator
s/specialist.mp3,3.240000,1.001134,2.140181,1.101134,13183,4823,silence_separator
s/speciality.mp3,3.470000,1.112608,2.270612,1.212608,14123,5241,silence_separator
s/specialize.mp3,3.400000,1.094286,2.225669,1.194286,13810,5137,silence_separator
s/specially.mp3,3.000000,0.871882,2.035692,0.971882,12242,4301,silence_separator
s/species.mp3,3.130000,0.968073,2.093243,1.068073,12765,4615,silence_separator
s/specific.mp3,3.130000,0.953288,2.076463,1.053288,12765,4615,silence_separator
s/specifically.mp3,3.370000,1.063900,2.210476,1.163900,13705,5032,silence_separator
s/specification.mp3,3.840000,1.321723,2.432517,1.421723,15586,6077,silence_separator
s/specificity.mp3,3.530000,1.136372,2.287619,1.236372,14332,5346,silence_separator
s/specify.mp3,3.190000,0.989433,2.108617,1.089433,12974,4719,silence_separator
s/specimen.mp3,3.080000,0.928390,2.054785,1.028390,12556,4510,silence_separator
s/spectacle.mp3,3.080000,0.914014,2.084807,1.014014,12556,4406,silence_separator
s/spectacular.mp3,3.500000,1.127347,2.288934,1.227347,14228,5241,silence_separator
s/spectator.mp3,3.190000,0.963810,2.131066,1.063810,12974,4615,silence_separator
s/spectrum.mp3,2.930000,0.850249,1.979138,0.950249,11929,4197,silence_separator
s/speculate.mp3,3.130000,0.952971,2.081814,1.052971,12765,4615,silence_separator
s/speech.mp3,2.610000,0.701859,1.809751,0.801859,10675,3570,silence_separator
s/speed.mp3,2.480000,0.640635,1.749524,0.740635,10152,3361,silence_separator
s/spell.mp3,2.480000,0.614694,1.765850,0.714694,10152,3256,silence_separator
s/spelling.mp3,2.740000,0.756508,1.905306,0.856508,11197,3779,silence_separator
s/spend.mp3,2.560000,0.659184,1.793243,0.759184,10466,3361,silence_separator
s/sphere.mp3,2.510000,0.640680,1.787166,0.740680,10257,3361,silence_separator
s/spider.mp3,2.640000,0.703356,1.858231,0.803356,10779,3570,silence_separator
s/spill.mp3,2.510000,0.630658,1.779456,0.730658,10257,3256,silence_separator
s/spin.mp3,2.510000,0.654150,1.765170,0.754150,10257,3361,silence_separator
s/spiral.mp3,2.770000,0.751791,1.918095,0.851791,11302,3779,silence_separator
s/spirit.mp3,2.720000,0.747891,1.869977,0.847891,11093,3779,silence_separator
s/spiritual.mp3,3.130000,0.936100,2.096599,1.036100,12765,4510,silence_separator
s/spit.mp3,2.560000,0.674467,1.793016,0.774467,10466,3465,silence_separator
s/splash.mp3,2.870000,0.831383,1.949660,0.931383,11720,4092,silence_separator
s/splendid.mp3,2.740000,0.765986,1.889751,0.865986,11197,3883,silence_separator
s/split.mp3,2.640000,0.713605,1.823220,0.813605,10779,3674,silence_separator
s/spoil.mp3,2.690000,0.714467,1.871927,0.814467,10988,3674,silence_separator
s/spokesman.mp3,2.980000,0.875918,2.007166,0.975918,12138,4301,silence_separator
s/sponge.mp3,2.800000,0.798639,1.916689,0.898639,11406,3988,silence_separator
s/sponsor.mp3,2.900000,0.824127,1.976644,0.924127,11824,4092,silence_separator
s/spontaneous.mp3,3.550000,1.156961,2.299184,1.256961,14437,5450,silence_separator
s/spoon.mp3,2.610000,0.697551,1.810068,0.797551,10675,3570,silence_separator
s/sport.mp3,2.720000,0.749116,1.872063,0.849116,11093,3779,silence_separator
s/sportsman.mp3,3.000000,0.893560,2.016916,0.993560,12242,4301,silence_separator
s/spot.mp3,2.610000,0.691973,1.805488,0.791973,10675,3570,silence_separator
s/spouse.mp3,2.740000,0.763946,1.874422,0.863946,11197,3779,silence_separator
s/spray.mp3,2.610000,0.702268,1.826077,0.802268,10675,3570,silence_separator
s/spread.mp3,2.560000,0.671338,1.796327,0.771338,10466,3465,silence_separator
s/spring.mp3,2.610000,0.694512,1.813560,0.794512,10675,3570,silence_separator
s/springtime.mp3,3.110000,0.933061,2.079909,1.033061,12660,4510,silence_separator
s/sprinkle.mp3,2.850000,0.803447,1.966984,0.903447,11615,3988,silence_separator
s/spur.mp3,2.480000,0.617506,1.766757,0.717506,10152,3256,silence_separator
s/spy.mp3,2.480000,0.633515,1.748844,0.733515,10152,3256,silence_separator
s/square.mp3,2.640000,0.703583,1.842676,0.803583,10779,3570,silence_separator
s/squeeze.mp3,2.900000,0.824036,1.957778,0.924036,11824,4092,silence_separator
s/squirrel.mp3,2.720000,0.735737,1.891293,0.835737,11093,3674,silence_separator
s/stab.mp3,2.530000,0.652698,1.771202,0.752698,10361,3361,silence_separator
s/stability.mp3,3.110000,0.923220,2.080454,1.023220,12660,4510,silence_separator
s/stabilize.mp3,3.420000,1.101406,2.246259,1.201406,13914,5137,silence_separator
s/stable.mp3,2.660000,0.691338,1.878141,0.791338,10884,3570,silence_separator
s/stack.mp3,2.690000,0.720317,1.876463,0.820317,10988,3674,silence_separator
s/stadium.mp3,2.870000,0.822902,1.965034,0.922902,11720,4092,silence_separator
s/staff.mp3,2.770000,0.769433,1.918549,0.869433,11302,3883,silence_separator
s/stage.mp3,2.850000,0.813832,1.935057,0.913832,11615,3988,silence_separator
s/stagger.mp3,2.720000,0.720454,1.891293,0.820454,11093,3675,silence_separator
s/stain.mp3,2.590000,0.691066,1.798367,0.791066,10570,3570,silence_separator
s/stair.mp3,2.660000,0.711882,1.861587,0.811882,10884,3570,silence_separator
s/staircase.mp3,3.290000,1.021406,2.168209,1.121406,13392,4824,silence_separator
s/stake.mp3,2.640000,0.699909,1.845896,0.799909,10779,3570,silence_separator
s/stale.mp3,2.530000,0.646757,1.799229,0.746757,10361,3361,silence_separator
s/stall.mp3,2.530000,0.646213,1.797143,0.746213,10361,3361,silence_separator
s/stamp.mp3,2.480000,0.626984,1.758141,0.726984,10152,3256,silence_separator
s/stand.mp3,2.640000,0.707800,1.844580,0.807800,10779,3570,silence_separator
s/standard.mp3,2.770000,0.771156,1.905261,0.871156,11302,3883,silence_separator
s/standpoint.mp3,3.240000,0.999501,2.139184,1.099501,13183,4824,silence_separator
s/star.mp3,2.590000,0.677778,1.817143,0.777778,10570,3465,silence_separator
s/stare.mp3,2.660000,0.711882,1.861587,0.811882,10884,3570,silence_separator
s/start.mp3,2.640000,0.716190,1.849615,0.816190,10779,3674,silence_separator
s/startle.mp3,2.690000,0.702222,1.897279,0.802222,10989,3570,silence_separator
s/starve.mp3,2.660000,0.719184,1.824172,0.819184,10884,3675,silence_separator
s/state.mp3,2.660000,0.727256,1.858821,0.827256,10884,3674,silence_separator
s/statement.mp3,3.030000,0.896100,2.022766,0.996100,12347,4406,silence_separator
s/statesman.mp3,3.030000,0.904399,2.035737,1.004399,12347,4406,silence_separator
s/static.mp3,2.850000,0.820726,1.952154,0.920726,11615,4092,silence_separator
s/station.mp3,2.870000,0.815283,1.949569,0.915283,11720,3988,silence_separator
s/stationary.mp3,3.340000,1.047302,2.210113,1.147302,13601,4928,silence_separator
s/statistic.mp3,3.320000,1.032109,2.166531,1.132109,13497,4928,silence_separator
s/statistical.mp3,3.420000,1.090159,2.243991,1.190159,13914,5137,silence_separator
s/statistics.mp3,3.580000,1.156145,2.315011,1.256145,14542,5451,silence_separator
s/statue.mp3,2.850000,0.810794,1.954150,0.910794,11615,3988,silence_separator
s/status.mp3,3.000000,0.887800,2.027528,0.987800,12242,4301,silence_separator
s/stay.mp3,2.560000,0.664490,1.801315,0.764490,10466,3465,silence_separator
s/steadily.mp3,2.950000,0.840000,2.013152,0.940000,12033,4092,silence_separator
s/steady.mp3,2.590000,0.661497,1.818685,0.761497,10570,3465,silence_separator
s/steal.mp3,2.560000,0.657959,1.819002,0.757959,10466,3361,silence_separator
s/steam.mp3,2.590000,0.686984,1.801678,0.786984,10570,3570,silence_separator
s/steamer.mp3,2.690000,0.720363,1.876327,0.820363,10988,3674,silence_separator
s/steel.mp3,2.560000,0.658005,1.819002,0.758005,10466,3361,silence_separator
s/steep.mp3,2.430000,0.611293,1.743175,0.711293,9943,3256,silence_separator
s/steer.mp3,2.610000,0.681497,1.835964,0.781497,10675,3465,silence_separator
s/stem.mp3,2.640000,0.704263,1.849116,0.804263,10779,3570,silence_separator
s/step.mp3,2.510000,0.632608,1.774694,0.732608,10257,3256,silence_separator
s/stereo.mp3,3.060000,0.888118,2.057188,0.988118,12452,4302,silence_separator
s/stereotype.mp3,3.470000,1.112653,2.255828,1.212653,14124,5242,silence_separator
s/stern.mp3,2.560000,0.670748,1.786757,0.770748,10466,3465,silence_separator
s/steward.mp3,2.640000,0.703946,1.847166,0.803946,10779,3570,silence_separator
s/stewardess.mp3,3.130000,0.947075,2.089161,1.047075,12765,4615,silence_separator
s/stick.mp3,2.610000,0.690159,1.819138,0.790159,10675,3570,silence_separator
s/sticky.mp3,2.720000,0.738866,1.892109,0.838866,11093,3779,silence_separator
s/stiff.mp3,2.590000,0.688980,1.805397,0.788980,10570,3570,silence_separator
s/stiffen.mp3,2.740000,0.757370,1.891474,0.857370,11197,3779,silence_separator
s/still.mp3,2.510000,0.626984,1.786984,0.726984,10257,3256,silence_separator
s/stimulate.mp3,3.160000,0.957596,2.089660,1.057596,12870,4615,silence_separator
s/stimulus.mp3,3.270000,1.009161,2.147937,1.109161,13288,4824,silence_separator
s/sting.mp3,2.530000,0.664535,1.790385,0.764535,10361,3465,silence_separator
s/stir.mp3,2.480000,0.617052,1.772517,0.717052,10152,3256,silence_separator
s/stitch.mp3,2.660000,0.715556,1.838322,0.815556,10884,3674,silence_separator
s/stock.mp3,2.610000,0.685760,1.830159,0.785760,10675,3465,silence_separator
s/stocking.mp3,2.870000,0.826395,1.970612,0.926395,11720,4092,silence_separator
s/stomach.mp3,2.820000,0.797687,1.934286,0.897687,11511,3988,silence_separator
s/stone.mp3,2.640000,0.716780,1.831973,0.816780,10779,3674,silence_separator
s/stony.mp3,2.660000,0.709887,1.863583,0.809887,10884,3570,silence_separator
s/stool.mp3,2.610000,0.681905,1.847256,0.781905,10675,3465,silence_separator
s/stoop.mp3,2.480000,0.642268,1.747166,0.742268,10152,3361,silence_separator
s/stop.mp3,2.510000,0.635510,1.770975,0.735510,10257,3361,silence_separator
s/storage.mp3,2.930000,0.859410,1.981179,0.959410,11929,4197,silence_separator
s/store.mp3,2.530000,0.643492,1.785896,0.743492,10361,3361,silence_separator
s/storey.mp3,2.690000,0.721769,1.877460,0.821769,10988,3674,silence_separator
s/storm.mp3,2.640000,0.709660,1.829705,0.809660,10779,3570,silence_separator
s/stormy.mp3,2.800000,0.780771,1.939864,0.880771,11406,3883,silence_separator
s/story.mp3,2.690000,0.728345,1.879909,0.828345,10988,3674,silence_separator
s/stove.mp3,2.640000,0.711429,1.815465,0.811429,10779,3570,silence_separator
s/straight.mp3,2.690000,0.726531,1.861088,0.826531,10988,3674,silence_separator
s/straightforward.mp3,3.160000,0.969660,2.110204,1.069660,12869,4615,silence_separator
s/strain.mp3,2.640000,0.716372,1.825760,0.816372,10779,3674,silence_separator
s/strange.mp3,2.900000,0.849977,1.965488,0.949977,11824,4197,silence_separator
s/stranger.mp3,2.900000,0.825986,1.982449,0.925986,11824,4092,silence_separator
s/strap.mp3,2.590000,0.684354,1.814785,0.784354,10570,3465,silence_separator
s/strategic.mp3,3.340000,1.061315,2.205760,1.161315,13601,5032,silence_separator
s/strategy.mp3,3.080000,0.907891,2.065624,1.007891,12556,4406,silence_separator
s/straw.mp3,2.560000,0.670658,1.791247,0.770658,10466,3465,silence_separator
s/strawberry.mp3,2.930000,0.834059,1.984399,0.934059,11929,4093,silence_separator
s/stream.mp3,2.640000,0.717914,1.827211,0.817914,10779,3674,silence_separator
s/streamline.mp3,3.160000,0.964626,2.097778,1.064626,12869,4615,silence_separator
s/street.mp3,2.610000,0.705896,1.828844,0.805896,10675,3570,silence_separator
s/strength.mp3,2.720000,0.737687,1.891655,0.837687,11093,3674,silence_separator
s/strengthen.mp3,3.030000,0.907800,2.041134,1.007800,12347,4406,silence_separator
s/stress.mp3,2.870000,0.815193,1.955510,0.915193,11720,3988,silence_separator
s/stretch.mp3,2.820000,0.813197,1.941950,0.913197,11511,3988,silence_separator
s/strict.mp3,2.690000,0.728209,1.858957,0.828209,10988,3674,silence_separator
s/strictly.mp3,2.930000,0.832290,2.000181,0.932290,11929,4092,silence_separator
s/stride.mp3,2.660000,0.714195,1.860816,0.814195,10884,3674,silence_separator
s/strike.mp3,2.740000,0.751111,1.904308,0.851111,11197,3779,silence_separator
s/striking.mp3,2.870000,0.812245,1.957188,0.912245,11720,3988,silence_separator
s/string.mp3,2.590000,0.677324,1.803537,0.777324,10570,3465,silence_separator
s/strip.mp3,2.510000,0.638549,1.770567,0.738549,10257,3361,silence_separator
s/stripe.mp3,2.590000,0.677143,1.815329,0.777143,10570,3465,silence_separator
s/strive.mp3,2.770000,0.771429,1.891610,0.871429,11302,3883,silence_separator
s/stroke.mp3,2.720000,0.751565,1.879546,0.851565,11093,3779,silence_separator
s/strong.mp3,2.720000,0.757324,1.878957,0.857324,11093,3779,silence_separator
s/strongly.mp3,2.980000,0.852336,2.018594,0.952336,12138,4197,silence_separator
s/structural.mp3,3.030000,0.878186,2.049388,0.978186,12347,4302,silence_separator
s/structure.mp3,3.000000,0.879410,2.039773,0.979410,12242,4301,silence_separator
s/struggle.mp3,2.800000,0.749342,1.932880,0.849342,11407,3779,silence_separator
s/stubborn.mp3,2.720000,0.755646,1.876961,0.855646,11093,3779,silence_separator
s/student.mp3,2.800000,0.780952,1.905760,0.880952,11406,3883,silence_separator
s/studio.mp3,3.030000,0.869206,2.035964,0.969206,12347,4302,silence_separator
s/study.mp3,2.590000,0.665805,1.819592,0.765805,10570,3465,silence_separator
s/stuff.mp3,2.740000,0.759320,1.905351,0.859320,11197,3779,silence_separator
s/stumble.mp3,2.770000,0.734059,1.922268,0.834059,11302,3675,silence_separator
s/stupid.mp3,2.660000,0.721587,1.841905,0.821587,10884,3674,silence_separator
s/sturdy.mp3,2.640000,0.690612,1.850522,0.790612,10779,3570,silence_separator
s/style.mp3,2.560000,0.656825,1.811474,0.756825,10466,3361,silence_separator
s/subject.mp3,2.950000,0.869070,2.007166,0.969070,12033,4301,silence_separator
s/subjective.mp3,3.290000,1.044717,2.158549,1.144717,13392,4928,silence_separator
s/submarine.mp3,2.900000,0.847891,1.961905,0.947891,11824,4197,silence_separator
s/submerge.mp3,2.950000,0.873469,1.990884,0.973469,12033,4301,silence_separator
s/submit.mp3,2.820000,0.806032,1.933197,0.906032,11511,3988,silence_separator
s/subordinate.mp3,3.190000,0.992426,2.109206,1.092426,12974,4719,silence_separator
s/subscribe.mp3,2.930000,0.845170,1.978005,0.945170,11929,4197,silence_separator
s/subsequent.mp3,3.340000,1.052381,2.183311,1.152381,13601,5032,silence_separator
s/subsidiary.mp3,3.340000,1.042630,2.199365,1.142630,13601,4928,silence_separator
s/subsidy.mp3,2.930000,0.840227,1.993651,0.940227,11929,4092,silence_separator
s/substance.mp3,3.160000,0.969796,2.107392,1.069796,12869,4615,silence_separator
s/substantial.mp3,3.340000,1.048707,2.217234,1.148707,13601,4928,silence_separator
s/substitute.mp3,3.320000,1.050794,2.181587,1.150794,13496,4928,silence_separator
s/subtle.mp3,2.510000,0.610658,1.789252,0.710658,10257,3257,silence_separator
s/subtract.mp3,3.080000,0.925215,2.066440,1.025215,12556,4510,silence_separator
s/suburb.mp3,2.460000,0.634059,1.725805,0.734059,10048,3361,silence_separator
s/subway.mp3,2.720000,0.742902,1.873515,0.842902,11093,3779,silence_separator
s/succeed.mp3,2.930000,0.844943,1.997007,0.944943,11929,4197,silence_separator
s/success.mp3,3.210000,0.971066,2.117959,1.071066,13079,4615,silence_separator
s/successful.mp3,3.290000,1.000544,2.183492,1.100544,13392,4824,silence_separator
s/successfully.mp3,3.470000,1.116508,2.275918,1.216508,14123,5241,silence_separator
s/succession.mp3,3.190000,0.981134,2.112472,1.081134,12974,4719,silence_separator
s/successive.mp3,3.270000,1.019093,2.139229,1.119093,13288,4824,silence_separator
s/successor.mp3,3.110000,0.916009,2.080227,1.016009,12661,4406,silence_separator
s/such.mp3,2.510000,0.643991,1.754286,0.743991,10257,3361,silence_separator
s/suck.mp3,2.530000,0.654376,1.802993,0.754376,10361,3361,silence_separator
s/sudden.mp3,2.480000,0.633016,1.763537,0.733016,10152,3256,silence_separator
s/suddenly.mp3,2.870000,0.793741,1.963583,0.893741,11720,3988,silence_separator
s/sue.mp3,2.510000,0.637959,1.774921,0.737959,10257,3361,silence_separator
s/suffer.mp3,2.610000,0.678186,1.830930,0.778186,10675,3466,silence_separator
s/suffice.mp3,3.130000,0.948662,2.099320,1.048662,12765,4615,silence_separator
s/sufficient.mp3,3.160000,0.959320,2.094830,1.059320,12870,4615,silence_separator
s/sufficiently.mp3,3.340000,1.054240,2.199184,1.154240,13601,5032,silence_separator
s/sugar.mp3,2.590000,0.674739,1.822721,0.774739,10570,3465,silence_separator
s/suggest.mp3,3.080000,0.935011,2.065397,1.035011,12556,4510,silence_separator
s/suggestion.mp3,3.270000,1.009252,2.150431,1.109252,13288,4824,silence_separator
s/suicide.mp3,3.000000,0.878458,2.014240,0.978458,12243,4302,silence_separator
s/suit.mp3,2.560000,0.664717,1.806712,0.764717,10466,3466,silence_separator
s/suitable.mp3,2.850000,0.790431,1.972971,0.890431,11615,3988,silence_separator
s/suitcase.mp3,3.190000,0.964127,2.113107,1.064127,12974,4615,silence_separator
s/sulphur.mp3,2.770000,0.754603,1.921224,0.854603,11302,3779,silence_separator
s/sum.mp3,2.380000,0.578776,1.706757,0.678776,9735,3047,silence_separator
s/summarize.mp3,3.190000,0.975465,2.114240,1.075465,12974,4719,silence_separator
s/summary.mp3,2.740000,0.747574,1.905986,0.847574,11198,3779,silence_separator
s/summer.mp3,2.510000,0.624172,1.788073,0.724172,10257,3257,silence_separator
s/summit.mp3,2.660000,0.715510,1.843129,0.815510,10884,3675,silence_separator
s/summon.mp3,2.560000,0.663719,1.800408,0.763719,10466,3466,silence_separator
s/sun.mp3,2.460000,0.619410,1.740499,0.719410,10048,3256,silence_separator
s/sunday.mp3,2.770000,0.761270,1.906122,0.861270,11302,3779,silence_separator
s/sunlight.mp3,2.870000,0.833469,1.961678,0.933469,11720,4092,silence_separator
s/sunny.mp3,2.510000,0.617415,1.781179,0.717415,10257,3257,silence_separator
s/sunrise.mp3,3.080000,0.937370,2.065215,1.037370,12556,4510,silence_separator
s/sunset.mp3,3.000000,0.877007,2.025125,0.977007,12242,4301,silence_separator
s/sunshine.mp3,2.980000,0.886848,2.006667,0.986848,12138,4301,silence_separator
s/super.mp3,2.660000,0.698685,1.872744,0.798685,10884,3570,silence_separator
s/superb.mp3,2.660000,0.736372,1.825896,0.836372,10884,3674,silence_separator
s/superficial.mp3,3.290000,1.025760,2.192200,1.125760,13392,4928,silence_separator
s/superior.mp3,3.130000,0.928345,2.091202,1.028345,12765,4511,silence_separator
s/superiority.mp3,3.580000,1.159773,2.319410,1.259773,14541,5450,silence_separator
s/supermarket.mp3,3.420000,1.094286,2.234921,1.194286,13914,5137,silence_separator
s/supersonic.mp3,3.470000,1.123900,2.263492,1.223900,14123,5241,silence_separator
s/supervise.mp3,3.340000,1.048073,2.194195,1.148073,13601,4928,silence_separator
s/supper.mp3,2.560000,0.646395,1.815782,0.746395,10466,3361,silence_separator
s/supplement.mp3,3.030000,0.915057,2.041859,1.015057,12347,4406,silence_separator
s/supplementary.mp3,3.420000,1.096281,2.244943,1.196281,13914,5137,silence_separator
s/supply.mp3,2.980000,0.885805,2.009252,0.985805,12138,4301,silence_separator
s/support.mp3,2.900000,0.840227,1.963265,0.940227,11824,4092,silence_separator
s/suppose.mp3,2.950000,0.878413,1.996735,0.978413,12033,4301,silence_separator
s/suppress.mp3,3.110000,0.950023,2.083673,1.050023,12660,4615,silence_separator
s/supreme.mp3,2.850000,0.821859,1.936871,0.921859,11615,4092,silence_separator
s/sure.mp3,2.480000,0.602132,1.758095,0.702132,10153,3152,silence_separator
s/surely.mp3,2.740000,0.731701,1.906848,0.831701,11198,3675,silence_separator
s/surface.mp3,3.000000,0.883628,2.026259,0.983628,12242,4301,silence_separator
s/surge.mp3,2.590000,0.689070,1.801769,0.789070,10570,3570,silence_separator
s/surgeon.mp3,2.770000,0.772336,1.908209,0.872336,11302,3883,silence_separator
s/surgery.mp3,2.850000,0.801043,1.949478,0.901043,11615,3988,silence_separator
s/surname.mp3,2.640000,0.707256,1.847120,0.807256,10779,3570,silence_separator
s/surpass.mp3,3.060000,0.904399,2.051247,1.004399,12451,4406,silence_separator
s/surplus.mp3,3.080000,0.945125,2.064989,1.045125,12556,4510,silence_separator
s/surprise.mp3,3.210000,0.986939,2.125079,1.086939,13078,4719,silence_separator
s/surprising.mp3,3.160000,0.969841,2.110930,1.069841,12869,4615,silence_separator
s/surprisingly.mp3,3.550000,1.150476,2.304308,1.250476,14437,5346,silence_separator
s/surrender.mp3,2.900000,0.817098,1.980408,0.917098,11825,4093,silence_separator
s/surround.mp3,2.720000,0.739501,1.879909,0.839501,11093,3779,silence_separator
s/surroundings.mp3,3.370000,1.055329,2.215601,1.155329,13706,5033,silence_separator
s/survey.mp3,2.610000,0.702494,1.815420,0.802494,10675,3570,silence_separator
s/survival.mp3,2.950000,0.841361,2.010748,0.941361,12033,4092,silence_separator
s/survive.mp3,2.900000,0.846032,1.963810,0.946032,11824,4197,silence_separator
s/susceptible.mp3,3.290000,1.025488,2.189297,1.125488,13392,4928,silence_separator
s/suspect.mp3,3.030000,0.896689,2.040499,0.996689,12347,4406,silence_separator
s/suspend.mp3,2.980000,0.865442,2.028163,0.965442,12138,4197,silence_separator
s/suspension.mp3,3.290000,1.024127,2.153787,1.124127,13392,4824,silence_separator
s/suspicion.mp3,3.130000,0.947347,2.082086,1.047347,12765,4615,silence_separator
s/suspicious.mp3,3.370000,1.071882,2.201270,1.171882,13705,5032,silence_separator
s/sustain.mp3,2.980000,0.888753,2.014875,0.988753,12138,4301,silence_separator
s/swallow.mp3,2.850000,0.787891,1.952653,0.887891,11616,3884,silence_separator
s/swamp.mp3,2.530000,0.638821,1.791247,0.738821,10361,3361,silence_separator
s/swan.mp3,2.660000,0.722676,1.845125,0.822676,10884,3674,silence_separator
s/swarm.mp3,2.640000,0.715510,1.835737,0.815510,10779,3674,silence_separator
s/sway.mp3,2.510000,0.633605,1.770159,0.733605,10257,3361,silence_separator
s/swear.mp3,2.640000,0.707347,1.853787,0.807347,10779,3570,silence_separator
s/sweat.mp3,2.640000,0.707846,1.827755,0.807846,10779,3570,silence_separator
s/sweater.mp3,2.610000,0.673787,1.831020,0.773787,10675,3465,silence_separator
s/sweep.mp3,2.430000,0.603220,1.723810,0.703220,9943,3152,silence_separator
s/sweet.mp3,2.510000,0.641859,1.765760,0.741859,10257,3361,silence_separator
s/swell.mp3,2.510000,0.620000,1.778186,0.720000,10257,3257,silence_separator
s/swift.mp3,2.510000,0.653605,1.772200,0.753605,10257,3361,silence_separator
s/swim.mp3,2.510000,0.646168,1.772608,0.746168,10257,3361,silence_separator
s/swing.mp3,2.480000,0.637052,1.755510,0.737052,10152,3361,silence_separator
s/swiss.mp3,2.590000,0.689252,1.816100,0.789252,10570,3570,silence_separator
s/switch.mp3,2.660000,0.718639,1.848299,0.818639,10884,3674,silence_separator
s/sword.mp3,2.430000,0.592971,1.726168,0.692971,9944,3152,silence_separator
s/symbol.mp3,2.640000,0.682132,1.863855,0.782132,10779,3465,silence_separator
s/symmetry.mp3,3.030000,0.876281,2.033787,0.976281,12347,4302,silence_separator
s/sympathetic.mp3,3.270000,1.014195,2.149932,1.114195,13288,4824,silence_separator
s/sympathize.mp3,3.340000,1.053605,2.198776,1.153605,13601,5032,silence_separator
s/sympathy.mp3,2.870000,0.814331,1.961270,0.914331,11720,3988,silence_separator
s/symphony.mp3,2.870000,0.811610,1.967483,0.911610,11720,3988,silence_separator
s/symposium.mp3,3.290000,1.033605,2.171020,1.133605,13392,4928,silence_separator
s/symptom.mp3,2.820000,0.791882,1.938367,0.891882,11511,3988,silence_separator
s/synthesis.mp3,3.340000,1.044807,2.191655,1.144807,13601,4928,silence_separator
s/synthetic.mp3,3.080000,0.933832,2.064172,1.033832,12556,4510,silence_separator
s/system.mp3,2.770000,0.763810,1.904580,0.863810,11302,3779,silence_separator
t/table.mp3,2.460000,0.588435,1.756871,0.688435,10048,3152,silence_separator
t/tablet.mp3,2.690000,0.740227,1.852290,0.840227,10988,3779,silence_separator
t/tackle.mp3,2.480000,0.600363,1.773469,0.700363,10152,3152,silence_separator
t/tactics.mp3,3.000000,0.883673,2.009569,0.983673,12242,4301,silence_separator
t/tag.mp3,2.400000,0.588889,1.721043,0.688889,9839,3152,silence_separator
t/tail.mp3,2.350000,0.559637,1.699592,0.659637,9630,3047,silence_separator
t/tailor.mp3,2.480000,0.617868,1.772109,0.717868,10152,3256,silence_separator
t/take.mp3,2.350000,0.556553,1.697324,0.656553,9630,3047,silence_separator
t/tale.mp3,2.350000,0.559637,1.699592,0.659637,9630,3047,silence_separator
t/talent.mp3,2.610000,0.690431,1.808118,0.790431,10675,3570,silence_separator
t/talk.mp3,2.430000,0.606077,1.745170,0.706077,9943,3152,silence_separator
t/tall.mp3,2.320000,0.543492,1.693560,0.643492,9526,2943,silence_separator
t/tame.mp3,2.270000,0.536327,1.644943,0.636327,9317,2943,silence_separator
t/tan.mp3,2.380000,0.576961,1.687528,0.676961,9735,3047,silence_separator
t/tangle.mp3,2.530000,0.637551,1.798912,0.737551,10361,3361,silence_separator
t/tank.mp3,2.350000,0.550204,1.693832,0.650204,9630,2943,silence_separator
t/tap.mp3,2.270000,0.507029,1.636281,0.607029,9317,2838,silence_separator
t/tape.mp3,2.140000,0.455828,1.589796,0.555828,8794,2629,silence_separator
t/tar.mp3,2.320000,0.544626,1.671020,0.644626,9526,2943,silence_separator
t/target.mp3,2.720000,0.751791,1.860907,0.851791,11093,3779,silence_separator
t/tariff.mp3,2.560000,0.674195,1.797460,0.774195,10466,3465,silence_separator
t/task.mp3,2.480000,0.632472,1.748798,0.732472,10152,3256,silence_separator
t/taste.mp3,2.460000,0.622358,1.745125,0.722358,10048,3256,silence_separator
t/tax.mp3,2.590000,0.665986,1.808299,0.765986,10570,3465,silence_separator
t/taxi.mp3,2.720000,0.736281,1.884717,0.836281,11093,3674,silence_separator
t/tea.mp3,2.220000,0.487937,1.617415,0.587937,9108,2734,silence_separator
t/teach.mp3,2.320000,0.557642,1.666576,0.657642,9526,3048,silence_separator
t/teacher.mp3,2.510000,0.631655,1.790023,0.731655,10257,3256,silence_separator
t/teaching.mp3,2.610000,0.692517,1.817007,0.792517,10675,3570,silence_separator
t/team.mp3,2.270000,0.536689,1.642585,0.636689,9317,2943,silence_separator
t/tear.mp3,2.320000,0.547800,1.676054,0.647800,9526,2943,silence_separator
t/tease.mp3,2.560000,0.682177,1.802268,0.782177,10466,3465,silence_separator
t/technical.mp3,2.850000,0.803946,1.959909,0.903946,11615,3988,silence_separator
t/technician.mp3,3.000000,0.891882,2.004218,0.991882,12242,4301,silence_separator
t/technique.mp3,2.800000,0.781678,1.916281,0.881678,11406,3883,silence_separator
t/technology.mp3,3.320000,1.029342,2.179592,1.129342,13496,4928,silence_separator
t/tedious.mp3,2.870000,0.817506,1.966984,0.917506,11720,4092,silence_separator
t/teenager.mp3,2.900000,0.822540,1.982177,0.922540,11824,4092,silence_separator
t/telegram.mp3,2.930000,0.844399,1.975329,0.944399,11929,4197,silence_separator
t/telegraph.mp3,3.060000,0.910567,2.060998,1.010567,12451,4406,silence_separator
t/telephone.mp3,2.950000,0.877098,1.991701,0.977098,12033,4301,silence_separator
t/telescope.mp3,2.930000,0.847120,1.992744,0.947120,11929,4197,silence_separator
t/television.mp3,3.030000,0.911837,2.037823,1.011837,12347,4406,silence_separator
t/tell.mp3,2.320000,0.532789,1.676825,0.632789,9526,2943,silence_separator
t/temper.mp3,2.530000,0.649478,1.797959,0.749478,10361,3361,silence_separator
t/temperament.mp3,2.900000,0.837506,1.963719,0.937506,11824,4092,silence_separator
t/temperature.mp3,2.900000,0.821678,1.980317,0.921678,11824,4092,silence_separator
t/temple.mp3,2.480000,0.615737,1.782993,0.715737,10152,3256,silence_separator
t/tempo.mp3,2.610000,0.685941,1.826032,0.785941,10675,3570,silence_separator
t/temporary.mp3,2.900000,0.814376,1.962132,0.914376,11824,3988,silence_separator
t/tempt.mp3,2.300000,0.533107,1.663900,0.633107,9421,2943,silence_separator
t/temptation.mp3,3.130000,0.966122,2.082268,1.066122,12765,4615,silence_separator
t/ten.mp3,2.270000,0.531927,1.645442,0.631927,9317,2943,silence_separator
t/tenant.mp3,2.510000,0.651474,1.771927,0.751474,10257,3361,silence_separator
t/tend.mp3,2.250000,0.513832,1.627982,0.613832,9212,2838,silence_separator
t/tendency.mp3,2.950000,0.860907,2.004354,0.960907,12033,4197,silence_separator
t/tender.mp3,2.460000,0.605850,1.748980,0.705850,10048,3152,silence_separator
t/tennis.mp3,2.610000,0.690884,1.826984,0.790884,10675,3570,silence_separator
t/tense.mp3,2.530000,0.653333,1.782449,0.753333,10361,3361,silence_separator
t/tent.mp3,2.380000,0.590975,1.696463,0.690975,9735,3152,silence_separator
t/tentative.mp3,2.900000,0.850930,1.957460,0.950930,11824,4197,silence_separator
t/tenth.mp3,2.300000,0.525578,1.668481,0.625578,9421,2838,silence_separator
t/term.mp3,2.270000,0.533107,1.635556,0.633107,9317,2943,silence_separator
t/terminal.mp3,2.640000,0.688299,1.843175,0.788299,10779,3570,silence_separator
t/terminate.mp3,2.850000,0.814921,1.929297,0.914921,11615,3988,silence_separator
t/terrace.mp3,2.590000,0.687574,1.815057,0.787574,10570,3570,silence_separator
t/terrain.mp3,2.530000,0.664490,1.771837,0.764490,10361,3465,silence_separator
t/terrible.mp3,2.690000,0.716190,1.887619,0.816190,10988,3674,silence_separator
t/terrific.mp3,2.820000,0.796508,1.931882,0.896508,11511,3988,silence_separator
t/terrify.mp3,2.900000,0.843401,1.961451,0.943401,11824,4197,silence_separator
t/territory.mp3,3.080000,0.918594,2.062585,1.018594,12556,4406,silence_separator
t/terror.mp3,2.380000,0.576190,1.705533,0.676190,9735,3047,silence_separator
t/test.mp3,2.480000,0.636825,1.748617,0.736825,10152,3361,silence_separator
t/testify.mp3,3.060000,0.927483,2.035374,1.027483,12451,4510,silence_separator
t/testimony.mp3,3.110000,0.932063,2.081224,1.032063,12660,4510,silence_separator
t/text.mp3,2.560000,0.673741,1.797370,0.773741,10466,3465,silence_separator
t/textbook.mp3,2.930000,0.864580,1.980091,0.964580,11929,4197,silence_separator
t/textile.mp3,2.950000,0.850930,2.004717,0.950930,12033,4197,silence_separator
t/texture.mp3,2.770000,0.759410,1.909751,0.859410,11302,3779,silence_separator
t/than.mp3,2.270000,0.527438,1.675465,0.627438,9317,2839,silence_separator
t/thank.mp3,2.300000,0.518730,1.696054,0.618730,9421,2838,silence_separator
t/thanksgiving.mp3,3.110000,0.920816,2.104127,1.020816,12660,4406,silence_separator
t/that.mp3,2.380000,0.563356,1.710930,0.663356,9735,3048,silence_separator
t/the.mp3,1.960000,0.362132,1.477732,0.462132,8063,2212,silence_separator
t/theatre.mp3,2.530000,0.597143,1.818231,0.697143,10362,3152,silence_separator
t/theft.mp3,2.350000,0.562540,1.724580,0.662540,9631,3048,silence_separator
t/their.mp3,2.250000,0.483311,1.651066,0.583311,9212,2734,silence_separator
t/theirs.mp3,2.400000,0.579909,1.721451,0.679909,9839,3048,silence_separator
t/them.mp3,2.190000,0.482132,1.610385,0.582132,9004,2734,silence_separator
t/theme.mp3,2.170000,0.457506,1.592925,0.557506,8899,2629,silence_separator
t/themselves.mp3,3.110000,0.936463,2.086304,1.036463,12661,4511,silence_separator
t/then.mp3,2.250000,0.501361,1.649478,0.601361,9212,2734,silence_separator
t/theoretical.mp3,3.080000,0.888980,2.115510,0.988980,12556,4301,silence_separator
t/theory.mp3,2.350000,0.531293,1.717279,0.631293,9630,2943,silence_separator
t/therapy.mp3,2.690000,0.722857,1.904218,0.822857,10989,3675,silence_separator
t/there.mp3,2.250000,0.483311,1.651066,0.583311,9212,2734,silence_separator
t/thereafter.mp3,2.900000,0.814558,1.983719,0.914558,11825,3988,silence_separator
t/thereby.mp3,2.590000,0.661088,1.807937,0.761088,10571,3466,silence_separator
t/therefore.mp3,2.770000,0.745079,1.905805,0.845079,11302,3779,silence_separator
t/thermal.mp3,2.480000,0.596100,1.794966,0.696100,10152,3152,silence_separator
t/thermometer.mp3,3.000000,0.861769,2.039909,0.961769,12243,4197,silence_separator
t/these.mp3,2.400000,0.576372,1.717234,0.676372,9839,3048,silence_separator
t/thesis.mp3,2.820000,0.762268,1.945351,0.862268,11511,3779,silence_separator
t/they.mp3,2.190000,0.471338,1.620272,0.571338,9004,2630,silence_separator
t/thick.mp3,2.300000,0.527574,1.686122,0.627574,9422,2839,silence_separator
t/thickness.mp3,2.820000,0.780907,1.953878,0.880907,11511,3884,silence_separator
t/thief.mp3,2.320000,0.514104,1.682676,0.614104,9526,2838,silence_separator
t/thin.mp3,2.140000,0.462358,1.591610,0.562358,8795,2630,silence_separator
t/thing.mp3,2.190000,0.465760,1.620544,0.565760,9003,2629,silence_separator
t/think.mp3,2.380000,0.546122,1.756372,0.646122,9734,2943,silence_separator
t/third.mp3,2.120000,0.424444,1.575918,0.524444,8690,2420,silence_separator
t/thirdly.mp3,2.590000,0.638095,1.828571,0.738095,10570,3361,silence_separator
t/thirst.mp3,2.380000,0.569025,1.708980,0.669025,9734,3047,silence_separator
t/thirsty.mp3,2.660000,0.704354,1.876644,0.804354,10884,3570,silence_separator
t/thirteen.mp3,2.740000,0.745125,1.877959,0.845125,11197,3779,silence_separator
t/thirty.mp3,2.320000,0.528345,1.699637,0.628345,9526,2839,silence_separator
t/this.mp3,2.300000,0.533016,1.674059,0.633016,9422,2943,silence_separator
t/thorn.mp3,2.300000,0.529660,1.677279,0.629660,9421,2943,silence_separator
t/thorough.mp3,2.460000,0.583084,1.760227,0.683084,10048,3152,silence_separator
t/those.mp3,2.350000,0.568345,1.680816,0.668345,9631,3048,silence_separator
t/though.mp3,2.250000,0.501315,1.648662,0.601315,9213,2734,silence_separator
t/thought.mp3,2.400000,0.576145,1.727302,0.676145,9839,3048,silence_separator
t/thoughtful.mp3,2.720000,0.714150,1.913696,0.814150,11093,3675,silence_separator
t/thousand.mp3,2.640000,0.674059,1.845079,0.774059,10779,3465,silence_separator
t/thread.mp3,2.350000,0.545624,1.687166,0.645624,9631,2943,silence_separator
t/threat.mp3,2.430000,0.600181,1.734422,0.700181,9944,3152,silence_separator
t/threaten.mp3,2.400000,0.585079,1.713651,0.685079,9839,3152,silence_separator
t/three.mp3,2.190000,0.490113,1.601088,0.590113,9003,2734,silence_separator
t/threshold.mp3,2.770000,0.734966,1.912472,0.834966,11302,3675,silence_separator
t/thrill.mp3,2.270000,0.509977,1.654785,0.609977,9317,2839,silence_separator
t/thrive.mp3,2.530000,0.655374,1.777007,0.755374,10362,3361,silence_separator
t/throat.mp3,2.380000,0.577551,1.685669,0.677551,9735,3048,silence_separator
t/throne.mp3,2.380000,0.586984,1.697007,0.686984,9735,3152,silence_separator
t/throng.mp3,2.530000,0.656190,1.779501,0.756190,10362,3361,silence_separator
t/through.mp3,2.320000,0.551837,1.689796,0.651837,9526,2943,silence_separator
t/throughout.mp3,2.610000,0.684943,1.812200,0.784943,10675,3466,silence_separator
t/throw.mp3,2.270000,0.514422,1.655828,0.614422,9317,2839,silence_separator
t/thrust.mp3,2.530000,0.644580,1.775828,0.744580,10362,3361,silence_separator
t/thumb.mp3,2.190000,0.474240,1.625488,0.574240,9004,2630,silence_separator
t/thunder.mp3,2.460000,0.575238,1.774739,0.675238,10048,3047,silence_separator
t/thursday.mp3,2.740000,0.736372,1.900227,0.836372,11198,3675,silence_separator
t/thus.mp3,2.320000,0.546485,1.687982,0.646485,9526,2943,silence_separator
t/tick.mp3,2.320000,0.558231,1.698141,0.658231,9526,3047,silence_separator
t/ticket.mp3,2.560000,0.671927,1.801043,0.771927,10466,3465,silence_separator
t/tide.mp3,2.400000,0.589252,1.719002,0.689252,9839,3152,silence_separator
t/tidy.mp3,2.380000,0.569342,1.712517,0.669342,9735,3047,silence_separator
t/tie.mp3,2.350000,0.563764,1.678141,0.663764,9630,3047,silence_separator
t/tiger.mp3,2.530000,0.654694,1.803175,0.754694,10361,3361,silence_separator
t/tight.mp3,2.460000,0.608073,1.741859,0.708073,10048,3256,silence_separator
t/tile.mp3,2.400000,0.583311,1.721497,0.683311,9839,3152,silence_separator
t/till.mp3,2.350000,0.552698,1.696417,0.652698,9630,2943,silence_separator
t/tilt.mp3,2.270000,0.546259,1.656961,0.646259,9317,2943,silence_separator
t/timber.mp3,2.460000,0.614649,1.764218,0.714649,10048,3256,silence_separator
t/time.mp3,2.350000,0.563447,1.691156,0.663447,9630,3047,silence_separator
t/timely.mp3,2.660000,0.704671,1.856871,0.804671,10884,3570,silence_separator
t/timetable.mp3,2.980000,0.858458,2.017143,0.958458,12138,4197,silence_separator
t/timid.mp3,2.350000,0.561769,1.686667,0.661769,9630,3047,silence_separator
t/tin.mp3,2.220000,0.508073,1.620317,0.608073,9108,2838,silence_separator
t/tiny.mp3,2.400000,0.590703,1.721315,0.690703,9839,3152,silence_separator
t/tip.mp3,2.190000,0.475329,1.616644,0.575329,9003,2629,silence_separator
t/tire.mp3,2.460000,0.607937,1.752925,0.707937,10048,3256,silence_separator
t/tired.mp3,2.380000,0.581361,1.706757,0.681361,9735,3152,silence_separator
t/tissue.mp3,2.590000,0.684263,1.816236,0.784263,10570,3465,silence_separator
t/title.mp3,2.480000,0.612562,1.768798,0.712562,10152,3256,silence_separator
t/to.mp3,2.010000,0.431927,1.480862,0.531927,8272,2525,silence_separator
t/toast.mp3,2.350000,0.568753,1.680317,0.668753,9630,3047,silence_separator
t/tobacco.mp3,2.930000,0.844853,1.990612,0.944853,11929,4197,silence_separator
t/today.mp3,2.430000,0.583855,1.729025,0.683855,9944,3152,silence_separator
t/toe.mp3,2.320000,0.554376,1.688617,0.654376,9526,2943,silence_separator
t/together.mp3,2.720000,0.736327,1.884535,0.836327,11093,3674,silence_separator
t/toilet.mp3,2.640000,0.725986,1.833288,0.825986,10779,3674,silence_separator
t/token.mp3,2.510000,0.648889,1.772517,0.748889,10257,3361,silence_separator
t/tolerance.mp3,2.980000,0.870975,2.003401,0.970975,12138,4301,silence_separator
t/tolerant.mp3,2.820000,0.801043,1.915283,0.901043,11511,3988,silence_separator
t/tolerate.mp3,2.850000,0.814422,1.944898,0.914422,11615,3988,silence_separator
t/tomato.mp3,2.850000,0.796190,1.949206,0.896190,11615,3988,silence_separator
t/tomb.mp3,2.320000,0.554467,1.670340,0.654467,9526,2943,silence_separator
t/tomorrow.mp3,2.850000,0.811837,1.952880,0.911837,11615,3988,silence_separator
t/ton.mp3,2.300000,0.539138,1.648707,0.639138,9421,2943,silence_separator
t/tone.mp3,2.270000,0.536689,1.644626,0.636689,9317,2943,silence_separator
t/tongue.mp3,2.320000,0.557642,1.667483,0.657642,9526,3047,silence_separator
t/tonight.mp3,2.590000,0.685896,1.798458,0.785896,10570,3570,silence_separator
t/too.mp3,2.270000,0.528571,1.660317,0.628571,9317,2838,silence_separator
t/tool.mp3,2.380000,0.559864,1.713016,0.659864,9735,3047,silence_separator
t/tooth.mp3,2.300000,0.540317,1.676916,0.640317,9421,2943,silence_separator
t/top.mp3,2.190000,0.490068,1.600544,0.590068,9003,2734,silence_separator
t/topic.mp3,2.610000,0.695918,1.832472,0.795918,10675,3570,silence_separator
t/torch.mp3,2.530000,0.662313,1.769161,0.762313,10361,3465,silence_separator
t/torrent.mp3,2.510000,0.646848,1.755828,0.746848,10257,3361,silence_separator
t/tortoise.mp3,2.820000,0.800590,1.934059,0.900590,11511,3988,silence_separator
t/torture.mp3,2.660000,0.711973,1.860363,0.811973,10884,3674,silence_separator
t/toss.mp3,2.510000,0.643537,1.766122,0.743537,10257,3361,silence_separator
t/total.mp3,2.380000,0.569524,1.723175,0.669524,9735,3047,silence_separator
t/touch.mp3,2.530000,0.662766,1.780952,0.762766,10361,3465,silence_separator
t/tough.mp3,2.480000,0.630930,1.751565,0.730930,10152,3256,silence_separator
t/tour.mp3,2.350000,0.556054,1.701633,0.656054,9630,3047,silence_separator
t/tourist.mp3,2.690000,0.738639,1.858639,0.838639,10988,3779,silence_separator
t/tow.mp3,2.320000,0.554376,1.688617,0.654376,9526,2943,silence_separator
t/toward.mp3,2.350000,0.571882,1.685306,0.671882,9630,3047,silence_separator
t/towards.mp3,2.690000,0.744218,1.859955,0.844218,10988,3779,silence_separator
t/towel.mp3,2.300000,0.535193,1.661678,0.635193,9421,2943,silence_separator
t/tower.mp3,2.400000,0.576236,1.722313,0.676236,9839,3047,silence_separator
t/town.mp3,2.380000,0.580816,1.691882,0.680816,9735,3047,silence_separator
t/toy.mp3,2.350000,0.567075,1.679365,0.667075,9631,3048,silence_separator
t/trace.mp3,2.530000,0.660816,1.787392,0.760816,10361,3465,silence_separator
t/track.mp3,2.510000,0.633197,1.787937,0.733197,10257,3256,silence_separator
t/tract.mp3,2.530000,0.657415,1.787619,0.757415,10361,3361,silence_separator
t/tractor.mp3,2.690000,0.727574,1.878005,0.827574,10988,3674,silence_separator
t/trade.mp3,2.380000,0.581043,1.696961,0.681043,9735,3047,silence_separator
t/tradition.mp3,2.900000,0.857143,1.958367,0.957143,11824,4197,silence_separator
t/traditional.mp3,3.110000,0.924490,2.079864,1.024490,12660,4510,silence_separator
t/traffic.mp3,2.720000,0.742721,1.879229,0.842721,11093,3779,silence_separator
t/tragedy.mp3,2.800000,0.765624,1.922086,0.865624,11406,3883,silence_separator
t/tragic.mp3,2.800000,0.777143,1.918957,0.877143,11406,3883,silence_separator
t/trail.mp3,2.400000,0.582766,1.729977,0.682766,9839,3152,silence_separator
t/train.mp3,2.430000,0.616553,1.730884,0.716553,9943,3256,silence_separator
t/training.mp3,2.560000,0.677914,1.803401,0.777914,10466,3465,silence_separator
t/trait.mp3,2.460000,0.627483,1.742041,0.727483,10048,3256,silence_separator
t/traitor.mp3,2.510000,0.637279,1.790567,0.737279,10257,3361,silence_separator
t/tram.mp3,2.460000,0.597732,1.740181,0.697732,10048,3152,silence_separator
t/tramp.mp3,2.300000,0.545079,1.672200,0.645079,9421,2943,silence_separator
t/transaction.mp3,3.290000,1.036281,2.158322,1.136281,13392,4928,silence_separator
t/transcend.mp3,2.930000,0.849841,1.999637,0.949841,11929,4197,silence_separator
t/transfer.mp3,2.870000,0.816780,1.966939,0.916780,11720,4092,silence_separator
t/transform.mp3,2.980000,0.879229,2.007574,0.979229,12138,4301,silence_separator
t/transformation.mp3,3.600000,1.201224,2.321497,1.301224,14646,5555,silence_separator
t/transformer.mp3,3.190000,0.967438,2.130385,1.067438,12974,4615,silence_separator
t/transient.mp3,3.000000,0.905533,2.025397,1.005533,12242,4406,silence_separator
t/transistor.mp3,3.160000,0.961224,2.118095,1.061224,12869,4615,silence_separator
t/transit.mp3,2.820000,0.800862,1.935646,0.900862,11511,3988,silence_separator
t/transition.mp3,3.110000,0.946032,2.069433,1.046032,12660,4510,silence_separator
t/translate.mp3,2.930000,0.862676,1.980907,0.962676,11929,4197,silence_separator
t/translation.mp3,3.290000,1.039093,2.161633,1.139093,13392,4928,silence_separator
t/transmission.mp3,3.270000,1.025488,2.147075,1.125488,13287,4928,silence_separator
t/transmit.mp3,2.950000,0.876054,2.000181,0.976054,12033,4301,silence_separator
t/transparent.mp3,3.240000,1.021859,2.147800,1.121859,13183,4823,silence_separator
t/transplant.mp3,3.130000,0.967664,2.087664,1.067664,12765,4615,silence_separator
t/transport.mp3,3.110000,0.942358,2.069070,1.042358,12660,4510,silence_separator
t/transportation.mp3,3.630000,1.202585,2.322766,1.302585,14751,5555,silence_separator
t/trap.mp3,2.320000,0.552200,1.682404,0.652200,9526,2943,silence_separator
t/travel.mp3,2.510000,0.614694,1.791111,0.714694,10257,3256,silence_separator
t/traverse.mp3,2.820000,0.806757,1.934331,0.906757,11511,3988,silence_separator
t/tray.mp3,2.400000,0.585578,1.716145,0.685578,9839,3152,silence_separator
t/treason.mp3,2.690000,0.739501,1.864444,0.839501,10988,3779,silence_separator
t/treasure.mp3,2.560000,0.655011,1.800862,0.755011,10466,3361,silence_separator
t/treat.mp3,2.430000,0.602993,1.731020,0.702993,9943,3152,silence_separator
t/treatment.mp3,2.800000,0.791066,1.919410,0.891066,11406,3988,silence_separator
t/treaty.mp3,2.460000,0.614014,1.762041,0.714014,10048,3256,silence_separator
t/tree.mp3,2.350000,0.570839,1.696463,0.670839,9630,3047,silence_separator
t/tremble.mp3,2.530000,0.632109,1.800227,0.732109,10361,3256,silence_separator
t/tremendous.mp3,3.110000,0.943356,2.079320,1.043356,12660,4510,silence_separator
t/trench.mp3,2.590000,0.684943,1.805170,0.784943,10570,3465,silence_separator
t/trend.mp3,2.350000,0.569569,1.695918,0.669569,9630,3047,silence_separator
t/trial.mp3,2.510000,0.612245,1.782676,0.712245,10257,3257,silence_separator
t/triangle.mp3,2.900000,0.803628,1.977642,0.903628,11825,3988,silence_separator
t/tribe.mp3,2.270000,0.535692,1.653696,0.635692,9317,2943,silence_separator
t/tribute.mp3,2.660000,0.732290,1.845941,0.832290,10884,3674,silence_separator
t/trick.mp3,2.460000,0.610658,1.746667,0.710658,10048,3256,silence_separator
t/trifle.mp3,2.640000,0.690249,1.861406,0.790249,10779,3570,silence_separator
t/trigger.mp3,2.460000,0.617823,1.762268,0.717823,10048,3256,silence_separator
t/trim.mp3,2.400000,0.590385,1.719229,0.690385,9839,3152,silence_separator
t/trip.mp3,2.300000,0.536735,1.669977,0.636735,9421,2943,silence_separator
t/triple.mp3,2.480000,0.610249,1.774512,0.710249,10152,3256,silence_separator
t/triumph.mp3,2.720000,0.745079,1.876100,0.845079,11093,3779,silence_separator
t/trivial.mp3,2.640000,0.694104,1.865261,0.794104,10779,3570,silence_separator
t/troop.mp3,2.320000,0.548753,1.687166,0.648753,9526,2943,silence_separator
t/tropical.mp3,2.820000,0.780499,1.952608,0.880499,11511,3883,silence_separator
t/trouble.mp3,2.430000,0.581361,1.759456,0.681361,9943,3152,silence_separator
t/troublesome.mp3,3.060000,0.903084,2.055238,1.003084,12451,4406,silence_separator
t/trousers.mp3,2.950000,0.863537,1.997687,0.963537,12034,4197,silence_separator
t/truck.mp3,2.430000,0.594785,1.743673,0.694785,9943,3152,silence_separator
t/true.mp3,2.460000,0.613968,1.745306,0.713968,10048,3256,silence_separator
t/truly.mp3,2.640000,0.688662,1.849841,0.788662,10779,3570,silence_separator
t/trumpet.mp3,2.720000,0.753832,1.877188,0.853832,11093,3779,silence_separator
t/trunk.mp3,2.460000,0.608662,1.746667,0.708662,10048,3256,silence_separator
t/trust.mp3,2.530000,0.672245,1.785714,0.772245,10361,3465,silence_separator
t/truth.mp3,2.430000,0.582540,1.745261,0.682540,9943,3152,silence_separator
t/try.mp3,2.380000,0.581224,1.702449,0.681224,9735,3047,silence_separator
t/tub.mp3,2.170000,0.483039,1.591156,0.583039,8899,2734,silence_separator
t/tube.mp3,2.090000,0.486349,1.539955,0.586349,8585,2734,silence_separator
t/tuck.mp3,2.380000,0.573379,1.712426,0.673379,9735,3047,silence_separator
t/tuesday.mp3,2.690000,0.735420,1.878730,0.835420,10988,3674,silence_separator
t/tug.mp3,2.320000,0.568889,1.677188,0.668889,9526,3047,silence_separator
t/tuition.mp3,2.820000,0.803719,1.920998,0.903719,11511,3988,silence_separator
t/tumble.mp3,2.460000,0.601723,1.773878,0.701723,10048,3152,silence_separator
t/tune.mp3,2.320000,0.557460,1.668934,0.657460,9526,3047,silence_separator
t/tunnel.mp3,2.350000,0.560907,1.710522,0.660907,9630,3047,silence_separator
t/turbine.mp3,2.690000,0.732336,1.860454,0.832336,10988,3674,silence_separator
t/turbulent.mp3,3.000000,0.899637,2.017007,0.999637,12242,4406,silence_separator
t/turkey.mp3,2.530000,0.651429,1.799048,0.751429,10361,3361,silence_separator
t/turn.mp3,2.220000,0.509478,1.609433,0.609478,9108,2838,silence_separator
t/turning.mp3,2.510000,0.650068,1.765170,0.750068,10257,3361,silence_separator
t/turnip.mp3,2.460000,0.614331,1.737279,0.714331,10048,3256,silence_separator
t/turnover.mp3,2.770000,0.764626,1.911655,0.864626,11302,3883,silence_separator
t/tutor.mp3,2.430000,0.598866,1.745215,0.698866,9943,3152,silence_separator
t/twelfth.mp3,2.400000,0.592789,1.739864,0.692789,9839,3152,silence_separator
t/twelve.mp3,2.430000,0.609116,1.711610,0.709116,9943,3256,silence_separator
t/twentieth.mp3,2.740000,0.686893,1.960000,0.786893,11197,3570,silence_separator
t/twenty.mp3,2.510000,0.640045,1.782449,0.740045,10257,3361,silence_separator
t/twice.mp3,2.560000,0.661043,1.800454,0.761043,10466,3465,silence_separator
t/twin.mp3,2.320000,0.557324,1.658095,0.657324,9526,3047,silence_separator
t/twinkle.mp3,2.610000,0.674150,1.836190,0.774150,10675,3465,silence_separator
t/twist.mp3,2.430000,0.607392,1.720363,0.707392,9943,3152,silence_separator
t/two.mp3,2.270000,0.528571,1.660317,0.628571,9317,2838,silence_separator
t/type.mp3,2.270000,0.519320,1.645215,0.619320,9317,2838,silence_separator
t/typewriter.mp3,2.930000,0.840544,1.991837,0.940544,11929,4092,silence_separator
t/typhoon.mp3,2.820000,0.800544,1.923447,0.900544,11511,3988,silence_separator
t/typical.mp3,2.690000,0.710023,1.882585,0.810023,10988,3570,silence_separator
t/typist.mp3,2.850000,0.800907,1.931338,0.900907,11615,3988,silence_separator
t/tyre.mp3,2.460000,0.607937,1.752925,0.707937,10048,3256,silence_separator
u/ugly.mp3,2.480000,0.620726,1.772562,0.720726,10152,3256,silence_separator
u/ultimate.mp3,2.800000,0.777823,1.902902,0.877823,11407,3884,silence_separator
u/ultimately.mp3,3.080000,0.921587,2.073515,1.021587,12556,4510,silence_separator
u/ultraviolet.mp3,3.370000,1.060862,2.195283,1.160862,13706,5033,silence_separator
u/umbrella.mp3,2.720000,0.739592,1.874195,0.839592,11093,3779,silence_separator
u/unable.mp3,2.590000,0.667483,1.828571,0.767483,10570,3465,silence_separator
u/unanimous.mp3,3.130000,0.951791,2.104580,1.051791,12765,4615,silence_separator
u/unbearable.mp3,3.000000,0.865533,2.034150,0.965533,12242,4197,silence_separator
u/uncertain.mp3,2.820000,0.793878,1.927029,0.893878,11511,3988,silence_separator
u/uncle.mp3,2.510000,0.629705,1.788526,0.729705,10257,3256,silence_separator
u/uncomfortable.mp3,3.340000,1.040862,2.202132,1.140862,13601,4928,silence_separator
u/unconscious.mp3,3.290000,1.036961,2.169025,1.136961,13392,4928,silence_separator
u/uncover.mp3,2.770000,0.765351,1.922676,0.865351,11302,3883,silence_separator
u/under.mp3,2.320000,0.546893,1.686939,0.646893,9526,2943,silence_separator
u/underestimate.mp3,3.370000,1.072562,2.200635,1.172562,13705,5032,silence_separator
u/undergo.mp3,2.720000,0.739410,1.873288,0.839410,11093,3779,silence_separator
u/undergraduate.mp3,3.370000,1.081950,2.199365,1.181950,13705,5137,silence_separator
u/underground.mp3,2.950000,0.853923,1.993288,0.953923,12033,4197,silence_separator
u/underline.mp3,2.850000,0.814875,1.949070,0.914875,11615,3988,silence_separator
u/underlying.mp3,3.000000,0.887166,2.021814,0.987166,12242,4301,silence_separator
u/undermine.mp3,2.870000,0.826893,1.949252,0.926893,11720,4092,silence_separator
u/underneath.mp3,2.870000,0.806848,1.960227,0.906848,11720,3988,silence_separator
u/understand.mp3,3.060000,0.915329,2.050748,1.015329,12451,4406,silence_separator
u/understanding.mp3,3.270000,1.016508,2.163311,1.116508,13287,4823,silence_separator
u/undertake.mp3,2.980000,0.868571,2.008571,0.968571,12138,4197,silence_separator
u/undertaking.mp3,3.130000,0.959546,2.095147,1.059546,12765,4615,silence_separator
u/undo.mp3,2.460000,0.619501,1.749025,0.719501,10048,3256,silence_separator
u/undoubtedly.mp3,3.210000,0.981043,2.143537,1.081043,13078,4719,silence_separator
u/uneasy.mp3,2.770000,0.766440,1.925714,0.866440,11302,3883,silence_separator
u/unemployment.mp3,3.320000,1.045669,2.167528,1.145669,13496,4928,silence_separator
u/unexpected.mp3,3.240000,1.002222,2.126168,1.102222,13183,4823,silence_separator
u/unfair.mp3,2.770000,0.763900,1.904807,0.863900,11302,3779,silence_separator
u/unfold.mp3,2.720000,0.731655,1.891474,0.831655,11093,3674,silence_separator
u/unfortunate.mp3,3.210000,0.999501,2.119002,1.099501,13078,4823,silence_separator
u/unfortunately.mp3,3.580000,1.173878,2.321769,1.273878,14541,5450,silence_separator
u/unhappy.mp3,2.740000,0.745669,1.888481,0.845669,11197,3779,silence_separator
u/uniform.mp3,3.000000,0.881633,2.028889,0.981633,12243,4302,silence_separator
u/unify.mp3,2.930000,0.848299,1.984490,0.948299,11929,4197,silence_separator
u/union.mp3,2.560000,0.665079,1.800952,0.765079,10466,3466,silence_separator
u/unique.mp3,2.610000,0.685034,1.833333,0.785034,10675,3466,silence_separator
u/unit.mp3,2.560000,0.656780,1.800091,0.756780,10466,3361,silence_separator
u/unite.mp3,2.610000,0.687302,1.838503,0.787302,10675,3570,silence_separator
u/unity.mp3,2.640000,0.690023,1.854059,0.790023,10780,3570,silence_separator
u/universal.mp3,3.160000,0.934921,2.122177,1.034921,12870,4511,silence_separator
u/universe.mp3,3.000000,0.887619,2.028163,0.987619,12243,4302,silence_separator
u/university.mp3,3.210000,0.971565,2.143673,1.071565,13079,4615,silence_separator
u/unjust.mp3,2.690000,0.745351,1.860635,0.845351,10988,3779,silence_separator
u/unkind.mp3,2.800000,0.783220,1.924399,0.883220,11406,3883,silence_separator
u/unknown.mp3,2.590000,0.690884,1.800907,0.790884,10570,3570,silence_separator
u/unless.mp3,2.720000,0.747846,1.879592,0.847846,11093,3779,silence_separator
u/unlike.mp3,2.660000,0.711429,1.861451,0.811429,10884,3570,silence_separator
u/unlikely.mp3,2.980000,0.865125,2.025306,0.965125,12138,4197,silence_separator
u/unload.mp3,2.560000,0.677778,1.782404,0.777778,10466,3465,silence_separator
u/unlucky.mp3,2.820000,0.785351,1.932381,0.885351,11511,3883,silence_separator
u/unnecessary.mp3,3.450000,1.107029,2.255556,1.207029,14019,5241,silence_separator
u/unpleasant.mp3,3.110000,0.948753,2.060363,1.048753,12660,4615,silence_separator
u/unsatisfactory.mp3,3.870000,1.315102,2.466712,1.415102,15690,6077,silence_separator
u/unstable.mp3,2.950000,0.841451,2.008753,0.941451,12033,4092,silence_separator
u/unsuitable.mp3,3.060000,0.906621,2.067075,1.006621,12451,4406,silence_separator
u/until.mp3,2.720000,0.726168,1.891111,0.826168,11093,3675,silence_separator
u/unusual.mp3,2.950000,0.847029,2.005624,0.947029,12034,4197,silence_separator
u/unusually.mp3,3.130000,0.925488,2.097868,1.025488,12765,4511,silence_separator
u/unwilling.mp3,2.770000,0.766440,1.903356,0.866440,11302,3883,silence_separator
u/up.mp3,1.960000,0.366621,1.488163,0.466621,8063,2211,silence_separator
u/update.mp3,2.640000,0.712426,1.824717,0.812426,10779,3674,silence_separator
u/upgrade.mp3,2.510000,0.648345,1.745306,0.748345,10257,3361,silence_separator
u/uphold.mp3,2.510000,0.640544,1.777687,0.740544,10257,3361,silence_separator
u/upon.mp3,2.590000,0.692562,1.804172,0.792562,10570,3570,silence_separator
u/upper.mp3,2.300000,0.535964,1.677324,0.635964,9421,2943,silence_separator
u/upright.mp3,2.660000,0.719955,1.841814,0.819955,10884,3674,silence_separator
u/upset.mp3,2.770000,0.770522,1.904172,0.870522,11302,3883,silence_separator
u/upstairs.mp3,3.060000,0.934830,2.042449,1.034830,12451,4510,silence_separator
u/upward.mp3,2.320000,0.559637,1.676599,0.659637,9526,3047,silence_separator
u/upwards.mp3,2.740000,0.762086,1.883265,0.862086,11197,3779,silence_separator
u/urge.mp3,2.320000,0.571247,1.672971,0.671247,9526,3047,silence_separator
u/urgent.mp3,2.560000,0.662630,1.785986,0.762630,10466,3465,silence_separator
u/us.mp3,2.090000,0.449615,1.552154,0.549615,8585,2525,silence_separator
u/usage.mp3,2.900000,0.838413,1.972562,0.938413,11825,4093,silence_separator
u/use.mp3,2.460000,0.568435,1.699501,0.668435,10048,3048,silence_separator
u/used.mp3,2.320000,0.543401,1.670703,0.643401,9526,2943,silence_separator
u/useful.mp3,2.740000,0.723447,1.912200,0.823447,11198,3675,silence_separator
u/useless.mp3,2.900000,0.830159,1.972834,0.930159,11825,4093,silence_separator
u/user.mp3,2.530000,0.633469,1.809841,0.733469,10362,3257,silence_separator
u/usual.mp3,2.690000,0.715692,1.888435,0.815692,10989,3675,silence_separator
u/usually.mp3,2.870000,0.794966,1.977324,0.894966,11720,3988,silence_separator
u/utility.mp3,3.030000,0.873107,2.045533,0.973107,12347,4302,silence_separator
u/utilize.mp3,3.190000,0.969025,2.114649,1.069025,12974,4615,silence_separator
u/utmost.mp3,2.720000,0.754966,1.875601,0.854966,11093,3779,silence_separator
u/utter.mp3,2.190000,0.485351,1.620726,0.585351,9003,2734,silence_separator
v/vacant.mp3,2.690000,0.740000,1.862313,0.840000,10988,3779,silence_separator
v/vacation.mp3,3.060000,0.904263,2.046349,1.004263,12452,4406,silence_separator
v/vacuum.mp3,2.740000,0.757279,1.905533,0.857279,11198,3779,silence_separator
v/vague.mp3,2.270000,0.535283,1.637642,0.635283,9317,2943,silence_separator
v/vain.mp3,2.300000,0.552562,1.653787,0.652562,9421,2943,silence_separator
v/valid.mp3,2.400000,0.578821,1.718186,0.678821,9839,3048,silence_separator
v/validity.mp3,2.850000,0.793061,1.968118,0.893061,11616,3988,silence_separator
v/valley.mp3,2.460000,0.583810,1.759048,0.683810,10048,3152,silence_separator
v/valuable.mp3,2.800000,0.762177,1.943946,0.862177,11407,3779,silence_separator
v/value.mp3,2.590000,0.676599,1.819592,0.776599,10571,3466,silence_separator
v/valve.mp3,2.350000,0.565261,1.691474,0.665261,9631,3048,silence_separator
v/van.mp3,2.320000,0.540590,1.672653,0.640590,9526,2943,silence_separator
v/vanish.mp3,2.590000,0.683220,1.808209,0.783220,10571,3466,silence_separator
v/vanity.mp3,2.610000,0.665986,1.837415,0.765986,10675,3466,silence_separator
v/vapour.mp3,2.480000,0.617324,1.775510,0.717324,10152,3256,silence_separator
v/variable.mp3,2.850000,0.777642,1.977143,0.877642,11616,3884,silence_separator
v/variation.mp3,3.160000,0.966893,2.107166,1.066893,12870,4615,silence_separator
v/variety.mp3,2.850000,0.785578,1.960408,0.885578,11616,3884,silence_separator
v/various.mp3,2.870000,0.818277,1.967664,0.918277,11720,4093,silence_separator
v/vary.mp3,2.380000,0.551247,1.717778,0.651247,9735,2943,silence_separator
v/vase.mp3,2.320000,0.544762,1.688526,0.644762,9526,2943,silence_separator
v/vast.mp3,2.480000,0.612472,1.764943,0.712472,10153,3257,silence_separator
v/vegetable.mp3,2.820000,0.765896,1.952245,0.865896,11511,3884,silence_separator
v/vegetation.mp3,3.270000,1.010612,2.144308,1.110612,13288,4824,silence_separator
v/vehicle.mp3,2.560000,0.647937,1.822812,0.747937,10466,3361,silence_separator
v/veil.mp3,2.320000,0.540635,1.683401,0.640635,9526,2943,silence_separator
v/vein.mp3,2.300000,0.552562,1.653787,0.652562,9421,2943,silence_separator
v/velocity.mp3,3.030000,0.878503,2.047846,0.978503,12347,4302,silence_separator
v/velvet.mp3,2.610000,0.696327,1.839773,0.796327,10675,3570,silence_separator
v/vent.mp3,2.320000,0.547302,1.691610,0.647302,9526,2943,silence_separator
v/ventilate.mp3,3.000000,0.890658,2.024490,0.990658,12242,4301,silence_separator
v/venture.mp3,2.610000,0.686122,1.844082,0.786122,10675,3570,silence_separator
v/verb.mp3,2.120000,0.471293,1.558639,0.571293,8690,2629,silence_separator
v/verbal.mp3,2.430000,0.578186,1.765760,0.678186,9944,3048,silence_separator
v/verdict.mp3,2.610000,0.683991,1.829524,0.783991,10675,3466,silence_separator
v/verge.mp3,2.400000,0.587846,1.731973,0.687846,9839,3152,silence_separator
v/verify.mp3,2.850000,0.799955,1.936100,0.899955,11616,3988,silence_separator
v/versatile.mp3,2.770000,0.750748,1.933741,0.850748,11302,3779,silence_separator
v/verse.mp3,2.380000,0.572744,1.716236,0.672744,9735,3048,silence_separator
v/version.mp3,2.590000,0.666168,1.803900,0.766168,10571,3466,silence_separator
v/versus.mp3,2.850000,0.804807,1.967664,0.904807,11616,3988,silence_separator
v/vertical.mp3,2.690000,0.700862,1.891927,0.800862,10989,3570,silence_separator
v/very.mp3,2.380000,0.551247,1.717778,0.651247,9735,2943,silence_separator
v/vessel.mp3,2.530000,0.616689,1.807710,0.716689,10362,3257,silence_separator
v/vest.mp3,2.460000,0.597324,1.737415,0.697324,10048,3152,silence_separator
v/veteran.mp3,2.590000,0.672562,1.809342,0.772562,10571,3466,silence_separator
v/veto.mp3,2.480000,0.609070,1.769615,0.709070,10153,3257,silence_separator
v/vex.mp3,2.480000,0.624762,1.779365,0.724762,10153,3257,silence_separator
v/via.mp3,1.040000,0.394104,0.394104,0.394104,4406,2002,energy_valley
v/vibrate.mp3,2.800000,0.781270,1.923946,0.881270,11407,3884,silence_separator
v/vibration.mp3,3.030000,0.893651,2.029297,0.993651,12347,4302,silence_separator
v/vice.mp3,2.430000,0.588707,1.747075,0.688707,9944,3152,silence_separator
v/vicinity.mp3,2.900000,0.816689,1.988617,0.916689,11825,4093,silence_separator
v/vicious.mp3,2.660000,0.708707,1.849751,0.808707,10884,3570,silence_separator
v/victim.mp3,2.610000,0.692426,1.834422,0.792426,10675,3570,silence_separator
v/victorious.mp3,3.290000,1.021497,2.175510,1.121497,13392,4824,silence_separator
v/victory.mp3,2.720000,0.744308,1.897098,0.844308,11093,3779,silence_separator
v/video.mp3,2.690000,0.728798,1.880544,0.828798,10988,3674,silence_separator
v/view.mp3,2.270000,0.516644,1.665578,0.616644,9317,2839,silence_separator
v/viewpoint.mp3,2.900000,0.812472,1.972381,0.912472,11824,3988,silence_separator
v/vigorous.mp3,2.770000,0.755964,1.912290,0.855964,11302,3779,silence_separator
v/village.mp3,2.720000,0.758322,1.869615,0.858322,11093,3779,silence_separator
v/vine.mp3,2.320000,0.548073,1.699456,0.648073,9526,2943,silence_separator
v/vinegar.mp3,2.640000,0.681950,1.841361,0.781950,10780,3466,silence_separator
v/violate.mp3,2.870000,0.813968,1.958186,0.913968,11720,3988,silence_separator
v/violence.mp3,2.950000,0.852744,2.009206,0.952744,12034,4197,silence_separator
v/violent.mp3,2.740000,0.747211,1.891837,0.847211,11198,3779,silence_separator
v/violet.mp3,2.690000,0.726939,1.865351,0.826939,10989,3675,silence_separator
v/violin.mp3,2.770000,0.765805,1.905986,0.865805,11302,3884,silence_separator
v/virgin.mp3,2.610000,0.681859,1.813878,0.781859,10675,3466,silence_separator
v/virtual.mp3,2.690000,0.713243,1.896054,0.813243,10989,3675,silence_separator
v/virtually.mp3,2.800000,0.768980,1.953288,0.868980,11407,3884,silence_separator
v/virtue.mp3,2.640000,0.689615,1.833107,0.789615,10780,3570,silence_separator
v/virus.mp3,2.640000,0.687347,1.856372,0.787347,10779,3570,silence_separator
v/visible.mp3,2.610000,0.656961,1.838594,0.756961,10675,3361,silence_separator
v/vision.mp3,2.510000,0.647800,1.775692,0.747800,10257,3361,silence_separator
v/visit.mp3,2.560000,0.677188,1.801134,0.777188,10466,3465,silence_separator
v/visitor.mp3,2.590000,0.661859,1.810839,0.761859,10571,3466,silence_separator
v/visual.mp3,2.590000,0.654331,1.811247,0.754331,10571,3361,silence_separator
v/visualize.mp3,3.210000,0.983265,2.132245,1.083265,13079,4719,silence_separator
v/vital.mp3,2.430000,0.563719,1.747891,0.663719,9944,3048,silence_separator
v/vitamin.mp3,2.660000,0.699728,1.854921,0.799728,10884,3570,silence_separator
v/vivid.mp3,1.200000,0.437234,0.597506,0.517370,5032,2420,silence_separator
v/vocabulary.mp3,3.550000,1.136825,2.317778,1.236825,14437,5346,silence_separator
v/vocal.mp3,2.560000,0.639002,1.821497,0.739002,10466,3361,silence_separator
v/vocational.mp3,3.130000,0.928027,2.101179,1.028027,12765,4511,silence_separator
v/voice.mp3,2.560000,0.679728,1.805488,0.779728,10466,3465,silence_separator
v/void.mp3,2.400000,0.581769,1.727891,0.681769,9839,3152,silence_separator
v/volcano.mp3,2.950000,0.849070,2.020816,0.949070,12034,4197,silence_separator
v/volleyball.mp3,2.850000,0.779002,1.951837,0.879002,11616,3884,silence_separator
v/volt.mp3,2.430000,0.602494,1.728707,0.702494,9943,3152,silence_separator
v/volume.mp3,2.660000,0.721497,1.851111,0.821497,10884,3674,silence_separator
v/voluntary.mp3,3.190000,0.968707,2.125442,1.068707,12974,4615,silence_separator
v/volunteer.mp3,3.030000,0.873333,2.061179,0.973333,12347,4301,silence_separator
v/vote.mp3,2.350000,0.571882,1.685079,0.671882,9630,3047,silence_separator
v/voyage.mp3,2.720000,0.752834,1.878549,0.852834,11093,3779,silence_separator
v/vulgar.mp3,2.560000,0.639683,1.811927,0.739683,10466,3361,silence_separator
v/vulnerable.mp3,2.950000,0.847120,2.011565,0.947120,12033,4197,silence_separator
w/wage.mp3,2.610000,0.692925,1.822630,0.792925,10675,3570,silence_separator
w/waggon.mp3,2.430000,0.592426,1.726712,0.692426,9944,3152,silence_separator
w/waist.mp3,2.430000,0.587029,1.722766,0.687029,9944,3152,silence_separator
w/wait.mp3,2.380000,0.575374,1.712971,0.675374,9735,3048,silence_separator
w/waiter.mp3,2.380000,0.558639,1.720045,0.658639,9735,3048,silence_separator
w/wake.mp3,2.430000,0.565760,1.744580,0.665760,9944,3048,silence_separator
w/waken.mp3,2.460000,0.618095,1.746531,0.718095,10048,3257,silence_separator
w/walk.mp3,2.430000,0.574422,1.745714,0.674422,9944,3048,silence_separator
w/wall.mp3,2.320000,0.526485,1.685351,0.626485,9526,2839,silence_separator
w/wallet.mp3,2.610000,0.682948,1.819773,0.782948,10675,3466,silence_separator
w/wander.mp3,2.530000,0.630295,1.803628,0.730295,10362,3257,silence_separator
w/want.mp3,2.350000,0.549206,1.683039,0.649206,9631,2943,silence_separator
w/war.mp3,2.300000,0.532245,1.672290,0.632245,9422,2943,silence_separator
w/ward.mp3,2.270000,0.519683,1.642041,0.619683,9317,2839,silence_separator
w/warehouse.mp3,2.690000,0.736735,1.860907,0.836735,10989,3675,silence_separator
w/warfare.mp3,2.770000,0.749252,1.910522,0.849252,11302,3779,silence_separator
w/warm.mp3,2.320000,0.558776,1.675601,0.658776,9526,3048,silence_separator
w/warmth.mp3,2.480000,0.615011,1.762177,0.715011,10153,3257,silence_separator
w/warn.mp3,2.300000,0.547664,1.657279,0.647664,9422,2943,silence_separator
w/warrant.mp3,2.510000,0.635329,1.774739,0.735329,10257,3361,silence_separator
w/wash.mp3,2.320000,0.551610,1.674150,0.651610,9526,2943,silence_separator
w/waste.mp3,2.430000,0.587029,1.722585,0.687029,9944,3152,silence_separator
w/watch.mp3,2.480000,0.626440,1.759773,0.726440,10153,3257,silence_separator
w/water.mp3,2.400000,0.564671,1.730522,0.664671,9839,3048,silence_separator
w/waterfall.mp3,3.030000,0.878367,2.054875,0.978367,12347,4302,silence_separator
w/waterproof.mp3,3.080000,0.919229,2.065488,1.019229,12556,4406,silence_separator
w/watertight.mp3,3.080000,0.918503,2.070295,1.018503,12556,4406,silence_separator
w/watt.mp3,2.320000,0.544308,1.680680,0.644308,9526,2943,silence_separator
w/wave.mp3,2.320000,0.561723,1.666576,0.661723,9526,3048,silence_separator
w/wavelength.mp3,2.850000,0.782177,1.951156,0.882177,11616,3884,silence_separator
w/wax.mp3,2.560000,0.657370,1.798413,0.757370,10466,3361,silence_separator
w/way.mp3,2.220000,0.480181,1.623356,0.580181,9108,2734,silence_separator
w/we.mp3,2.090000,0.426395,1.564490,0.526395,8586,2525,silence_separator
w/weak.mp3,2.350000,0.535828,1.707483,0.635828,9631,2943,silence_separator
w/weaken.mp3,2.480000,0.619909,1.758821,0.719909,10153,3257,silence_separator
w/weakness.mp3,2.900000,0.812653,1.975057,0.912653,11825,3988,silence_separator
w/wealth.mp3,2.300000,0.508027,1.666213,0.608027,9422,2839,silence_separator
w/wealthy.mp3,2.530000,0.640590,1.787800,0.740590,10362,3361,silence_separator
w/weapon.mp3,2.480000,0.625306,1.756417,0.725306,10153,3257,silence_separator
w/wear.mp3,2.300000,0.525986,1.671202,0.625986,9422,2839,silence_separator
w/weary.mp3,2.400000,0.565034,1.737506,0.665034,9839,3048,silence_separator
w/weather.mp3,2.380000,0.558594,1.715828,0.658594,9735,3048,silence_separator
w/weave.mp3,2.270000,0.523900,1.644943,0.623900,9317,2839,silence_separator
w/web.mp3,2.040000,0.409887,1.505215,0.509887,8377,2421,silence_separator
w/wedding.mp3,2.380000,0.571429,1.715828,0.671429,9735,3048,silence_separator
w/wedge.mp3,2.530000,0.648163,1.782132,0.748163,10362,3361,silence_separator
w/wednesday.mp3,2.850000,0.798730,1.950476,0.898730,11616,3988,silence_separator
w/weed.mp3,2.190000,0.471247,1.615193,0.571247,9004,2630,silence_separator
w/week.mp3,2.350000,0.535828,1.707483,0.635828,9631,2943,silence_separator
w/weekday.mp3,2.660000,0.705624,1.866259,0.805624,10884,3570,silence_separator
w/weekend.mp3,2.660000,0.711066,1.876236,0.811066,10884,3570,silence_separator
w/weekly.mp3,2.660000,0.696735,1.871791,0.796735,10884,3570,silence_separator
w/weep.mp3,2.170000,0.462358,1.595147,0.562358,8899,2630,silence_separator
w/weigh.mp3,2.220000,0.480181,1.623356,0.580181,9108,2734,silence_separator
w/weight.mp3,2.380000,0.576054,1.712971,0.676054,9735,3048,silence_separator
w/welcome.mp3,2.560000,0.652880,1.801406,0.752880,10466,3361,silence_separator
w/weld.mp3,2.270000,0.512971,1.666712,0.612971,9317,2839,silence_separator
w/welfare.mp3,2.800000,0.768073,1.919637,0.868073,11407,3884,silence_separator
w/well.mp3,2.220000,0.487664,1.643084,0.587664,9108,2734,silence_separator
w/west.mp3,2.430000,0.583129,1.723265,0.683129,9944,3152,silence_separator
w/western.mp3,2.740000,0.751655,1.873016,0.851655,11198,3779,silence_separator
w/westward.mp3,2.660000,0.713243,1.844762,0.813243,10884,3675,silence_separator
w/wet.mp3,2.400000,0.583039,1.716190,0.683039,9839,3152,silence_separator
w/what.mp3,2.320000,0.544308,1.680680,0.644308,9526,2943,silence_separator
w/whatever.mp3,2.660000,0.700816,1.860136,0.800816,10884,3570,silence_separator
w/wheat.mp3,2.320000,0.540544,1.689025,0.640544,9526,2943,silence_separator
w/wheel.mp3,2.190000,0.472562,1.629388,0.572562,9004,2630,silence_separator
w/when.mp3,2.270000,0.521043,1.636961,0.621043,9317,2839,silence_separator
w/whenever.mp3,2.610000,0.679229,1.832063,0.779229,10675,3466,silence_separator
w/where.mp3,2.300000,0.525986,1.671202,0.625986,9422,2839,silence_separator
w/whereas.mp3,2.800000,0.774830,1.904263,0.874830,11407,3884,silence_separator
w/whereby.mp3,2.590000,0.674014,1.814603,0.774014,10571,3466,silence_separator
w/wherever.mp3,2.660000,0.713469,1.857823,0.813469,10884,3675,silence_separator
w/whether.mp3,2.380000,0.558594,1.715737,0.658594,9735,3048,silence_separator
w/which.mp3,2.350000,0.560952,1.693469,0.660952,9631,3048,silence_separator
w/whichever.mp3,2.770000,0.769342,1.921814,0.869342,11302,3883,silence_separator
w/while.mp3,2.350000,0.542358,1.698957,0.642358,9631,2943,silence_separator
w/whilst.mp3,2.530000,0.656145,1.791066,0.756145,10362,3361,silence_separator
w/whip.mp3,2.220000,0.486803,1.647710,0.586803,9108,2734,silence_separator
w/whirl.mp3,2.190000,0.473741,1.621950,0.573741,9004,2630,silence_separator
w/whisky.mp3,2.640000,0.687891,1.850703,0.787891,10780,3570,silence_separator
w/whisper.mp3,2.640000,0.678730,1.848073,0.778730,10780,3466,silence_separator
w/whistle.mp3,2.530000,0.620045,1.806395,0.720045,10362,3257,silence_separator
w/white.mp3,2.400000,0.584580,1.727528,0.684580,9839,3152,silence_separator
w/whitewash.mp3,2.870000,0.823084,1.951338,0.923084,11720,4093,silence_separator
w/who.mp3,2.190000,0.470658,1.656145,0.570658,9003,2629,silence_separator
w/whoever.mp3,2.610000,0.673152,1.855011,0.773152,10675,3466,silence_separator
w/whole.mp3,2.300000,0.495646,1.688209,0.595646,9421,2734,silence_separator
w/wholly.mp3,2.480000,0.606848,1.789433,0.706848,10153,3152,silence_separator
w/whom.mp3,2.220000,0.484354,1.617551,0.584354,9108,2734,silence_separator
w/whose.mp3,2.400000,0.576327,1.724172,0.676327,9839,3047,silence_separator
w/why.mp3,2.220000,0.495011,1.622268,0.595011,9108,2734,silence_separator
w/wicked.mp3,2.400000,0.583673,1.719592,0.683673,9839,3152,silence_separator
w/wide.mp3,2.350000,0.543129,1.712608,0.643129,9631,2943,silence_separator
w/widely.mp3,2.610000,0.662585,1.831882,0.762585,10675,3466,silence_separator
w/widen.mp3,2.380000,0.570204,1.697596,0.670204,9735,3048,silence_separator
w/widespread.mp3,2.930000,0.843175,1.975918,0.943175,11929,4197,silence_separator
w/widow.mp3,2.430000,0.580590,1.755420,0.680590,9944,3048,silence_separator
w/width.mp3,2.190000,0.471156,1.622313,0.571156,9004,2630,silence_separator
w/wife.mp3,2.530000,0.629932,1.794467,0.729932,10362,3257,silence_separator
w/wild.mp3,2.380000,0.545215,1.712154,0.645215,9735,2943,silence_separator
w/will.mp3,2.220000,0.478639,1.632336,0.578639,9108,2734,silence_separator
w/willing.mp3,2.530000,0.645488,1.793923,0.745488,10362,3361,silence_separator
w/win.mp3,2.270000,0.518458,1.644943,0.618458,9317,2839,silence_separator
w/wind.mp3,2.220000,0.477732,1.623311,0.577732,9108,2734,silence_separator
w/window.mp3,2.560000,0.640363,1.807710,0.740363,10466,3361,silence_separator
w/wine.mp3,2.350000,0.549569,1.684036,0.649569,9631,2943,silence_separator
w/wing.mp3,2.270000,0.517506,1.647619,0.617506,9317,2839,silence_separator
w/winner.mp3,2.300000,0.526803,1.691746,0.626803,9422,2839,silence_separator
w/winter.mp3,2.480000,0.609796,1.771156,0.709796,10153,3257,silence_separator
w/wipe.mp3,2.270000,0.505488,1.667029,0.605488,9317,2839,silence_separator
w/wire.mp3,2.430000,0.580272,1.742812,0.680272,9944,3048,silence_separator
w/wireless.mp3,2.950000,0.846122,1.990023,0.946122,12034,4197,silence_separator
w/wisdom.mp3,2.590000,0.673152,1.817188,0.773152,10571,3466,silence_separator
w/wise.mp3,2.640000,0.709932,1.851655,0.809932,10779,3570,silence_separator
w/wish.mp3,2.320000,0.550567,1.674921,0.650567,9526,2943,silence_separator
w/wit.mp3,2.300000,0.527211,1.667528,0.627211,9422,2839,silence_separator
w/with.mp3,2.120000,0.447846,1.581088,0.547846,8690,2525,silence_separator
w/withdraw.mp3,2.610000,0.711111,1.806122,0.811111,10675,3570,silence_separator
w/withhold.mp3,2.640000,0.702222,1.852154,0.802222,10779,3570,silence_separator
w/within.mp3,2.590000,0.675964,1.797279,0.775964,10571,3466,silence_separator
w/without.mp3,2.610000,0.686122,1.811973,0.786122,10675,3570,silence_separator
w/withstand.mp3,2.900000,0.825170,1.974331,0.925170,11825,4093,silence_separator
w/witness.mp3,2.740000,0.739864,1.891519,0.839864,11198,3779,silence_separator
w/wolf.mp3,2.480000,0.619274,1.763810,0.719274,10153,3257,silence_separator
w/woman.mp3,2.460000,0.617506,1.752698,0.717506,10048,3257,silence_separator
w/wonder.mp3,2.560000,0.644444,1.808707,0.744444,10466,3361,silence_separator
w/wonderful.mp3,2.900000,0.812472,2.000635,0.912472,11825,3988,silence_separator
w/wood.mp3,2.220000,0.472789,1.629932,0.572789,9108,2630,silence_separator
w/wooden.mp3,2.320000,0.533152,1.673968,0.633152,9526,2943,silence_separator
w/wool.mp3,2.300000,0.517098,1.680091,0.617098,9422,2839,silence_separator
w/woollen.mp3,2.530000,0.655964,1.795193,0.755964,10362,3361,silence_separator
w/word.mp3,2.220000,0.508617,1.634195,0.608617,9108,2838,silence_separator
w/work.mp3,2.350000,0.546984,1.702404,0.646984,9631,2943,silence_separator
w/worker.mp3,2.480000,0.608435,1.768299,0.708435,10153,3257,silence_separator
w/workman.mp3,2.640000,0.690658,1.829116,0.790658,10780,3570,silence_separator
w/workshop.mp3,2.720000,0.729841,1.887528,0.829841,11093,3675,silence_separator
w/world.mp3,2.270000,0.498866,1.667528,0.598866,9317,2734,silence_separator
w/worm.mp3,2.300000,0.535556,1.654014,0.635556,9422,2943,silence_separator
w/worry.mp3,2.400000,0.567846,1.735646,0.667846,9839,3048,silence_separator
w/worse.mp3,2.400000,0.604626,1.719637,0.704626,9839,3152,silence_separator
w/worship.mp3,2.610000,0.671519,1.829841,0.771519,10675,3466,silence_separator
w/worst.mp3,2.400000,0.596780,1.727982,0.696780,9839,3152,silence_separator
w/worth.mp3,2.220000,0.487755,1.650748,0.587755,9108,2734,silence_separator
w/worthless.mp3,2.820000,0.788889,1.930930,0.888889,11511,3884,silence_separator
w/worthwhile.mp3,2.850000,0.783537,1.948435,0.883537,11616,3884,silence_separator
w/worthy.mp3,2.460000,0.589025,1.756417,0.689025,10048,3152,silence_separator
w/would.mp3,2.220000,0.472789,1.629932,0.572789,9108,2630,silence_separator
w/wound.mp3,2.270000,0.516281,1.654376,0.616281,9317,2839,silence_separator
w/wrap.mp3,2.300000,0.533787,1.670431,0.633787,9421,2943,silence_separator
w/wreath.mp3,2.270000,0.515918,1.651519,0.615918,9317,2838,silence_separator
w/wreck.mp3,2.400000,0.573515,1.729388,0.673515,9839,3047,silence_separator
w/wrench.mp3,2.400000,0.596190,1.712336,0.696190,9839,3152,silence_separator
w/wretched.mp3,2.510000,0.651791,1.778639,0.751791,10257,3361,silence_separator
w/wrinkle.mp3,2.510000,0.613515,1.790204,0.713515,10257,3257,silence_separator
w/wrist.mp3,2.350000,0.551111,1.679320,0.651111,9630,2943,silence_separator
w/write.mp3,2.460000,0.604898,1.738957,0.704898,10048,3152,silence_separator
w/writer.mp3,2.430000,0.569252,1.740862,0.669252,9944,3048,silence_separator
w/writing.mp3,2.480000,0.613243,1.759546,0.713243,10153,3257,silence_separator
w/wrong.mp3,2.430000,0.603220,1.724943,0.703220,9944,3152,silence_separator
y/yacht.mp3,2.350000,0.555238,1.683673,0.655238,9631,3048,silence_separator
y/yard.mp3,2.250000,0.526168,1.640181,0.626168,9212,2838,silence_separator
y/yawn.mp3,2.380000,0.576100,1.703220,0.676100,9735,3048,silence_separator
y/year.mp3,2.380000,0.552472,1.720408,0.652472,9735,2943,silence_separator
y/yearly.mp3,2.640000,0.674059,1.848435,0.774059,10780,3466,silence_separator
y/yell.mp3,2.300000,0.511293,1.673515,0.611293,9422,2839,silence_separator
y/yellow.mp3,2.530000,0.635374,1.809932,0.735374,10362,3361,silence_separator
y/yes.mp3,2.560000,0.659048,1.810884,0.759048,10466,3361,silence_separator
y/yesterday.mp3,2.900000,0.822268,1.983039,0.922268,11825,4093,silence_separator
y/yet.mp3,2.400000,0.576372,1.715646,0.676372,9839,3048,silence_separator
y/yield.mp3,2.320000,0.538005,1.685125,0.638005,9526,2943,silence_separator
y/yoke.mp3,2.400000,0.580136,1.711655,0.680136,9839,3048,silence_separator
y/you.mp3,2.270000,0.515193,1.666757,0.615193,9317,2839,silence_separator
y/young.mp3,2.320000,0.545079,1.669433,0.645079,9526,2943,silence_separator
y/youngster.mp3,2.740000,0.736689,1.907755,0.836689,11198,3675,silence_separator
y/your.mp3,2.270000,0.510249,1.657868,0.610249,9317,2839,silence_separator
y/yourself.mp3,2.900000,0.827211,1.975737,0.927211,11825,4093,silence_separator
y/youth.mp3,2.380000,0.555329,1.721814,0.655329,9735,3048,silence_separator
y/youthful.mp3,2.690000,0.701995,1.887528,0.801995,10989,3570,silence_separator
z/zeal.mp3,2.400000,0.577732,1.727438,0.677732,9839,3047,silence_separator
z/zealous.mp3,2.720000,0.747755,1.879184,0.847755,11093,3779,silence_separator
z/zebra.mp3,2.530000,0.647937,1.780181,0.747937,10361,3361,silence_separator
z/zero.mp3,2.610000,0.683673,1.826667,0.783673,10675,3465,silence_separator
z/zinc.mp3,2.460000,0.625442,1.758866,0.725442,10048,3256,silence_separator
z/zone.mp3,2.350000,0.577642,1.685261,0.677642,9630,3047,silence_separator
z/zoo.mp3,2.430000,0.587891,1.720680,0.687891,9944,3152,silence_separator
